xpath,variable_name,description,location_code_xsd,location_code_family,location_code,form,form_type,form_part,form_line_number,variable_scope,data_type_xsd,data_type_simple,rdb_relationship,rdb_table,required,versions,latest_version,duplicated,current_version,production_rule,validated
/Return/ReturnData/IRS990EZ/InfoInScheduleOPartI,F9_01_INFO_SCHED_O_X,Schedule O contains a response to a question in Part I,[InfoInScheduleOPartI] Part I,F990-EZ-PART-01-LINE-00,F990-EZ-PART-01-LINE-00,F990,EZ,PART-01,Line 00,EZ,CheckboxType,checkbox,ONE,F9-P01-T00-SUMMARY-EZ,,2010v3.2;2010v3.4;2010v3.6;2010v3.7;2011v1.2;2011v1.3;2011v1.4;2011v1.5;2012v2.0;2012v2.1;2012v2.2;2012v2.3;2012v3.0,2012,F,T,,
/Return/ReturnData/IRS990EZ/InfoInScheduleOPartIInd,F9_01_INFO_SCHED_O_X,Schedule O contains a response to a question in Part I,[InfoInScheduleOPartIInd] Part I,F990-EZ-PART-01-LINE-00,F990-EZ-PART-01-LINE-00,F990,EZ,PART-01,Line 00,EZ,CheckboxType,checkbox,ONE,F9-P01-T00-SUMMARY-EZ,,2013v3.0;2013v3.1;2013v4.0;2014v5.0;2014v6.0;2015v2.0;2015v2.1;2015v3.0;2016v3.0,2016,F,T,,
/Return/ReturnData/IRS990EZ/FeesAndOtherPymtToIndCntrctAmt,F9_01_EXP_FEE_OTH_PAY_KONTR,Professional fees and other payments to independent contractors,[FeesAndOtherPymtToIndCntrctAmt] Part I Line 13,F990-EZ-PART-01-LINE-13,F990-EZ-PART-01-LINE-13,F990,EZ,PART-01,Line 13,EZ,USAmountNNType,numeric,ONE,F9-P01-T00-SUMMARY-EZ,,2013v3.0;2013v3.1;2013v4.0;2014v5.0;2014v6.0;2015v2.0;2015v2.1;2015v3.0;2016v3.0,2016,F,T,,
/Return/ReturnData/IRS990EZ/FeesAndOthPymtToIndContracters,F9_01_EXP_FEE_OTH_PAY_KONTR,Professional fees and other payments to independent contractors,,F990-EZ-PART-01-LINE-13,F990-EZ-PART-01-LINE-13,F990,EZ,PART-01,Line 13,EZ,,numeric,ONE,F9-P01-T00-SUMMARY-EZ,,,,,,,
/Return/ReturnData/IRS990EZ/FeesAndOthPymtToIndContractors,F9_01_EXP_FEE_OTH_PAY_KONTR,Professional fees and other payments to independent contractors,[FeesAndOthPymtToIndContractors] Part I Line 13,F990-EZ-PART-01-LINE-13,F990-EZ-PART-01-LINE-13,F990,EZ,PART-01,Line 13,EZ,USAmountNNType,numeric,ONE,F9-P01-T00-SUMMARY-EZ,,2009v1.0;2009v1.1;2009v1.2;2009v1.3;2009v1.4;2009v1.7;2010v3.2;2010v3.4;2010v3.6;2010v3.7;2011v1.2;2011v1.3;2011v1.4;2011v1.5;2012v2.0;2012v2.1;2012v2.2;2012v2.3;2012v3.0,2012,F,T,,
/Return/ReturnData/IRS990/ActivityOrMissionDesc,F9_01_ACT_GVRN_ACT_MISSION,Organization mission or most signif activities,[ActivityOrMissionDesc] Part I Line 1,F990-PC-PART-01-LINE-01,F990-PC-PART-01-LINE-01,F990,PC,PART-01,Line 01,PC,ShortExplanationType,text,ONE,F9-P01-T00-SUMMARY,FALSE,2013v3.0;2013v3.1;2013v4.0;2014v5.0;2014v6.0;2015v2.0;2015v2.1;2015v3.0;2016v3.0,2016,F,T,,
/Return/ReturnData/IRS990/ActivityOrMissionDescription,F9_01_ACT_GVRN_ACT_MISSION,Organization mission or most signif activities,[ActivityOrMissionDescription] Part I Line 1,F990-PC-PART-01-LINE-01,F990-PC-PART-01-LINE-01,F990,PC,PART-01,Line 01,PC,ShortExplanationType,text,ONE,F9-P01-T00-SUMMARY,FALSE,2009v1.0;2009v1.1;2009v1.2;2009v1.3;2009v1.4;2009v1.7;2010v3.2;2010v3.4;2010v3.6;2010v3.7;2011v1.2;2011v1.3;2011v1.4;2011v1.5;2012v2.0;2012v2.1;2012v2.2;2012v2.3;2012v3.0,2012,F,T,,
/Return/ReturnData/IRS990/Form990PartI/ActivityOrMissionDescription,F9_01_ACT_GVRN_ACT_MISSION,Activity or mission description,,F990-PC-PART-01-LINE-01,F990-PC-PART-01-LINE-01,F990,PC,PART-01,Line 01,PC,,text,ONE,F9-P01-T00-SUMMARY,,,,,,,
/Return/ReturnData/IRS990/ContractTerminationInd,F9_01_ACT_GVRN_TERMIN_KONTR_X,Termination or contraction,[ContractTerminationInd] Part I Line 2,F990-PC-PART-01-LINE-02,F990-PC-PART-01-LINE-02,F990,PC,PART-01,Line 02,PC,CheckboxType,checkbox,ONE,F9-P01-T00-SUMMARY,,2013v3.0;2013v3.1;2013v4.0;2014v5.0;2014v6.0;2015v2.0;2015v2.1;2015v3.0;2016v3.0,2016,F,T,,
/Return/ReturnData/IRS990/Form990PartI/TerminationOrContraction,F9_01_ACT_GVRN_TERMIN_KONTR_X,Termination or contraction,,F990-PC-PART-01-LINE-02,F990-PC-PART-01-LINE-02,F990,PC,PART-01,Line 02,PC,,checkbox,ONE,F9-P01-T00-SUMMARY,,,,,,,
/Return/ReturnData/IRS990/TerminationOrContraction,F9_01_ACT_GVRN_TERMIN_KONTR_X,Termination or contraction,[TerminationOrContraction] Part I Line 2,F990-PC-PART-01-LINE-02,F990-PC-PART-01-LINE-02,F990,PC,PART-01,Line 02,PC,CheckboxType,checkbox,ONE,F9-P01-T00-SUMMARY,,2009v1.0;2009v1.1;2009v1.2;2009v1.3;2009v1.4;2009v1.7;2010v3.2;2010v3.4;2010v3.6;2010v3.7;2011v1.2;2011v1.3;2011v1.4;2011v1.5;2012v2.0;2012v2.1;2012v2.2;2012v2.3;2012v3.0,2012,F,T,,
/Return/ReturnData/IRS990/Form990PartI/NbrVotingMembersGoverningBody,F9_01_ACT_GVRN_NUM_VOTE_MEMB,Number voting members governing body,,F990-PC-PART-01-LINE-03,F990-PC-PART-01-LINE-03,F990,PC,PART-01,Line 03,PC,IntegerNNType,numeric,ONE,F9-P01-T00-SUMMARY,,,,,,,
/Return/ReturnData/IRS990/NbrVotingMembersGoverningBody,F9_01_ACT_GVRN_NUM_VOTE_MEMB,Number of voting members of gov body,[NbrVotingMembersGoverningBody] Part I Line 3,F990-PC-PART-01-LINE-03,F990-PC-PART-01-LINE-03,F990,PC,PART-01,Line 03,PC,IntegerNNType,numeric,ONE,F9-P01-T00-SUMMARY,FALSE,2009v1.0;2009v1.1;2009v1.2;2009v1.3;2009v1.4;2009v1.7;2010v3.2;2010v3.4;2010v3.6;2010v3.7;2011v1.2;2011v1.3;2011v1.4;2011v1.5;2012v2.0;2012v2.1;2012v2.2;2012v2.3;2012v3.0,2012,F,T,,
/Return/ReturnData/IRS990/VotingMembersGoverningBodyCnt,F9_01_ACT_GVRN_NUM_VOTE_MEMB,Number of voting members of gov body,[VotingMembersGoverningBodyCnt] Part I Line 3,F990-PC-PART-01-LINE-03,F990-PC-PART-01-LINE-03,F990,PC,PART-01,Line 03,PC,IntegerNNType,numeric,ONE,F9-P01-T00-SUMMARY,FALSE,2013v3.0;2013v3.1;2013v4.0;2014v5.0;2014v6.0;2015v2.0;2015v2.1;2015v3.0;2016v3.0,2016,F,T,,
/Return/ReturnData/IRS990/Form990PartI/NbrIndependentVotingMembers,F9_01_ACT_GVRN_NUM_VOTE_MEMB_IND,Number independent voting members,,F990-PC-PART-01-LINE-04,F990-PC-PART-01-LINE-04,F990,PC,PART-01,Line 04,PC,IntegerNNType,numeric,ONE,F9-P01-T00-SUMMARY,,,,,,,
/Return/ReturnData/IRS990/NbrIndependentVotingMembers,F9_01_ACT_GVRN_NUM_VOTE_MEMB_IND,Number of indep voting members of gov body,[NbrIndependentVotingMembers] Part I Line 4,F990-PC-PART-01-LINE-04,F990-PC-PART-01-LINE-04,F990,PC,PART-01,Line 04,PC,IntegerNNType,numeric,ONE,F9-P01-T00-SUMMARY,FALSE,2009v1.0;2009v1.1;2009v1.2;2009v1.3;2009v1.4;2009v1.7;2010v3.2;2010v3.4;2010v3.6;2010v3.7;2011v1.2;2011v1.3;2011v1.4;2011v1.5;2012v2.0;2012v2.1;2012v2.2;2012v2.3;2012v3.0,2012,F,T,,
/Return/ReturnData/IRS990/VotingMembersIndependentCnt,F9_01_ACT_GVRN_NUM_VOTE_MEMB_IND,Number of indep voting members of gov body,[VotingMembersIndependentCnt] Part I Line 4,F990-PC-PART-01-LINE-04,F990-PC-PART-01-LINE-04,F990,PC,PART-01,Line 04,PC,IntegerNNType,numeric,ONE,F9-P01-T00-SUMMARY,FALSE,2013v3.0;2013v3.1;2013v4.0;2014v5.0;2014v6.0;2015v2.0;2015v2.1;2015v3.0;2016v3.0,2016,F,T,,
/Return/ReturnData/IRS990/Form990PartI/TotalNbrEmployees,F9_01_ACT_GVRN_EMPL_TOT,total Number employees,,F990-PC-PART-01-LINE-05,F990-PC-PART-01-LINE-05,F990,PC,PART-01,Line 05,PC,IntegerNNType,numeric,ONE,F9-P01-T00-SUMMARY,,,,,,,
/Return/ReturnData/IRS990/TotalEmployeeCnt,F9_01_ACT_GVRN_EMPL_TOT,Tot Individuals Employed,[TotalEmployeeCnt] Part I Line 5,F990-PC-PART-01-LINE-05,F990-PC-PART-01-LINE-05,F990,PC,PART-01,Line 05,PC,IntegerNNType,numeric,ONE,F9-P01-T00-SUMMARY,FALSE,2013v3.0;2013v3.1;2013v4.0;2014v5.0;2014v6.0;2015v2.0;2015v2.1;2015v3.0;2016v3.0,2016,F,T,,
/Return/ReturnData/IRS990/TotalNbrEmployees,F9_01_ACT_GVRN_EMPL_TOT,Tot Individuals Employed,[TotalNbrEmployees] Part I Line 5,F990-PC-PART-01-LINE-05,F990-PC-PART-01-LINE-05,F990,PC,PART-01,Line 05,PC,IntegerNNType,numeric,ONE,F9-P01-T00-SUMMARY,FALSE,2009v1.0;2009v1.1;2009v1.2;2009v1.3;2009v1.4;2009v1.7;2010v3.2;2010v3.4;2010v3.6;2010v3.7;2011v1.2;2011v1.3;2011v1.4;2011v1.5;2012v2.0;2012v2.1;2012v2.2;2012v2.3;2012v3.0,2012,F,T,,
/Return/ReturnData/IRS990/Form990PartI/TotalNbrVolunteers,F9_01_ACT_GVRN_VOL_TOT,Total number volunteers,,F990-PC-PART-01-LINE-06,F990-PC-PART-01-LINE-06,F990,PC,PART-01,Line 06,PC,IntegerNNType,numeric,ONE,F9-P01-T00-SUMMARY,,,,,,,
/Return/ReturnData/IRS990/TotalNbrVolunteers,F9_01_ACT_GVRN_VOL_TOT,Tot Volunteers,[TotalNbrVolunteers] Part I Line 6,F990-PC-PART-01-LINE-06,F990-PC-PART-01-LINE-06,F990,PC,PART-01,Line 06,PC,IntegerNNType,numeric,ONE,F9-P01-T00-SUMMARY,FALSE,2009v1.0;2009v1.1;2009v1.2;2009v1.3;2009v1.4;2009v1.7;2010v3.2;2010v3.4;2010v3.6;2010v3.7;2011v1.2;2011v1.3;2011v1.4;2011v1.5;2012v2.0;2012v2.1;2012v2.2;2012v2.3;2012v3.0,2012,F,T,,
/Return/ReturnData/IRS990/TotalVolunteersCnt,F9_01_ACT_GVRN_VOL_TOT,Tot Volunteers,[TotalVolunteersCnt] Part I Line 6,F990-PC-PART-01-LINE-06,F990-PC-PART-01-LINE-06,F990,PC,PART-01,Line 06,PC,IntegerNNType,numeric,ONE,F9-P01-T00-SUMMARY,FALSE,2013v3.0;2013v3.1;2013v4.0;2014v5.0;2014v6.0;2015v2.0;2015v2.1;2015v3.0;2016v3.0,2016,F,T,,
/Return/ReturnData/IRS990/Form990PartI/TotalGrossUBI,F9_01_ACT_GVRN_UBIZ_REV_TOT,Total gross UBI,,F990-PC-PART-01-LINE-07A,F990-PC-PART-01-LINE-07A,F990,PC,PART-01,Line 07a,PC,USAmountType,numeric,ONE,F9-P01-T00-SUMMARY,,,,,,,
/Return/ReturnData/IRS990/TotalGrossUBI,F9_01_ACT_GVRN_UBIZ_REV_TOT,Tot unrelated business revenue - gross,[TotalGrossUBI] Part I Line 7a,F990-PC-PART-01-LINE-07A,F990-PC-PART-01-LINE-07A,F990,PC,PART-01,Line 07a,PC,USAmountType,numeric,ONE,F9-P01-T00-SUMMARY,FALSE,2009v1.0;2009v1.1;2009v1.2;2009v1.3;2009v1.4;2009v1.7;2010v3.2;2010v3.4;2010v3.6;2010v3.7;2011v1.2;2011v1.3;2011v1.4;2011v1.5;2012v2.0;2012v2.1;2012v2.2;2012v2.3;2012v3.0,2012,F,T,,
/Return/ReturnData/IRS990/TotalGrossUBIAmt,F9_01_ACT_GVRN_UBIZ_REV_TOT,Tot unrelated business revenue - gross,[TotalGrossUBIAmt] Part I Line 7a,F990-PC-PART-01-LINE-07A,F990-PC-PART-01-LINE-07A,F990,PC,PART-01,Line 07a,PC,USAmountType,numeric,ONE,F9-P01-T00-SUMMARY,FALSE,2013v3.0;2013v3.1;2013v4.0;2014v5.0;2014v6.0;2015v2.0;2015v2.1;2015v3.0;2016v3.0,2016,F,T,,
/Return/ReturnData/IRS990/Form990PartI/NetUnrelatedBusinessTxblIncome,F9_01_ACT_GVRN_UBIZ_TAXABLE_NET,Net unrelated business taxable income,,F990-PC-PART-01-LINE-07B,F990-PC-PART-01-LINE-07B,F990,PC,PART-01,Line 07b,PC,USAmountType,numeric,ONE,F9-P01-T00-SUMMARY,,,,,,,
/Return/ReturnData/IRS990/NetUnrelatedBusinessTxblIncome,F9_01_ACT_GVRN_UBIZ_TAXABLE_NET,Tot unrelated business revenue - net,[NetUnrelatedBusinessTxblIncome] Part I Line 7b,F990-PC-PART-01-LINE-07B,F990-PC-PART-01-LINE-07B,F990,PC,PART-01,Line 07b,PC,USAmountType,numeric,ONE,F9-P01-T00-SUMMARY,FALSE,2009v1.0;2009v1.1;2009v1.2;2009v1.3;2009v1.4;2009v1.7;2010v3.2;2010v3.4;2010v3.6;2010v3.7;2011v1.2;2011v1.3;2011v1.4;2011v1.5;2012v2.0;2012v2.1;2012v2.2;2012v2.3;2012v3.0,2012,F,T,,
/Return/ReturnData/IRS990/NetUnrelatedBusTxblIncmAmt,F9_01_ACT_GVRN_UBIZ_TAXABLE_NET,Tot unrelated business revenue - net,[NetUnrelatedBusTxblIncmAmt] Part I Line 7b,F990-PC-PART-01-LINE-07B,F990-PC-PART-01-LINE-07B,F990,PC,PART-01,Line 07b,PC,USAmountType,numeric,ONE,F9-P01-T00-SUMMARY,FALSE,2013v3.0;2013v3.1;2013v4.0;2014v5.0;2014v6.0;2015v2.0;2015v2.1;2015v3.0;2016v3.0,2016,F,T,,
/Return/ReturnData/IRS990/ContributionsGrantsCurrentYear,F9_01_REV_CONTR_TOT_CY,Contributions and grants - current year,[ContributionsGrantsCurrentYear] Part I Line 8,F990-PC-PART-01-LINE-08-CY,F990-PC-PART-01-LINE-08-CY,F990,PC,PART-01,Line 08 CY,PZ,USAmountType,numeric,ONE,F9-P01-T00-SUMMARY,FALSE,2009v1.0;2009v1.1;2009v1.2;2009v1.3;2009v1.4;2009v1.7;2010v3.2;2010v3.4;2010v3.6;2010v3.7;2011v1.2;2011v1.3;2011v1.4;2011v1.5;2012v2.0;2012v2.1;2012v2.2;2012v2.3;2012v3.0,2012,F,T,,
/Return/ReturnData/IRS990/CYContributionsGrantsAmt,F9_01_REV_CONTR_TOT_CY,Contributions and grants - current year,[CYContributionsGrantsAmt] Part I Line 8,F990-PC-PART-01-LINE-08-CY,F990-PC-PART-01-LINE-08-CY,F990,PC,PART-01,Line 08 CY,PZ,USAmountType,numeric,ONE,F9-P01-T00-SUMMARY,FALSE,2013v3.0;2013v3.1;2013v4.0;2014v5.0;2014v6.0;2015v2.0;2015v2.1;2015v3.0;2016v3.0,2016,F,T,,
/Return/ReturnData/IRS990/Form990PartI/ContributionsGrantsCurrentYear,F9_01_REV_CONTR_TOT_CY,Contributions and grants - current year,,F990-PC-PART-01-LINE-08-CY,F990-PC-PART-01-LINE-08-CY,F990,PC,PART-01,Line 08 CY,PZ,,numeric,ONE,F9-P01-T00-SUMMARY,,,,,,,
/Return/ReturnData/IRS990EZ/ContributionsGiftsGrantsEtc,F9_01_REV_CONTR_TOT_CY_2,Contributions; gifts; grants; and similar amounts received,[ContributionsGiftsGrantsEtc] Part I Line 1,F990-PC-PART-01-LINE-08-CY,F990-EZ-PART-01-LINE-01,F990,EZ,PART-01,Line 01,PZ,USAmountNNType,numeric,ONE,F9-P01-T00-SUMMARY,,2009v1.0;2009v1.1;2009v1.2;2009v1.3;2009v1.4;2009v1.7;2010v3.2;2010v3.4;2010v3.6;2010v3.7;2011v1.2;2011v1.3;2011v1.4;2011v1.5;2012v2.0;2012v2.1;2012v2.2;2012v2.3;2012v3.0,2012,F,T,,
/Return/ReturnData/IRS990EZ/ContributionsGiftsGrantsEtcAmt,F9_01_REV_CONTR_TOT_CY_2,Contributions; gifts; grants; and similar amounts received,[ContributionsGiftsGrantsEtcAmt] Part I Line 1,F990-PC-PART-01-LINE-08-CY,F990-EZ-PART-01-LINE-01,F990,EZ,PART-01,Line 01,PZ,USAmountNNType,numeric,ONE,F9-P01-T00-SUMMARY,,2013v3.0;2013v3.1;2013v4.0;2014v5.0;2014v6.0;2015v2.0;2015v2.1;2015v3.0;2016v3.0,2016,F,T,,
/Return/ReturnData/IRS990/ContributionsGrantsPriorYear,F9_01_REV_CONTR_TOT_PY,Contributions and grants - prior year,[ContributionsGrantsPriorYear] Part I Line 8,F990-PC-PART-01-LINE-08-PY,F990-PC-PART-01-LINE-08-PY,F990,PC,PART-01,Line 08 PY,PC,USAmountType,numeric,ONE,F9-P01-T00-SUMMARY,FALSE,2009v1.0;2009v1.1;2009v1.2;2009v1.3;2009v1.4;2009v1.7;2010v3.2;2010v3.4;2010v3.6;2010v3.7;2011v1.2;2011v1.3;2011v1.4;2011v1.5;2012v2.0;2012v2.1;2012v2.2;2012v2.3;2012v3.0,2012,F,T,,
/Return/ReturnData/IRS990/Form990PartI/ContributionsGrantsPriorYear,F9_01_REV_CONTR_TOT_PY,Contributions and grants - prior year,,F990-PC-PART-01-LINE-08-PY,F990-PC-PART-01-LINE-08-PY,F990,PC,PART-01,Line 08 PY,PC,,numeric,ONE,F9-P01-T00-SUMMARY,,,,,,,
/Return/ReturnData/IRS990/PYContributionsGrantsAmt,F9_01_REV_CONTR_TOT_PY,Contributions and grants - prior year,[PYContributionsGrantsAmt] Part I Line 8,F990-PC-PART-01-LINE-08-PY,F990-PC-PART-01-LINE-08-PY,F990,PC,PART-01,Line 08 PY,PC,USAmountType,numeric,ONE,F9-P01-T00-SUMMARY,FALSE,2013v3.0;2013v3.1;2013v4.0;2014v5.0;2014v6.0;2015v2.0;2015v2.1;2015v3.0;2016v3.0,2016,F,T,,
/Return/ReturnData/IRS990/CYProgramServiceRevenueAmt,F9_01_REV_PROG_TOT_CY,Program service revenue - current year,[CYProgramServiceRevenueAmt] Part I Line 9,F990-PC-PART-01-LINE-09-CY,F990-PC-PART-01-LINE-09-CY,F990,PC,PART-01,Line 09 CY,PZ,USAmountType,numeric,ONE,F9-P01-T00-SUMMARY,FALSE,2013v3.0;2013v3.1;2013v4.0;2014v5.0;2014v6.0;2015v2.0;2015v2.1;2015v3.0;2016v3.0,2016,F,T,,
/Return/ReturnData/IRS990/Form990PartI/ProgramServiceRevenueCurrYear,F9_01_REV_PROG_TOT_CY,Program service revenue - current year,,F990-PC-PART-01-LINE-09-CY,F990-PC-PART-01-LINE-09-CY,F990,PC,PART-01,Line 09 CY,PZ,,numeric,ONE,F9-P01-T00-SUMMARY,,,,,,,
/Return/ReturnData/IRS990/ProgramServiceRevenueCY,F9_01_REV_PROG_TOT_CY,Program service revenue - current year,[ProgramServiceRevenueCY] Part I Line 9,F990-PC-PART-01-LINE-09-CY,F990-PC-PART-01-LINE-09-CY,F990,PC,PART-01,Line 09 CY,PZ,USAmountType,numeric,ONE,F9-P01-T00-SUMMARY,FALSE,2009v1.0;2009v1.1;2009v1.2;2009v1.3;2009v1.4;2009v1.7;2010v3.2;2010v3.4;2010v3.6;2010v3.7;2011v1.2;2011v1.3;2011v1.4;2011v1.5;2012v2.0;2012v2.1;2012v2.2;2012v2.3;2012v3.0,2012,F,T,,
/Return/ReturnData/IRS990EZ/ProgramServiceRevenue,F9_01_REV_PROG_TOT_CY,ProgramServiceRevenue,[ProgramServiceRevenue] Part I Line 2,F990-PC-PART-01-LINE-09-CY,F990-EZ-PART-01-LINE-02,F990,EZ,PART-01,Line 02,PZ,USAmountNNType,numeric,ONE,F9-P01-T00-SUMMARY,FALSE,2009v1.0;2009v1.1;2009v1.2;2009v1.3;2009v1.4;2009v1.7;2010v3.2;2010v3.4;2010v3.6;2010v3.7;2011v1.2;2011v1.3;2011v1.4;2011v1.5;2012v2.0;2012v2.1;2012v2.2;2012v2.3;2012v3.0,2012,F,T,,
/Return/ReturnData/IRS990EZ/ProgramServiceRevenueAmt,F9_01_REV_PROG_TOT_CY,ProgramServiceRevenue,[ProgramServiceRevenueAmt] Part I Line 2,F990-PC-PART-01-LINE-09-CY,F990-EZ-PART-01-LINE-02,F990,EZ,PART-01,Line 02,PZ,USAmountNNType,numeric,ONE,F9-P01-T00-SUMMARY,FALSE,2013v3.0;2013v3.1;2013v4.0;2014v5.0;2014v6.0;2015v2.0;2015v2.1;2015v3.0;2016v3.0,2016,F,T,,
/Return/ReturnData/IRS990EZ/ProgramServiceRevenueCY,F9_01_REV_PROG_TOT_CY,Program service revenue - current year,,F990-PC-PART-01-LINE-09-CY,F990-EZ-PART-01-LINE-02,F990,EZ,PART-01,Line 02,PZ,,numeric,ONE,F9-P01-T00-SUMMARY,FALSE,,,,,,
/Return/ReturnData/IRS990/Form990PartI/ProgramServiceRevenuePriorYear,F9_01_REV_PROG_TOT_PY,Program service revenue - prior year,,F990-PC-PART-01-LINE-09-PY,F990-PC-PART-01-LINE-09-PY,F990,PC,PART-01,Line 09 PY,PC,,numeric,ONE,F9-P01-T00-SUMMARY,,,,,,,
/Return/ReturnData/IRS990/ProgramServiceRevenuePriorYear,F9_01_REV_PROG_TOT_PY,Program service revenue - prior year,[ProgramServiceRevenuePriorYear] Part I Line 9,F990-PC-PART-01-LINE-09-PY,F990-PC-PART-01-LINE-09-PY,F990,PC,PART-01,Line 09 PY,PC,USAmountType,numeric,ONE,F9-P01-T00-SUMMARY,FALSE,2009v1.0;2009v1.1;2009v1.2;2009v1.3;2009v1.4;2009v1.7;2010v3.2;2010v3.4;2010v3.6;2010v3.7;2011v1.2;2011v1.3;2011v1.4;2011v1.5;2012v2.0;2012v2.1;2012v2.2;2012v2.3;2012v3.0,2012,F,T,,
/Return/ReturnData/IRS990/PYProgramServiceRevenueAmt,F9_01_REV_PROG_TOT_PY,Program service revenue - prior year,[PYProgramServiceRevenueAmt] Part I Line 9,F990-PC-PART-01-LINE-09-PY,F990-PC-PART-01-LINE-09-PY,F990,PC,PART-01,Line 09 PY,PC,USAmountType,numeric,ONE,F9-P01-T00-SUMMARY,FALSE,2013v3.0;2013v3.1;2013v4.0;2014v5.0;2014v6.0;2015v2.0;2015v2.1;2015v3.0;2016v3.0,2016,F,T,,
/Return/ReturnData/IRS990/CYInvestmentIncomeAmt,F9_01_REV_INVEST_TOT_CY,Investment income - current year,[CYInvestmentIncomeAmt] Part I Line 10,F990-PC-PART-01-LINE-10-CY,F990-PC-PART-01-LINE-10-CY,F990,PC,PART-01,Line 10 CY,PZ,USAmountType,numeric,ONE,F9-P01-T00-SUMMARY,FALSE,2013v3.0;2013v3.1;2013v4.0;2014v5.0;2014v6.0;2015v2.0;2015v2.1;2015v3.0;2016v3.0,2016,F,T,,
/Return/ReturnData/IRS990/Form990PartI/InvestmentIncomeCurrentYear,F9_01_REV_INVEST_TOT_CY,Investment income - current year,,F990-PC-PART-01-LINE-10-CY,F990-PC-PART-01-LINE-10-CY,F990,PC,PART-01,Line 10 CY,PZ,,numeric,ONE,F9-P01-T00-SUMMARY,,,,,,,
/Return/ReturnData/IRS990/InvestmentIncomeCurrentYear,F9_01_REV_INVEST_TOT_CY,Investment income - current year,[InvestmentIncomeCurrentYear] Part I Line 10,F990-PC-PART-01-LINE-10-CY,F990-PC-PART-01-LINE-10-CY,F990,PC,PART-01,Line 10 CY,PZ,USAmountType,numeric,ONE,F9-P01-T00-SUMMARY,FALSE,2009v1.0;2009v1.1;2009v1.2;2009v1.3;2009v1.4;2009v1.7;2010v3.2;2010v3.4;2010v3.6;2010v3.7;2011v1.2;2011v1.3;2011v1.4;2011v1.5;2012v2.0;2012v2.1;2012v2.2;2012v2.3;2012v3.0,2012,F,T,,
/Return/ReturnData/IRS990EZ/InvestmentIncomeCurrentYear,F9_01_REV_INVEST_TOT_CY,Investment income - current year,,F990-PC-PART-01-LINE-10-CY,F990-EZ-PART-01-LINE-04,F990,EZ,PART-01,Line 04,PZ,,numeric,ONE,F9-P01-T00-SUMMARY,FALSE,,,,,,
/Return/ReturnData/IRS990/Form990PartI/InvestmentIncomePriorYear,F9_01_REV_INVEST_TOT_PY,Investment income - prior year,,F990-PC-PART-01-LINE-10-PY,F990-PC-PART-01-LINE-10-PY,F990,PC,PART-01,Line 10 PY,PC,,numeric,ONE,F9-P01-T00-SUMMARY,,,,,,,
/Return/ReturnData/IRS990/InvestmentIncomePriorYear,F9_01_REV_INVEST_TOT_PY,Investment income - prior year,[InvestmentIncomePriorYear] Part I Line 10,F990-PC-PART-01-LINE-10-PY,F990-PC-PART-01-LINE-10-PY,F990,PC,PART-01,Line 10 PY,PC,USAmountType,numeric,ONE,F9-P01-T00-SUMMARY,FALSE,2009v1.0;2009v1.1;2009v1.2;2009v1.3;2009v1.4;2009v1.7;2010v3.2;2010v3.4;2010v3.6;2010v3.7;2011v1.2;2011v1.3;2011v1.4;2011v1.5;2012v2.0;2012v2.1;2012v2.2;2012v2.3;2012v3.0,2012,F,T,,
/Return/ReturnData/IRS990/PYInvestmentIncomeAmt,F9_01_REV_INVEST_TOT_PY,Investment income - prior year,[PYInvestmentIncomeAmt] Part I Line 10,F990-PC-PART-01-LINE-10-PY,F990-PC-PART-01-LINE-10-PY,F990,PC,PART-01,Line 10 PY,PC,USAmountType,numeric,ONE,F9-P01-T00-SUMMARY,FALSE,2013v3.0;2013v3.1;2013v4.0;2014v5.0;2014v6.0;2015v2.0;2015v2.1;2015v3.0;2016v3.0,2016,F,T,,
/Return/ReturnData/IRS990/CYOtherRevenueAmt,F9_01_REV_OTH_CY,Other revenue - current year,[CYOtherRevenueAmt] Part I Line 11,F990-PC-PART-01-LINE-11-CY,F990-PC-PART-01-LINE-11-CY,F990,PC,PART-01,Line 11 CY,PZ,USAmountType,numeric,ONE,F9-P01-T00-SUMMARY,FALSE,2013v3.0;2013v3.1;2013v4.0;2014v5.0;2014v6.0;2015v2.0;2015v2.1;2015v3.0;2016v3.0,2016,F,T,,
/Return/ReturnData/IRS990/Form990PartI/OtherRevenueCurrentYear,F9_01_REV_OTH_CY,Other revenue - current year,,F990-PC-PART-01-LINE-11-CY,F990-PC-PART-01-LINE-11-CY,F990,PC,PART-01,Line 11 CY,PZ,,numeric,ONE,F9-P01-T00-SUMMARY,,,,,,,
/Return/ReturnData/IRS990/OtherRevenueCurrentYear,F9_01_REV_OTH_CY,Other revenue - current year,[OtherRevenueCurrentYear] Part I Line 11,F990-PC-PART-01-LINE-11-CY,F990-PC-PART-01-LINE-11-CY,F990,PC,PART-01,Line 11 CY,PZ,USAmountType,numeric,ONE,F9-P01-T00-SUMMARY,FALSE,2009v1.0;2009v1.1;2009v1.2;2009v1.3;2009v1.4;2009v1.7;2010v3.2;2010v3.4;2010v3.6;2010v3.7;2011v1.2;2011v1.3;2011v1.4;2011v1.5;2012v2.0;2012v2.1;2012v2.2;2012v2.3;2012v3.0,2012,F,T,,
/Return/ReturnData/IRS990/Form990PartI/OtherRevenuePriorYear,F9_01_REV_OTH_PY,Other revenue - prior year,,F990-PC-PART-01-LINE-11-PY,F990-PC-PART-01-LINE-11-PY,F990,PC,PART-01,Line 11 PY,PC,,numeric,ONE,F9-P01-T00-SUMMARY,,,,,,,
/Return/ReturnData/IRS990/OtherRevenuePriorYear,F9_01_REV_OTH_PY,Other revenue - prior year,[OtherRevenuePriorYear] Part I Line 11,F990-PC-PART-01-LINE-11-PY,F990-PC-PART-01-LINE-11-PY,F990,PC,PART-01,Line 11 PY,PC,USAmountType,numeric,ONE,F9-P01-T00-SUMMARY,FALSE,2009v1.0;2009v1.1;2009v1.2;2009v1.3;2009v1.4;2009v1.7;2010v3.2;2010v3.4;2010v3.6;2010v3.7;2011v1.2;2011v1.3;2011v1.4;2011v1.5;2012v2.0;2012v2.1;2012v2.2;2012v2.3;2012v3.0,2012,F,T,,
/Return/ReturnData/IRS990/PYOtherRevenueAmt,F9_01_REV_OTH_PY,Other revenue - prior year,[PYOtherRevenueAmt] Part I Line 11,F990-PC-PART-01-LINE-11-PY,F990-PC-PART-01-LINE-11-PY,F990,PC,PART-01,Line 11 PY,PC,USAmountType,numeric,ONE,F9-P01-T00-SUMMARY,FALSE,2013v3.0;2013v3.1;2013v4.0;2014v5.0;2014v6.0;2015v2.0;2015v2.1;2015v3.0;2016v3.0,2016,F,T,,
/Return/ReturnData/IRS990/CYTotalRevenueAmt,F9_01_REV_TOT_CY,Total revenue - CY,[CYTotalRevenueAmt] Part I Line 12,F990-PC-PART-01-LINE-12-CY,F990-PC-PART-01-LINE-12-CY,F990,PC,PART-01,Line 12 CY,PZ,USAmountType,numeric,ONE,F9-P01-T00-SUMMARY,FALSE,2013v3.0;2013v3.1;2013v4.0;2014v5.0;2014v6.0;2015v2.0;2015v2.1;2015v3.0;2016v3.0,2016,F,T,,
/Return/ReturnData/IRS990/Form990PartI/TotalRevenueCurrentYear,F9_01_REV_TOT_CY,Total revenue - current year,,F990-PC-PART-01-LINE-12-CY,F990-PC-PART-01-LINE-12-CY,F990,PC,PART-01,Line 12 CY,PZ,,numeric,ONE,F9-P01-T00-SUMMARY,,,,,,,
/Return/ReturnData/IRS990/TotalRevenueCurrentYear,F9_01_REV_TOT_CY,Total revenue - CY,[TotalRevenueCurrentYear] Part I Line 12,F990-PC-PART-01-LINE-12-CY,F990-PC-PART-01-LINE-12-CY,F990,PC,PART-01,Line 12 CY,PZ,USAmountType,numeric,ONE,F9-P01-T00-SUMMARY,FALSE,2009v1.0;2009v1.1;2009v1.2;2009v1.3;2009v1.4;2009v1.7;2010v3.2;2010v3.4;2010v3.6;2010v3.7;2011v1.2;2011v1.3;2011v1.4;2011v1.5;2012v2.0;2012v2.1;2012v2.2;2012v2.3;2012v3.0,2012,F,T,,
/Return/ReturnData/IRS990EZ/TotalRevenue,F9_01_REV_TOT_CY,Total revenue - CY,[TotalRevenue] Part I Line 9,F990-PC-PART-01-LINE-12-CY,F990-EZ-PART-01-LINE-09,F990,EZ,PART-01,Line 09,PZ,USAmountType,numeric,ONE,F9-P01-T00-SUMMARY,FALSE,2009v1.0;2009v1.1;2009v1.2;2009v1.3;2009v1.4;2009v1.7;2010v3.2;2010v3.4;2010v3.6;2010v3.7;2011v1.2;2011v1.3;2011v1.4;2011v1.5;2012v2.0;2012v2.1;2012v2.2;2012v2.3;2012v3.0,2012,F,T,,
/Return/ReturnData/IRS990EZ/TotalRevenueAmt,F9_01_REV_TOT_CY,Total revenue - CY,[TotalRevenueAmt] Part I Line 9,F990-PC-PART-01-LINE-12-CY,F990-EZ-PART-01-LINE-09,F990,EZ,PART-01,Line 09,PZ,USAmountType,numeric,ONE,F9-P01-T00-SUMMARY,FALSE,2013v3.0;2013v3.1;2013v4.0;2014v5.0;2014v6.0;2015v2.0;2015v2.1;2015v3.0;2016v3.0,2016,F,T,,
/Return/ReturnData/IRS990EZ/TotalRevenueCurrentYear,F9_01_REV_TOT_CY,Total revenue - CY,,F990-PC-PART-01-LINE-12-CY,F990-EZ-PART-01-LINE-09,F990,EZ,PART-01,Line 09,PZ,,numeric,ONE,F9-P01-T00-SUMMARY,FALSE,,,,,,
/Return/ReturnData/IRS990/Form990PartI/TotalRevenuePriorYear,F9_01_REV_TOT_PY,Total revenue - prior year,,F990-PC-PART-01-LINE-12-PY,F990-PC-PART-01-LINE-12-PY,F990,PC,PART-01,Line 12 PY,PC,,numeric,ONE,F9-P01-T00-SUMMARY,,,,,,,
/Return/ReturnData/IRS990/PYTotalRevenueAmt,F9_01_REV_TOT_PY,Total revenue - PY,[PYTotalRevenueAmt] Part I Line 12,F990-PC-PART-01-LINE-12-PY,F990-PC-PART-01-LINE-12-PY,F990,PC,PART-01,Line 12 PY,PC,USAmountType,numeric,ONE,F9-P01-T00-SUMMARY,FALSE,2013v3.0;2013v3.1;2013v4.0;2014v5.0;2014v6.0;2015v2.0;2015v2.1;2015v3.0;2016v3.0,2016,F,T,,
/Return/ReturnData/IRS990/TotalRevenuePriorYear,F9_01_REV_TOT_PY,Total revenue - PY,[TotalRevenuePriorYear] Part I Line 12,F990-PC-PART-01-LINE-12-PY,F990-PC-PART-01-LINE-12-PY,F990,PC,PART-01,Line 12 PY,PC,USAmountType,numeric,ONE,F9-P01-T00-SUMMARY,FALSE,2009v1.0;2009v1.1;2009v1.2;2009v1.3;2009v1.4;2009v1.7;2010v3.2;2010v3.4;2010v3.6;2010v3.7;2011v1.2;2011v1.3;2011v1.4;2011v1.5;2012v2.0;2012v2.1;2012v2.2;2012v2.3;2012v3.0,2012,F,T,,
/Return/ReturnData/IRS990/CYGrantsAndSimilarPaidAmt,F9_01_EXP_GRANT_SIMILAR_CY,Grants and similar amounts - CY,[CYGrantsAndSimilarPaidAmt] Part I Line 13,F990-PC-PART-01-LINE-13-CY,F990-PC-PART-01-LINE-13-CY,F990,PC,PART-01,Line 13 CY,PZ,USAmountType,numeric,ONE,F9-P01-T00-SUMMARY,FALSE,2013v3.0;2013v3.1;2013v4.0;2014v5.0;2014v6.0;2015v2.0;2015v2.1;2015v3.0;2016v3.0,2016,F,T,,
/Return/ReturnData/IRS990/Form990PartI/GrantsAndSimilarAmntsCurrYear,F9_01_EXP_GRANT_SIMILAR_CY,Grants and similar amounts - current year,,F990-PC-PART-01-LINE-13-CY,F990-PC-PART-01-LINE-13-CY,F990,PC,PART-01,Line 13 CY,PZ,,numeric,ONE,F9-P01-T00-SUMMARY,,,,,,,
/Return/ReturnData/IRS990/GrantsAndSimilarAmntsCY,F9_01_EXP_GRANT_SIMILAR_CY,Grants and similar amounts - CY,[GrantsAndSimilarAmntsCY] Part I Line 13,F990-PC-PART-01-LINE-13-CY,F990-PC-PART-01-LINE-13-CY,F990,PC,PART-01,Line 13 CY,PZ,USAmountType,numeric,ONE,F9-P01-T00-SUMMARY,FALSE,2009v1.0;2009v1.1;2009v1.2;2009v1.3;2009v1.4;2009v1.7;2010v3.2;2010v3.4;2010v3.6;2010v3.7;2011v1.2;2011v1.3;2011v1.4;2011v1.5;2012v2.0;2012v2.1;2012v2.2;2012v2.3;2012v3.0,2012,F,T,,
/Return/ReturnData/IRS990EZ/GrantsAndSimilarAmntsCY,F9_01_EXP_GRANT_SIMILAR_CY,Grants and similar amounts - CY,,F990-PC-PART-01-LINE-13-CY,F990-EZ-PART-01-LINE-10,F990,EZ,PART-01,Line 10,PZ,,numeric,ONE,F9-P01-T00-SUMMARY,FALSE,,,,,,
/Return/ReturnData/IRS990EZ/GrantsAndSimilarAmountsPaid,F9_01_EXP_GRANT_SIMILAR_CY,Grants and similar amounts - CY,[GrantsAndSimilarAmountsPaid] Part I Line 10,F990-PC-PART-01-LINE-13-CY,F990-EZ-PART-01-LINE-10,F990,EZ,PART-01,Line 10,PZ,USAmountNNType,numeric,ONE,F9-P01-T00-SUMMARY,FALSE,2009v1.0;2009v1.1;2009v1.2;2009v1.3;2009v1.4;2009v1.7;2010v3.2;2010v3.4;2010v3.6;2010v3.7;2011v1.2;2011v1.3;2011v1.4;2011v1.5;2012v2.0;2012v2.1;2012v2.2;2012v2.3;2012v3.0,2012,F,T,,
/Return/ReturnData/IRS990EZ/GrantsAndSimilarAmountsPaidAmt,F9_01_EXP_GRANT_SIMILAR_CY,Total Grants to Domestic Orgs and Governments ,[GrantsAndSimilarAmountsPaidAmt] Part I Line 10,F990-PC-PART-01-LINE-13-CY,F990-EZ-PART-01-LINE-10,F990,EZ,PART-01,Line 10,PZ,USAmountNNType,numeric,ONE,F9-P01-T00-SUMMARY,FALSE,2013v3.0;2013v3.1;2013v4.0;2014v5.0;2014v6.0;2015v2.0;2015v2.1;2015v3.0;2016v3.0,2016,F,T,,
/Return/ReturnData/IRS990/Form990PartI/GrantsAndSimilarAmntsPriorYear,F9_01_EXP_GRANT_SIMILAR_PY,Grants and similar amounts - prior year,,F990-PC-PART-01-LINE-13-PY,F990-PC-PART-01-LINE-13-PY,F990,PC,PART-01,Line 13 PY,PC,,numeric,ONE,F9-P01-T00-SUMMARY,,,,,,,
/Return/ReturnData/IRS990/GrantsAndSimilarAmntsPriorYear,F9_01_EXP_GRANT_SIMILAR_PY,Grants and similar amounts - PY,[GrantsAndSimilarAmntsPriorYear] Part I Line 13,F990-PC-PART-01-LINE-13-PY,F990-PC-PART-01-LINE-13-PY,F990,PC,PART-01,Line 13 PY,PC,USAmountType,numeric,ONE,F9-P01-T00-SUMMARY,FALSE,2009v1.0;2009v1.1;2009v1.2;2009v1.3;2009v1.4;2009v1.7;2010v3.2;2010v3.4;2010v3.6;2010v3.7;2011v1.2;2011v1.3;2011v1.4;2011v1.5;2012v2.0;2012v2.1;2012v2.2;2012v2.3;2012v3.0,2012,F,T,,
/Return/ReturnData/IRS990/PYGrantsAndSimilarPaidAmt,F9_01_EXP_GRANT_SIMILAR_PY,Grants and similar amounts - prior year,[PYGrantsAndSimilarPaidAmt] Part I Line 13,F990-PC-PART-01-LINE-13-PY,F990-PC-PART-01-LINE-13-PY,F990,PC,PART-01,Line 13 PY,PC,USAmountType,numeric,ONE,F9-P01-T00-SUMMARY,,2013v3.0;2013v3.1;2013v4.0;2014v5.0;2014v6.0;2015v2.0;2015v2.1;2015v3.0;2016v3.0,2016,F,T,,
/Return/ReturnData/IRS990/BenefitsPaidToMembersCY,F9_01_EXP_BEN_PAID_MEMB_CY,Benefits paid to members - CY,[BenefitsPaidToMembersCY] Part I Line 14,F990-PC-PART-01-LINE-14-CY,F990-PC-PART-01-LINE-14-CY,F990,PC,PART-01,Line 14 CY,PZ,USAmountType,numeric,ONE,F9-P01-T00-SUMMARY,FALSE,2009v1.0;2009v1.1;2009v1.2;2009v1.3;2009v1.4;2009v1.7;2010v3.2;2010v3.4;2010v3.6;2010v3.7;2011v1.2;2011v1.3;2011v1.4;2011v1.5;2012v2.0;2012v2.1;2012v2.2;2012v2.3;2012v3.0,2012,F,T,,
/Return/ReturnData/IRS990/CYBenefitsPaidToMembersAmt,F9_01_EXP_BEN_PAID_MEMB_CY,Benefits paid to members - CY,[CYBenefitsPaidToMembersAmt] Part I Line 14,F990-PC-PART-01-LINE-14-CY,F990-PC-PART-01-LINE-14-CY,F990,PC,PART-01,Line 14 CY,PZ,USAmountType,numeric,ONE,F9-P01-T00-SUMMARY,FALSE,2013v3.0;2013v3.1;2013v4.0;2014v5.0;2014v6.0;2015v2.0;2015v2.1;2015v3.0;2016v3.0,2016,F,T,,
/Return/ReturnData/IRS990/Form990PartI/BenefitsPaidToMembersCurrYear,F9_01_EXP_BEN_PAID_MEMB_CY,Benefits paid to members - current year,,F990-PC-PART-01-LINE-14-CY,F990-PC-PART-01-LINE-14-CY,F990,PC,PART-01,Line 14 CY,PZ,,numeric,ONE,F9-P01-T00-SUMMARY,,,,,,,
/Return/ReturnData/IRS990EZ/BenefitsPaidToOrForMembers,F9_01_EXP_BEN_PAID_MEMB_CY,Benefits paid to or for members,[BenefitsPaidToOrForMembers] Part I Line 11,F990-PC-PART-01-LINE-14-CY,F990-EZ-PART-01-LINE-11,F990,EZ,PART-01,Line 11,PZ,USAmountNNType,numeric,ONE,F9-P01-T00-SUMMARY,FALSE,2009v1.0;2009v1.1;2009v1.2;2009v1.3;2009v1.4;2009v1.7;2010v3.2;2010v3.4;2010v3.6;2010v3.7;2011v1.2;2011v1.3;2011v1.4;2011v1.5;2012v2.0;2012v2.1;2012v2.2;2012v2.3;2012v3.0,2012,F,T,,
/Return/ReturnData/IRS990EZ/BenefitsPaidToOrForMembersAmt,F9_01_EXP_BEN_PAID_MEMB_CY,Benefits paid to or for members,[BenefitsPaidToOrForMembersAmt] Part I Line 11,F990-PC-PART-01-LINE-14-CY,F990-EZ-PART-01-LINE-11,F990,EZ,PART-01,Line 11,PZ,USAmountNNType,numeric,ONE,F9-P01-T00-SUMMARY,FALSE,2013v3.0;2013v3.1;2013v4.0;2014v5.0;2014v6.0;2015v2.0;2015v2.1;2015v3.0;2016v3.0,2016,F,T,,
/Return/ReturnData/IRS990/BenefitsPaidToMembersPriorYear,F9_01_EXP_BEN_PAID_MEMB_PY,Benefits paid to members - PY,[BenefitsPaidToMembersPriorYear] Part I Line 14,F990-PC-PART-01-LINE-14-PY,F990-PC-PART-01-LINE-14-PY,F990,PC,PART-01,Line 14 PY,PC,USAmountType,numeric,ONE,F9-P01-T00-SUMMARY,FALSE,2009v1.0;2009v1.1;2009v1.2;2009v1.3;2009v1.4;2009v1.7;2010v3.2;2010v3.4;2010v3.6;2010v3.7;2011v1.2;2011v1.3;2011v1.4;2011v1.5;2012v2.0;2012v2.1;2012v2.2;2012v2.3;2012v3.0,2012,F,T,,
/Return/ReturnData/IRS990/Form990PartI/BenefitsPaidToMembersPriorYear,F9_01_EXP_BEN_PAID_MEMB_PY,Benefits paid to members - prior year,,F990-PC-PART-01-LINE-14-PY,F990-PC-PART-01-LINE-14-PY,F990,PC,PART-01,Line 14 PY,PC,,numeric,ONE,F9-P01-T00-SUMMARY,,,,,,,
/Return/ReturnData/IRS990/PYBenefitsPaidToMembersAmt,F9_01_EXP_BEN_PAID_MEMB_PY,Benefits paid to members - PY,[PYBenefitsPaidToMembersAmt] Part I Line 14,F990-PC-PART-01-LINE-14-PY,F990-PC-PART-01-LINE-14-PY,F990,PC,PART-01,Line 14 PY,PC,USAmountType,numeric,ONE,F9-P01-T00-SUMMARY,FALSE,2013v3.0;2013v3.1;2013v4.0;2014v5.0;2014v6.0;2015v2.0;2015v2.1;2015v3.0;2016v3.0,2016,F,T,,
/Return/ReturnData/IRS990/CYSalariesCompEmpBnftPaidAmt,F9_01_EXP_SAL_ETC_CY,"Salaries, etc - CY",[CYSalariesCompEmpBnftPaidAmt] Part I Line 15,F990-PC-PART-01-LINE-15-CY,F990-PC-PART-01-LINE-15-CY,F990,PC,PART-01,Line 15 CY,PZ,USAmountType,numeric,ONE,F9-P01-T00-SUMMARY,FALSE,2013v3.0;2013v3.1;2013v4.0;2014v5.0;2014v6.0;2015v2.0;2015v2.1;2015v3.0;2016v3.0,2016,F,T,,
/Return/ReturnData/IRS990/Form990PartI/SalariesEtcCurrentYear,F9_01_EXP_SAL_ETC_CY,Salaries; etc - current year,,F990-PC-PART-01-LINE-15-CY,F990-PC-PART-01-LINE-15-CY,F990,EZ,PART-01,Line 15 CY,PZ,,numeric,ONE,F9-P01-T00-SUMMARY,,,,,,,
/Return/ReturnData/IRS990/SalariesEtcCurrentYear,F9_01_EXP_SAL_ETC_CY,"Salaries, etc - CY",[SalariesEtcCurrentYear] Part I Line 15,F990-PC-PART-01-LINE-15-CY,F990-PC-PART-01-LINE-15-CY,F990,PC,PART-01,Line 15 CY,PZ,USAmountType,numeric,ONE,F9-P01-T00-SUMMARY,FALSE,2009v1.0;2009v1.1;2009v1.2;2009v1.3;2009v1.4;2009v1.7;2010v3.2;2010v3.4;2010v3.6;2010v3.7;2011v1.2;2011v1.3;2011v1.4;2011v1.5;2012v2.0;2012v2.1;2012v2.2;2012v2.3;2012v3.0,2012,F,T,,
/Return/ReturnData/IRS990EZ/SalariesEtcCurrentYear,F9_01_EXP_SAL_ETC_CY,Salaries; etc - CY,,F990-PC-PART-01-LINE-15-CY,F990-EZ-PART-01-LINE-12,F990,EZ,PART-01,Line 12,PZ,,numeric,ONE,F9-P01-T00-SUMMARY,FALSE,,,,,,
/Return/ReturnData/IRS990EZ/SalariesOtherCompEmplBenefits,F9_01_EXP_SAL_ETC_CY,"Salaries, other compensation, and employee benefits",[SalariesOtherCompEmplBenefits] Part I Line 12,F990-PC-PART-01-LINE-15-CY,F990-EZ-PART-01-LINE-12,F990,EZ,PART-01,Line 12,PZ,USAmountNNType,numeric,ONE,F9-P01-T00-SUMMARY,FALSE,2009v1.0;2009v1.1;2009v1.2;2009v1.3;2009v1.4;2009v1.7;2010v3.2;2010v3.4;2010v3.6;2010v3.7;2011v1.2;2011v1.3;2011v1.4;2011v1.5;2012v2.0;2012v2.1;2012v2.2;2012v2.3;2012v3.0,2012,F,T,,
/Return/ReturnData/IRS990EZ/SalariesOtherCompEmplBnftAmt,F9_01_EXP_SAL_ETC_CY,"Salaries, other compensation, and employee benefits",[SalariesOtherCompEmplBnftAmt] Part I Line 12,F990-PC-PART-01-LINE-15-CY,F990-EZ-PART-01-LINE-12,F990,EZ,PART-01,Line 12,PZ,USAmountNNType,numeric,ONE,F9-P01-T00-SUMMARY,FALSE,2013v3.0;2013v3.1;2013v4.0;2014v5.0;2014v6.0;2015v2.0;2015v2.1;2015v3.0;2016v3.0,2016,F,T,,
/Return/ReturnData/IRS990/Form990PartI/SalariesEtcPriorYear,F9_01_EXP_SAL_ETC_PY,Salaries; etc - prior year,,F990-PC-PART-01-LINE-15-PY,F990-PC-PART-01-LINE-15-PY,F990,PC,PART-01,Line 15 PY,PC,,numeric,ONE,F9-P01-T00-SUMMARY,,,,,,,
/Return/ReturnData/IRS990/PYSalariesCompEmpBnftPaidAmt,F9_01_EXP_SAL_ETC_PY,"Salaries, etc - PY",[PYSalariesCompEmpBnftPaidAmt] Part I Line 15,F990-PC-PART-01-LINE-15-PY,F990-PC-PART-01-LINE-15-PY,F990,PC,PART-01,Line 15 PY,PC,USAmountType,numeric,ONE,F9-P01-T00-SUMMARY,FALSE,2013v3.0;2013v3.1;2013v4.0;2014v5.0;2014v6.0;2015v2.0;2015v2.1;2015v3.0;2016v3.0,2016,F,T,,
/Return/ReturnData/IRS990/SalariesEtcPriorYear,F9_01_EXP_SAL_ETC_PY,"Salaries, etc - PY",[SalariesEtcPriorYear] Part I Line 15,F990-PC-PART-01-LINE-15-PY,F990-PC-PART-01-LINE-15-PY,F990,PC,PART-01,Line 15 PY,PC,USAmountType,numeric,ONE,F9-P01-T00-SUMMARY,FALSE,2009v1.0;2009v1.1;2009v1.2;2009v1.3;2009v1.4;2009v1.7;2010v3.2;2010v3.4;2010v3.6;2010v3.7;2011v1.2;2011v1.3;2011v1.4;2011v1.5;2012v2.0;2012v2.1;2012v2.2;2012v2.3;2012v3.0,2012,F,T,,
/Return/ReturnData/IRS990/CYTotalProfFndrsngExpnsAmt,F9_01_EXP_PROF_FUNDR_TOT_CY,Total professional fundraising expense - CY,[CYTotalProfFndrsngExpnsAmt] Part I Line 16a,F990-PC-PART-01-LINE-16A-CY,F990-PC-PART-01-LINE-16A-CY,F990,PC,PART-01,Line 16a CY,PC,USAmountType,numeric,ONE,F9-P01-T00-SUMMARY,FALSE,2013v3.0;2013v3.1;2013v4.0;2014v5.0;2014v6.0;2015v2.0;2015v2.1;2015v3.0;2016v3.0,2016,F,T,,
/Return/ReturnData/IRS990/Form990PartI/TotalProfFundrsngExpCurrYear,F9_01_EXP_PROF_FUNDR_TOT_CY,Total professional fundraising expense - current year,,F990-PC-PART-01-LINE-16A-CY,F990-PC-PART-01-LINE-16A-CY,F990,PC,PART-01,Line 16a CY,PC,,numeric,ONE,F9-P01-T00-SUMMARY,,,,,,,
/Return/ReturnData/IRS990/TotalProfFundrsngExpCY,F9_01_EXP_PROF_FUNDR_TOT_CY,Total professional fundraising expense - CY,[TotalProfFundrsngExpCY] Part I Line 16a,F990-PC-PART-01-LINE-16A-CY,F990-PC-PART-01-LINE-16A-CY,F990,PC,PART-01,Line 16a CY,PC,USAmountType,numeric,ONE,F9-P01-T00-SUMMARY,FALSE,2009v1.0;2009v1.1;2009v1.2;2009v1.3;2009v1.4;2009v1.7;2010v3.2;2010v3.4;2010v3.6;2010v3.7;2011v1.2;2011v1.3;2011v1.4;2011v1.5;2012v2.0;2012v2.1;2012v2.2;2012v2.3;2012v3.0,2012,F,T,,
/Return/ReturnData/IRS990/Form990PartI/TotalProfFundrsngExpPriorYear,F9_01_EXP_PROF_FUNDR_TOT_PY,Total professional fundraising expense - prior year,,F990-PC-PART-01-LINE-16A-PY,F990-PC-PART-01-LINE-16A-PY,F990,PC,PART-01,Line 16a PY,PC,,numeric,ONE,F9-P01-T00-SUMMARY,,,,,,,
/Return/ReturnData/IRS990/PYTotalProfFndrsngExpnsAmt,F9_01_EXP_PROF_FUNDR_TOT_PY,Total professional fundraising expense - PY,[PYTotalProfFndrsngExpnsAmt] Part I Line 16a,F990-PC-PART-01-LINE-16A-PY,F990-PC-PART-01-LINE-16A-PY,F990,PC,PART-01,Line 16a PY,PC,USAmountType,numeric,ONE,F9-P01-T00-SUMMARY,FALSE,2013v3.0;2013v3.1;2013v4.0;2014v5.0;2014v6.0;2015v2.0;2015v2.1;2015v3.0;2016v3.0,2016,F,T,,
/Return/ReturnData/IRS990/TotalProfFundrsngExpPriorYear,F9_01_EXP_PROF_FUNDR_TOT_PY,Total professional fundraising expense - PY,[TotalProfFundrsngExpPriorYear] Part I Line 16a,F990-PC-PART-01-LINE-16A-PY,F990-PC-PART-01-LINE-16A-PY,F990,PC,PART-01,Line 16a PY,PC,USAmountType,numeric,ONE,F9-P01-T00-SUMMARY,FALSE,2009v1.0;2009v1.1;2009v1.2;2009v1.3;2009v1.4;2009v1.7;2010v3.2;2010v3.4;2010v3.6;2010v3.7;2011v1.2;2011v1.3;2011v1.4;2011v1.5;2012v2.0;2012v2.1;2012v2.2;2012v2.3;2012v3.0,2012,F,T,,
/Return/ReturnData/IRS990/CYTotalFundraisingExpenseAmt,F9_01_EXP_FUNDR_TOT_CY,Total fundraising expense - CY,[CYTotalFundraisingExpenseAmt] Part I Line 16b,F990-PC-PART-01-LINE-16B-CY,F990-PC-PART-01-LINE-16B,F990,PC,PART-01,Line 16b CY,PC,USAmountType,numeric,ONE,F9-P01-T00-SUMMARY,FALSE,2013v3.0;2013v3.1;2013v4.0;2014v5.0;2014v6.0;2015v2.0;2015v2.1;2015v3.0;2016v3.0,2016,F,T,,
/Return/ReturnData/IRS990/Form990PartI/TotalFundrsngExpCurrentYear,F9_01_EXP_FUNDR_TOT_CY,Total fundraising expense - current year,,F990-PC-PART-01-LINE-16B-CY,F990-PC-PART-01-LINE-16B,F990,PC,PART-01,Line 16b CY,PC,,numeric,ONE,F9-P01-T00-SUMMARY,,,,,,,
/Return/ReturnData/IRS990/TotalFundrsngExpCurrentYear,F9_01_EXP_FUNDR_TOT_CY,Total fundraising expense - CY,[TotalFundrsngExpCurrentYear] Part I Line 16b,F990-PC-PART-01-LINE-16B-CY,F990-PC-PART-01-LINE-16B,F990,PC,PART-01,Line 16b CY,PC,USAmountType,numeric,ONE,F9-P01-T00-SUMMARY,FALSE,2009v1.0;2009v1.1;2009v1.2;2009v1.3;2009v1.4;2009v1.7;2010v3.2;2010v3.4;2010v3.6;2010v3.7;2011v1.2;2011v1.3;2011v1.4;2011v1.5;2012v2.0;2012v2.1;2012v2.2;2012v2.3;2012v3.0,2012,F,T,,
/Return/ReturnData/IRS990/CYOtherExpensesAmt,F9_01_EXP_OTH_CY,Other expenses -CY,[CYOtherExpensesAmt] Part I Line 17,F990-PC-PART-01-LINE-17-CY,F990-PC-PART-01-LINE-17-CY,F990,PC,PART-01,Line 17 CY,PZ,USAmountType,numeric,ONE,F9-P01-T00-SUMMARY,FALSE,2013v3.0;2013v3.1;2013v4.0;2014v5.0;2014v6.0;2015v2.0;2015v2.1;2015v3.0;2016v3.0,2016,F,T,,
/Return/ReturnData/IRS990/Form990PartI/OtherExpensesCurrentYear,F9_01_EXP_OTH_CY,Other expenses - current year,,F990-PC-PART-01-LINE-17-CY,F990-PC-PART-01-LINE-17-CY,F990,PC,PART-01,Line 17 CY,PZ,,numeric,ONE,F9-P01-T00-SUMMARY,,,,,,,
/Return/ReturnData/IRS990/OtherExpensesCurrentYear,F9_01_EXP_OTH_CY,Other expenses -CY,[OtherExpensesCurrentYear] Part I Line 17,F990-PC-PART-01-LINE-17-CY,F990-PC-PART-01-LINE-17-CY,F990,PC,PART-01,Line 17 CY,PZ,USAmountType,numeric,ONE,F9-P01-T00-SUMMARY,FALSE,2009v1.0;2009v1.1;2009v1.2;2009v1.3;2009v1.4;2009v1.7;2010v3.2;2010v3.4;2010v3.6;2010v3.7;2011v1.2;2011v1.3;2011v1.4;2011v1.5;2012v2.0;2012v2.1;2012v2.2;2012v2.3;2012v3.0,2012,F,T,,
/Return/ReturnData/IRS990EZ/OtherExpenses/Amount,F9_01_EXP_OTH_CY_V2,Other Expenses - Amount,,F990-PC-PART-01-LINE-17-CY,F990-EZ-PART-01-LINE-16,F990,EZ,PART-01,Line 16,PZ,,numeric,ONE,F9-P01-T00-SUMMARY,,,,,,,
/Return/ReturnData/IRS990EZ/OtherExpensesCurrentYear,F9_01_EXP_OTH_CY_V2,Other expenses -CY,,F990-PC-PART-01-LINE-17-CY,F990-EZ-PART-01-LINE-16,F990,EZ,PART-01,Line 16,PZ,,numeric,ONE,F9-P01-T00-SUMMARY,FALSE,,,,,,
/Return/ReturnData/IRS990EZ/OtherExpensesTotal,F9_01_EXP_OTH_CY_V2,Other expenses - total - CY,[OtherExpensesTotal] Part I Line 16,F990-PC-PART-01-LINE-17-CY,F990-EZ-PART-01-LINE-16,F990,EZ,PART-01,Line 16,PZ,USAmountNNType,numeric,ONE,F9-P01-T00-SUMMARY,FALSE,2009v1.0;2009v1.1;2009v1.2;2009v1.3;2009v1.4;2009v1.7;2010v3.2;2010v3.4;2010v3.6;2010v3.7;2011v1.2;2011v1.3;2011v1.4;2011v1.5;2012v2.0;2012v2.1;2012v2.2;2012v2.3;2012v3.0,2012,F,T,,
/Return/ReturnData/IRS990EZ/OtherExpensesTotalAmt,F9_01_EXP_OTH_CY_V2,Other expenses - total - CY,[OtherExpensesTotalAmt] Part I Line 16,F990-PC-PART-01-LINE-17-CY,F990-EZ-PART-01-LINE-16,F990,EZ,PART-01,Line 16,PZ,USAmountNNType,numeric,ONE,F9-P01-T00-SUMMARY,FALSE,2013v3.0;2013v3.1;2013v4.0;2014v5.0;2014v6.0;2015v2.0;2015v2.1;2015v3.0;2016v3.0,2016,F,T,,
/Return/ReturnData/IRS990/Form990PartI/OtherExpensePriorYear,F9_01_EXP_OTH_PY,Other expenses - prior year,,F990-PC-PART-01-LINE-17-PY,F990-PC-PART-01-LINE-17-PY,F990,PC,PART-01,Line 17 PY,PC,,numeric,ONE,F9-P01-T00-SUMMARY,,,,,,,
/Return/ReturnData/IRS990/OtherExpensePriorYear,F9_01_EXP_OTH_PY,Other expenses - PY,[OtherExpensePriorYear] Part I Line 17,F990-PC-PART-01-LINE-17-PY,F990-PC-PART-01-LINE-17-PY,F990,PC,PART-01,Line 17 PY,PC,USAmountType,numeric,ONE,F9-P01-T00-SUMMARY,FALSE,2009v1.0;2009v1.1;2009v1.2;2009v1.3;2009v1.4;2009v1.7;2010v3.2;2010v3.4;2010v3.6;2010v3.7;2011v1.2;2011v1.3;2011v1.4;2011v1.5;2012v2.0;2012v2.1;2012v2.2;2012v2.3;2012v3.0,2012,F,T,,
/Return/ReturnData/IRS990/PYOtherExpensesAmt,F9_01_EXP_OTH_PY,Other expenses - PY,[PYOtherExpensesAmt] Part I Line 17,F990-PC-PART-01-LINE-17-PY,F990-PC-PART-01-LINE-17-PY,F990,PC,PART-01,Line 17 PY,PC,USAmountType,numeric,ONE,F9-P01-T00-SUMMARY,FALSE,2013v3.0;2013v3.1;2013v4.0;2014v5.0;2014v6.0;2015v2.0;2015v2.1;2015v3.0;2016v3.0,2016,F,T,,
/Return/ReturnData/IRS990/CYTotalExpensesAmt,F9_01_EXP_TOT_CY,Total Expenses - CY,[CYTotalExpensesAmt] Part I Line 18,F990-PC-PART-01-LINE-18-CY,F990-PC-PART-01-LINE-18-CY,F990,PC,PART-01,Line 18 CY,PZ,USAmountType,numeric,ONE,F9-P01-T00-SUMMARY,FALSE,2013v3.0;2013v3.1;2013v4.0;2014v5.0;2014v6.0;2015v2.0;2015v2.1;2015v3.0;2016v3.0,2016,F,T,,
/Return/ReturnData/IRS990/Form990PartI/TotalExpensesCurrentYear,F9_01_EXP_TOT_CY,Total Expenses - current year ,,F990-PC-PART-01-LINE-18-CY,F990-PC-PART-01-LINE-18-CY,F990,PC,PART-01,Line 18 CY,PZ,,numeric,ONE,F9-P01-T00-SUMMARY,,,,,,,
/Return/ReturnData/IRS990/TotalExpensesCurrentYear,F9_01_EXP_TOT_CY,Total Expenses - CY,[TotalExpensesCurrentYear] Part I Line 18,F990-PC-PART-01-LINE-18-CY,F990-PC-PART-01-LINE-18-CY,F990,PC,PART-01,Line 18 CY,PZ,USAmountType,numeric,ONE,F9-P01-T00-SUMMARY,FALSE,2009v1.0;2009v1.1;2009v1.2;2009v1.3;2009v1.4;2009v1.7;2010v3.2;2010v3.4;2010v3.6;2010v3.7;2011v1.2;2011v1.3;2011v1.4;2011v1.5;2012v2.0;2012v2.1;2012v2.2;2012v2.3;2012v3.0,2012,F,T,,
/Return/ReturnData/IRS990EZ/TotalExpenses,F9_01_EXP_TOT_CY,Total expenses - CY,[TotalExpenses] Part I Line 17,F990-PC-PART-01-LINE-18-CY,F990-EZ-PART-01-LINE-17,F990,EZ,PART-01,Line 17,PZ,USAmountNNType,numeric,ONE,F9-P01-T00-SUMMARY,FALSE,2009v1.0;2009v1.1;2009v1.2;2009v1.3;2009v1.4;2009v1.7;2010v3.2;2010v3.4;2010v3.6;2010v3.7;2011v1.2;2011v1.3;2011v1.4;2011v1.5;2012v2.0;2012v2.1;2012v2.2;2012v2.3;2012v3.0,2012,F,T,,
/Return/ReturnData/IRS990EZ/TotalExpensesAmt,F9_01_EXP_TOT_CY,Total expenses - CY,[TotalExpensesAmt] Part I Line 17,F990-PC-PART-01-LINE-18-CY,F990-EZ-PART-01-LINE-17,F990,EZ,PART-01,Line 17,PZ,USAmountNNType,numeric,ONE,F9-P01-T00-SUMMARY,FALSE,2013v3.0;2013v3.1;2013v4.0;2014v5.0;2014v6.0;2015v2.0;2015v2.1;2015v3.0;2016v3.0,2016,F,T,,
/Return/ReturnData/IRS990EZ/TotalExpensesCurrentYear,F9_01_EXP_TOT_CY,Total Expenses - CY,,F990-PC-PART-01-LINE-18-CY,F990-EZ-PART-01-LINE-17,F990,EZ,PART-01,Line 17,PZ,,numeric,ONE,F9-P01-T00-SUMMARY,FALSE,,,,,,
/Return/ReturnData/IRS990/Form990PartI/TotalExpensesPriorYear,F9_01_EXP_TOT_PY,Total Expenses - prior year,,F990-PC-PART-01-LINE-18-PY,F990-PC-PART-01-LINE-18-PY,F990,PC,PART-01,Line 18 PY,PC,,numeric,ONE,F9-P01-T00-SUMMARY,,,,,,,
/Return/ReturnData/IRS990/PYTotalExpensesAmt,F9_01_EXP_TOT_PY,Total Expenses - PY,[PYTotalExpensesAmt] Part I Line 18,F990-PC-PART-01-LINE-18-PY,F990-PC-PART-01-LINE-18-PY,F990,PC,PART-01,Line 18 PY,PC,USAmountType,numeric,ONE,F9-P01-T00-SUMMARY,FALSE,2013v3.0;2013v3.1;2013v4.0;2014v5.0;2014v6.0;2015v2.0;2015v2.1;2015v3.0;2016v3.0,2016,F,T,,
/Return/ReturnData/IRS990/TotalExpensesPriorYear,F9_01_EXP_TOT_PY,Total Expenses - PY,[TotalExpensesPriorYear] Part I Line 18,F990-PC-PART-01-LINE-18-PY,F990-PC-PART-01-LINE-18-PY,F990,PC,PART-01,Line 18 PY,PC,USAmountType,numeric,ONE,F9-P01-T00-SUMMARY,FALSE,2009v1.0;2009v1.1;2009v1.2;2009v1.3;2009v1.4;2009v1.7;2010v3.2;2010v3.4;2010v3.6;2010v3.7;2011v1.2;2011v1.3;2011v1.4;2011v1.5;2012v2.0;2012v2.1;2012v2.2;2012v2.3;2012v3.0,2012,F,T,,
/Return/ReturnData/IRS990/CYRevenuesLessExpensesAmt,F9_01_EXP_REV_LESS_EXP_CY,Excess or deficit - CY,[CYRevenuesLessExpensesAmt] Part I Line 19,F990-PC-PART-01-LINE-19-CY,F990-PC-PART-01-LINE-19-CY,F990,PC,PART-01,Line 19 CY,PZ,USAmountType,numeric,ONE,F9-P01-T00-SUMMARY,FALSE,2013v3.0;2013v3.1;2013v4.0;2014v5.0;2014v6.0;2015v2.0;2015v2.1;2015v3.0;2016v3.0,2016,F,T,,
/Return/ReturnData/IRS990/Form990PartI/RevenuesLessExpensesCurrYear,F9_01_EXP_REV_LESS_EXP_CY,Revenues less expenses - current year,,F990-PC-PART-01-LINE-19-CY,F990-PC-PART-01-LINE-19-CY,F990,PC,PART-01,Line 19 CY,PZ,,numeric,ONE,F9-P01-T00-SUMMARY,,,,,,,
/Return/ReturnData/IRS990/RevenuesLessExpensesCY,F9_01_EXP_REV_LESS_EXP_CY,Revenues less expenses - current year,[RevenuesLessExpensesCY] Part I Line 19,F990-PC-PART-01-LINE-19-CY,F990-PC-PART-01-LINE-19-CY,F990,PC,PART-01,Line 19 CY,PZ,USAmountType,numeric,ONE,F9-P01-T00-SUMMARY,,2009v1.0;2009v1.1;2009v1.2;2009v1.3;2009v1.4;2009v1.7;2010v3.2;2010v3.4;2010v3.6;2010v3.7;2011v1.2;2011v1.3;2011v1.4;2011v1.5;2012v2.0;2012v2.1;2012v2.2;2012v2.3;2012v3.0,2012,F,T,,
/Return/ReturnData/IRS990EZ/ExcessOrDeficitForYear,F9_01_EXP_REV_LESS_EXP_CY,Excess or deficit,[ExcessOrDeficitForYear] Part I Line 18,F990-PC-PART-01-LINE-19-CY,F990-EZ-PART-01-LINE-18,F990,EZ,PART-01,Line 18,PZ,USAmountType,numeric,ONE,F9-P01-T00-SUMMARY,,2009v1.0;2009v1.1;2009v1.2;2009v1.3;2009v1.4;2009v1.7;2010v3.2;2010v3.4;2010v3.6;2010v3.7;2011v1.2;2011v1.3;2011v1.4;2011v1.5;2012v2.0;2012v2.1;2012v2.2;2012v2.3;2012v3.0,2012,F,T,,
/Return/ReturnData/IRS990EZ/ExcessOrDeficitForYearAmt,F9_01_EXP_REV_LESS_EXP_CY,Excess or deficit - CY,[ExcessOrDeficitForYearAmt] Part I Line 18,F990-PC-PART-01-LINE-19-CY,F990-EZ-PART-01-LINE-18,F990,EZ,PART-01,Line 18,PZ,USAmountType,numeric,ONE,F9-P01-T00-SUMMARY,FALSE,2013v3.0;2013v3.1;2013v4.0;2014v5.0;2014v6.0;2015v2.0;2015v2.1;2015v3.0;2016v3.0,2016,F,T,,
/Return/ReturnData/IRS990/Form990PartI/RevenuesLessExpensesPriorYear,F9_01_EXP_REV_LESS_EXP_PY,Revenues less expenses - prior year,,F990-PC-PART-01-LINE-19-PY,F990-PC-PART-01-LINE-19-PY,F990,PC,PART-01,Line 19 PY,PC,,numeric,ONE,F9-P01-T00-SUMMARY,,,,,,,
/Return/ReturnData/IRS990/PYRevenuesLessExpensesAmt,F9_01_EXP_REV_LESS_EXP_PY,Revenues less expenses - prior year,[PYRevenuesLessExpensesAmt] Part I Line 19,F990-PC-PART-01-LINE-19-PY,F990-PC-PART-01-LINE-19-PY,F990,PC,PART-01,Line 19 PY,PC,USAmountType,numeric,ONE,F9-P01-T00-SUMMARY,,2013v3.0;2013v3.1;2013v4.0;2014v5.0;2014v6.0;2015v2.0;2015v2.1;2015v3.0;2016v3.0,2016,F,T,,
/Return/ReturnData/IRS990/RevenuesLessExpensesPriorYear,F9_01_EXP_REV_LESS_EXP_PY,Revenues less expenses - prior year,[RevenuesLessExpensesPriorYear] Part I Line 19,F990-PC-PART-01-LINE-19-PY,F990-PC-PART-01-LINE-19-PY,F990,PC,PART-01,Line 19 PY,PC,USAmountType,numeric,ONE,F9-P01-T00-SUMMARY,,2009v1.0;2009v1.1;2009v1.2;2009v1.3;2009v1.4;2009v1.7;2010v3.2;2010v3.4;2010v3.6;2010v3.7;2011v1.2;2011v1.3;2011v1.4;2011v1.5;2012v2.0;2012v2.1;2012v2.2;2012v2.3;2012v3.0,2012,F,T,,
/Return/ReturnData/IRS990/Form990PartI/TotalAssetsBOY,F9_01_NAFB_ASSET_TOT_BOY,Total Assets; BOY,,F990-PC-PART-01-LINE-20-BOY,F990-PC-PART-01-LINE-20-BOY,F990,PC,PART-01,Line 20 BOY,PZ,,numeric,ONE,F9-P01-T00-SUMMARY,,,,,,,
/Return/ReturnData/IRS990/TotalAssetsBOY,F9_01_NAFB_ASSET_TOT_BOY,"Total Assets, BOY",[TotalAssetsBOY] Part I Line 20,F990-PC-PART-01-LINE-20-BOY,F990-PC-PART-01-LINE-20-BOY,F990,PC,PART-01,Line 20 BOY,PZ,USAmountType,numeric,ONE,F9-P01-T00-SUMMARY,FALSE,2009v1.0;2009v1.1;2009v1.2;2009v1.3;2009v1.4;2009v1.7;2010v3.2;2010v3.4;2010v3.6;2010v3.7;2011v1.2;2011v1.3;2011v1.4;2011v1.5;2012v2.0;2012v2.1;2012v2.2;2012v2.3;2012v3.0,2012,F,T,,
/Return/ReturnData/IRS990/TotalAssetsBOYAmt,F9_01_NAFB_ASSET_TOT_BOY,"Total Assets, BOY",[TotalAssetsBOYAmt] Part I Line 20,F990-PC-PART-01-LINE-20-BOY,F990-PC-PART-01-LINE-20-BOY,F990,PC,PART-01,Line 20 BOY,PZ,USAmountType,numeric,ONE,F9-P01-T00-SUMMARY,FALSE,2013v3.0;2013v3.1;2013v4.0;2014v5.0;2014v6.0;2015v2.0;2015v2.1;2015v3.0;2016v3.0,2016,F,T,,
/Return/ReturnData/IRS990EZ/TotalAssetsBOY,F9_01_NAFB_ASSET_TOT_BOY,Total Assets; BOY,,F990-PC-PART-01-LINE-20-BOY,F990-EZ-PART-02-LINE-25-BOY,F990,EZ,PART-01,Line 25 BOY,PZ,,numeric,ONE,F9-P01-T00-SUMMARY,FALSE,,,,,,
/Return/ReturnData/IRS990EZ/TotalAssetsBOYAmt,F9_01_NAFB_ASSET_TOT_BOY,Total Assets; BOY,,F990-PC-PART-01-LINE-20-BOY,F990-EZ-PART-02-LINE-25-BOY,F990,EZ,PART-01,Line 25 BOY,PZ,,numeric,ONE,F9-P01-T00-SUMMARY,FALSE,,,,,,
/Return/ReturnData/IRS990/Form990PartI/TotalAssetsEOY,F9_01_NAFB_ASSET_TOT_EOY,Total Assets; EOY,,F990-PC-PART-01-LINE-20-EOY,F990-PC-PART-01-LINE-20-EOY,F990,PC,PART-01,Line 20 EOY,PZ,,numeric,ONE,F9-P01-T00-SUMMARY,,,,,,,
/Return/ReturnData/IRS990/TotalAssetsEOY,F9_01_NAFB_ASSET_TOT_EOY,"Total Assets, EOY",[TotalAssetsEOY] Part I Line 20,F990-PC-PART-01-LINE-20-EOY,F990-PC-PART-01-LINE-20-EOY,F990,PC,PART-01,Line 20 EOY,PZ,USAmountType,numeric,ONE,F9-P01-T00-SUMMARY,FALSE,2009v1.0;2009v1.1;2009v1.2;2009v1.3;2009v1.4;2009v1.7;2010v3.2;2010v3.4;2010v3.6;2010v3.7;2011v1.2;2011v1.3;2011v1.4;2011v1.5;2012v2.0;2012v2.1;2012v2.2;2012v2.3;2012v3.0,2012,F,T,,
/Return/ReturnData/IRS990/TotalAssetsEOYAmt,F9_01_NAFB_ASSET_TOT_EOY,"Total Assets, EOY",[TotalAssetsEOYAmt] Part I Line 20,F990-PC-PART-01-LINE-20-EOY,F990-PC-PART-01-LINE-20-EOY,F990,PC,PART-01,Line 20 EOY,PZ,USAmountType,numeric,ONE,F9-P01-T00-SUMMARY,FALSE,2013v3.0;2013v3.1;2013v4.0;2014v5.0;2014v6.0;2015v2.0;2015v2.1;2015v3.0;2016v3.0,2016,F,T,,
/Return/ReturnData/IRS990/Form990PartI/TotalLiabilitiesBOY,F9_01_NAFB_LIAB_TOT_BOY,Total Liabilities; BOY,,F990-PC-PART-01-LINE-21-BOY,F990-PC-PART-01-LINE-21-BOY,F990,PC,PART-01,Line 21 BOY,PZ,,numeric,ONE,F9-P01-T00-SUMMARY,,,,,,,
/Return/ReturnData/IRS990/TotalLiabilitiesBOY,F9_01_NAFB_LIAB_TOT_BOY,"Total Liabilities, BOY",[TotalLiabilitiesBOY] Part I Line 21,F990-PC-PART-01-LINE-21-BOY,F990-PC-PART-01-LINE-21-BOY,F990,PC,PART-01,Line 21 BOY,PZ,USAmountType,numeric,ONE,F9-P01-T00-SUMMARY,FALSE,2009v1.0;2009v1.1;2009v1.2;2009v1.3;2009v1.4;2009v1.7;2010v3.2;2010v3.4;2010v3.6;2010v3.7;2011v1.2;2011v1.3;2011v1.4;2011v1.5;2012v2.0;2012v2.1;2012v2.2;2012v2.3;2012v3.0,2012,F,T,,
/Return/ReturnData/IRS990/TotalLiabilitiesBOYAmt,F9_01_NAFB_LIAB_TOT_BOY,"Total Liabilities, BOY",[TotalLiabilitiesBOYAmt] Part I Line 21,F990-PC-PART-01-LINE-21-BOY,F990-PC-PART-01-LINE-21-BOY,F990,PC,PART-01,Line 21 BOY,PZ,USAmountType,numeric,ONE,F9-P01-T00-SUMMARY,FALSE,2013v3.0;2013v3.1;2013v4.0;2014v5.0;2014v6.0;2015v2.0;2015v2.1;2015v3.0;2016v3.0,2016,F,T,,
/Return/ReturnData/IRS990EZ/TotalLiabilitiesBOY,F9_01_NAFB_LIAB_TOT_BOY,Total Liabilities; BOY,,F990-PC-PART-01-LINE-21-BOY,F990-EZ-PART-02-LINE-26-BOY,F990,EZ,PART-01,Line 26 BOY,PZ,,numeric,ONE,F9-P01-T00-SUMMARY,FALSE,,,,,,
/Return/ReturnData/IRS990EZ/TotalLiabilitiesBOYAmt,F9_01_NAFB_LIAB_TOT_BOY,Total Liabilities; BOY,,F990-PC-PART-01-LINE-21-BOY,F990-EZ-PART-02-LINE-26-BOY,F990,EZ,PART-01,Line 26 BOY,PZ,,numeric,ONE,F9-P01-T00-SUMMARY,FALSE,,,,,,
/Return/ReturnData/IRS990/Form990PartI/TotalLiabilitiesEOY,F9_01_NAFB_LIAB_TOT_EOY,Total Liabilities; EOY,,F990-PC-PART-01-LINE-21-EOY,F990-PC-PART-01-LINE-21-EOY,F990,PC,PART-01,Line 21 EOY,PZ,,numeric,ONE,F9-P01-T00-SUMMARY,,,,,,,
/Return/ReturnData/IRS990/TotalLiabilitiesEOY,F9_01_NAFB_LIAB_TOT_EOY,"Total Liabilities, EOY",[TotalLiabilitiesEOY] Part I Line 21,F990-PC-PART-01-LINE-21-EOY,F990-PC-PART-01-LINE-21-EOY,F990,PC,PART-01,Line 21 EOY,PZ,USAmountType,numeric,ONE,F9-P01-T00-SUMMARY,FALSE,2009v1.0;2009v1.1;2009v1.2;2009v1.3;2009v1.4;2009v1.7;2010v3.2;2010v3.4;2010v3.6;2010v3.7;2011v1.2;2011v1.3;2011v1.4;2011v1.5;2012v2.0;2012v2.1;2012v2.2;2012v2.3;2012v3.0,2012,F,T,,
/Return/ReturnData/IRS990/TotalLiabilitiesEOYAmt,F9_01_NAFB_LIAB_TOT_EOY,"Total Liabilities, EOY",[TotalLiabilitiesEOYAmt] Part I Line 21,F990-PC-PART-01-LINE-21-EOY,F990-PC-PART-01-LINE-21-EOY,F990,PC,PART-01,Line 21 EOY,PZ,USAmountType,numeric,ONE,F9-P01-T00-SUMMARY,FALSE,2013v3.0;2013v3.1;2013v4.0;2014v5.0;2014v6.0;2015v2.0;2015v2.1;2015v3.0;2016v3.0,2016,F,T,,
/Return/ReturnData/IRS990/Form990PartI/NetAssetsOrFundBalancesBOY,F9_01_NAFB_TOT_BOY,Net Assets or Fund Balances; BOY,,F990-PC-PART-01-LINE-22-BOY,F990-PC-PART-01-LINE-22-BOY,F990,PC,PART-01,Line 22 BOY,PZ,,numeric,ONE,F9-P01-T00-SUMMARY,,,,,,,
/Return/ReturnData/IRS990/NetAssetsOrFundBalancesBOY,F9_01_NAFB_TOT_BOY,"Net Assets or Fund Balances, BOY",[NetAssetsOrFundBalancesBOY] Part I Line 22,F990-PC-PART-01-LINE-22-BOY,F990-PC-PART-01-LINE-22-BOY,F990,PC,PART-01,Line 22 BOY,PZ,USAmountType,numeric,ONE,F9-P01-T00-SUMMARY,FALSE,2009v1.0;2009v1.1;2009v1.2;2009v1.3;2009v1.4;2009v1.7;2010v3.2;2010v3.4;2010v3.6;2010v3.7;2011v1.2;2011v1.3;2011v1.4;2011v1.5;2012v2.0;2012v2.1;2012v2.2;2012v2.3;2012v3.0,2012,F,T,,
/Return/ReturnData/IRS990/NetAssetsOrFundBalancesBOYAmt,F9_01_NAFB_TOT_BOY,"Net Assets or Fund Balances, BOY",[NetAssetsOrFundBalancesBOYAmt] Part I Line 22,F990-PC-PART-01-LINE-22-BOY,F990-PC-PART-01-LINE-22-BOY,F990,PC,PART-01,Line 22 BOY,PZ,USAmountType,numeric,ONE,F9-P01-T00-SUMMARY,FALSE,2013v3.0;2013v3.1;2013v4.0;2014v5.0;2014v6.0;2015v2.0;2015v2.1;2015v3.0;2016v3.0,2016,F,T,,
/Return/ReturnData/IRS990EZ/NetAssetsOrFundBalancesBOY,F9_01_NAFB_TOT_BOY,Net Assets or Fund Balances; BOY,[NetAssetsOrFundBalancesBOY] Part I Line 19,F990-PC-PART-01-LINE-22-BOY,F990-EZ-PART-01-LINE-19,F990,EZ,PART-01,Line 19,PZ,USAmountType,numeric,ONE,F9-P01-T00-SUMMARY,,2009v1.0;2009v1.1;2009v1.2;2009v1.3;2009v1.4;2009v1.7;2010v3.2;2010v3.4;2010v3.6;2010v3.7;2011v1.2;2011v1.3;2011v1.4;2011v1.5;2012v2.0;2012v2.1;2012v2.2;2012v2.3;2012v3.0,2012,F,T,,
/Return/ReturnData/IRS990EZ/NetAssetsOrFundBalancesBOYAmt,F9_01_NAFB_TOT_BOY,Net Assets or Fund Balances; BOY,[NetAssetsOrFundBalancesBOYAmt] Part I Line 19,F990-PC-PART-01-LINE-22-BOY,F990-EZ-PART-01-LINE-19,F990,EZ,PART-01,Line 19,PZ,USAmountType,numeric,ONE,F9-P01-T00-SUMMARY,,2013v3.0;2013v3.1;2013v4.0;2014v5.0;2014v6.0;2015v2.0;2015v2.1;2015v3.0;2016v3.0,2016,F,T,,
/Return/ReturnData/IRS990/Form990PartI/NetAssetsOrFundBalancesEOY,F9_01_NAFB_TOT_EOY,Net Assets or Fund Balances; EOY,,F990-PC-PART-01-LINE-22-EOY,F990-PC-PART-01-LINE-22-EOY,F990,PC,PART-01,Line 22 EOY,PZ,,numeric,ONE,F9-P01-T00-SUMMARY,,,,,,,
/Return/ReturnData/IRS990/NetAssetsOrFundBalancesEOY,F9_01_NAFB_TOT_EOY,"Net Assets or Fund Balances, EOY",[NetAssetsOrFundBalancesEOY] Part I Line 22,F990-PC-PART-01-LINE-22-EOY,F990-PC-PART-01-LINE-22-EOY,F990,PC,PART-01,Line 22 EOY,PZ,USAmountType,numeric,ONE,F9-P01-T00-SUMMARY,FALSE,2009v1.0;2009v1.1;2009v1.2;2009v1.3;2009v1.4;2009v1.7;2010v3.2;2010v3.4;2010v3.6;2010v3.7;2011v1.2;2011v1.3;2011v1.4;2011v1.5;2012v2.0;2012v2.1;2012v2.2;2012v2.3;2012v3.0,2012,F,T,,
/Return/ReturnData/IRS990/NetAssetsOrFundBalancesEOYAmt,F9_01_NAFB_TOT_EOY,"Net Assets or Fund Balances, EOY",[NetAssetsOrFundBalancesEOYAmt] Part I Line 22,F990-PC-PART-01-LINE-22-EOY,F990-PC-PART-01-LINE-22-EOY,F990,PC,PART-01,Line 22 EOY,PZ,USAmountType,numeric,ONE,F9-P01-T00-SUMMARY,FALSE,2013v3.0;2013v3.1;2013v4.0;2014v5.0;2014v6.0;2015v2.0;2015v2.1;2015v3.0;2016v3.0,2016,F,T,,
/Return/ReturnData/IRS990EZ/NetAssetsOrFundBalancesEOY,F9_01_NAFB_TOT_EOY,Net assets EOY,[NetAssetsOrFundBalancesEOY] Part I Line 21,F990-PC-PART-01-LINE-22-EOY,F990-EZ-PART-01-LINE-21,F990,EZ,PART-01,Line 21,PZ,USAmountType,numeric,ONE,F9-P01-T00-SUMMARY,FALSE,2009v1.0;2009v1.1;2009v1.2;2009v1.3;2009v1.4;2009v1.7;2010v3.2;2010v3.4;2010v3.6;2010v3.7;2011v1.2;2011v1.3;2011v1.4;2011v1.5;2012v2.0;2012v2.1;2012v2.2;2012v2.3;2012v3.0,2012,F,T,,
/Return/ReturnData/IRS990EZ/NetAssetsOrFundBalancesEOYAmt,F9_01_NAFB_TOT_EOY,Net assets EOY,[NetAssetsOrFundBalancesEOYAmt] Part I Line 21,F990-PC-PART-01-LINE-22-EOY,F990-EZ-PART-01-LINE-21,F990,EZ,PART-01,Line 21,PZ,USAmountType,numeric,ONE,F9-P01-T00-SUMMARY,FALSE,2013v3.0;2013v3.1;2013v4.0;2014v5.0;2014v6.0;2015v2.0;2015v2.1;2015v3.0;2016v3.0,2016,F,T,,
