xpath,variable_name,variable_name_new,nch,description,location_code_xsd,location_code,form,scope,part,line_number,data_type_xsd,data_type_simple,cardinality,rdb_table,required,versions,latest_version,duplicated,current_version,production_rule,validated
/Return/ReturnData/IRS990/NetUnrelatedBusinessTxblIncome,F9_01_PC_TOTUBINET,F9_01_ACTGOVC_BIZREV_UNR_NET,28,Tot unrelated business revenue - net,[NetUnrelatedBusinessTxblIncome] Part I Line 7b,F990-PC-PART-01-LINE-07B,F990-PC,PC,PART-01,Line 07b,USAmountType,numeric,ONE,F9-P01-T00-SUMMARY,FALSE,2009v1.0;2009v1.1;2009v1.2;2009v1.3;2009v1.4;2009v1.7;2010v3.2;2010v3.4;2010v3.6;2010v3.7;2011v1.2;2011v1.3;2011v1.4;2011v1.5;2012v2.0;2012v2.1;2012v2.2;2012v2.3;2012v3.0,2012,F,T,,
/Return/ReturnData/IRS990/NetUnrelatedBusTxblIncmAmt,F9_01_PC_TOTUBINET,F9_01_ACTGOVC_BIZREV_UNR_NET,28,Tot unrelated business revenue - net,[NetUnrelatedBusTxblIncmAmt] Part I Line 7b,F990-PC-PART-01-LINE-07B,F990-PC,PC,PART-01,Line 07b,USAmountType,numeric,ONE,F9-P01-T00-SUMMARY,FALSE,2013v3.0;2013v3.1;2013v4.0;2014v5.0;2014v6.0;2015v2.0;2015v2.1;2015v3.0;2016v3.0,2016,F,T,,
/Return/ReturnData/IRS990/Form990PartI/NetUnrelatedBusinessTxblIncome,F9_01_PC_NETUNRBUSINC,F9_01_ACTGOVC_BIZREV_UNR_NET,28,Net unrelated business taxable income,,F990-PC-PART-01-LINE-07B,F990-PC,PC,PART-01,Line 07b,USAmountType,numeric,ONE,F9-P01-T00-SUMMARY,,,,,,,
/Return/ReturnData/IRS990/Form990PartI/ActivityOrMissionDescription,F9_01_PC_ACTIMISSDESC,F9_01_ACTGOVC_MISSION_ACT,25,Activity or mission description,,F990-PC-PART-01-LINE-01,F990-PC,PC,PART-01,Line 01,,text,ONE,F9-P01-T00-SUMMARY,,,,,,,
/Return/ReturnData/IRS990/ActivityOrMissionDesc,F9_01_PZ_ORGMISS,F9_01_ACTGOVC_MISSION_ACT,25,Organization mission or most signif activities,[ActivityOrMissionDesc] Part I Line 1,F990-PC-PART-01-LINE-01,F990-PC,PZ,PART-01,Line 01,ShortExplanationType,text,ONE,F9-P01-T00-SUMMARY,FALSE,2013v3.0;2013v3.1;2013v4.0;2014v5.0;2014v6.0;2015v2.0;2015v2.1;2015v3.0;2016v3.0,2016,F,T,,
/Return/ReturnData/IRS990/ActivityOrMissionDescription,F9_01_PZ_ORGMISS,F9_01_ACTGOVC_MISSION_ACT,25,Organization mission or most signif activities,[ActivityOrMissionDescription] Part I Line 1,F990-PC-PART-01-LINE-01,F990-PC,PZ,PART-01,Line 01,ShortExplanationType,text,ONE,F9-P01-T00-SUMMARY,FALSE,2009v1.0;2009v1.1;2009v1.2;2009v1.3;2009v1.4;2009v1.7;2010v3.2;2010v3.4;2010v3.6;2010v3.7;2011v1.2;2011v1.3;2011v1.4;2011v1.5;2012v2.0;2012v2.1;2012v2.2;2012v2.3;2012v3.0,2012,F,T,,
/Return/ReturnData/IRS990/NbrVotingMembersGoverningBody,F9_01_PC_MEMSGOV,F9_01_ACTGOVC_NUM_VOTMEMB,25,Number of voting members of gov body,[NbrVotingMembersGoverningBody] Part I Line 3,F990-PC-PART-01-LINE-03,F990-PC,PC,PART-01,Line 03,IntegerNNType,numeric,ONE,F9-P01-T00-SUMMARY,FALSE,2009v1.0;2009v1.1;2009v1.2;2009v1.3;2009v1.4;2009v1.7;2010v3.2;2010v3.4;2010v3.6;2010v3.7;2011v1.2;2011v1.3;2011v1.4;2011v1.5;2012v2.0;2012v2.1;2012v2.2;2012v2.3;2012v3.0,2012,F,T,,
/Return/ReturnData/IRS990/VotingMembersGoverningBodyCnt,F9_01_PC_VMEMSGOV,F9_01_ACTGOVC_NUM_VOTMEMB,25,Number of voting members of gov body,[VotingMembersGoverningBodyCnt] Part I Line 3,F990-PC-PART-01-LINE-03,F990-PC,PC,PART-01,Line 03,IntegerNNType,numeric,ONE,F9-P01-T00-SUMMARY,FALSE,2013v3.0;2013v3.1;2013v4.0;2014v5.0;2014v6.0;2015v2.0;2015v2.1;2015v3.0;2016v3.0,2016,F,T,,
/Return/ReturnData/IRS990/Form990PartI/NbrVotingMembersGoverningBody,F9_01_PC_NBVOMEGOBOOD,F9_01_ACTGOVC_NUM_VOTMEMB,25,Number voting members governing body,,F990-PC-PART-01-LINE-03,F990-PC,PC,PART-01,Line 03,IntegerNNType,numeric,ONE,F9-P01-T00-SUMMARY,,,,,,,
/Return/ReturnData/IRS990/NbrIndependentVotingMembers,F9_01_PC_INDVMEMSGOV,F9_01_ACTGOVC_NUM_VOTMEMB_INDEP,31,Number of indep voting members of gov body,[NbrIndependentVotingMembers] Part I Line 4,F990-PC-PART-01-LINE-04,F990-PC,PC,PART-01,Line 04,IntegerNNType,numeric,ONE,F9-P01-T00-SUMMARY,FALSE,2009v1.0;2009v1.1;2009v1.2;2009v1.3;2009v1.4;2009v1.7;2010v3.2;2010v3.4;2010v3.6;2010v3.7;2011v1.2;2011v1.3;2011v1.4;2011v1.5;2012v2.0;2012v2.1;2012v2.2;2012v2.3;2012v3.0,2012,F,T,,
/Return/ReturnData/IRS990/VotingMembersIndependentCnt,F9_01_PC_INDVMEMSGOV,F9_01_ACTGOVC_NUM_VOTMEMB_INDEP,31,Number of indep voting members of gov body,[VotingMembersIndependentCnt] Part I Line 4,F990-PC-PART-01-LINE-04,F990-PC,PC,PART-01,Line 04,IntegerNNType,numeric,ONE,F9-P01-T00-SUMMARY,FALSE,2013v3.0;2013v3.1;2013v4.0;2014v5.0;2014v6.0;2015v2.0;2015v2.1;2015v3.0;2016v3.0,2016,F,T,,
/Return/ReturnData/IRS990/Form990PartI/NbrIndependentVotingMembers,F9_01_PC_NBREVOTIMEMB,F9_01_ACTGOVC_NUM_VOTMEMB_INDEP,31,Number independent voting members,,F990-PC-PART-01-LINE-04,F990-PC,PC,PART-01,Line 04,IntegerNNType,numeric,ONE,F9-P01-T00-SUMMARY,,,,,,,
/Return/ReturnData/IRS990/ContractTerminationInd,F9_01_PC_CONTRATERMIN,F9_01_ACTGOVC_TERMIN_CONTRA_X,29,Termination or contraction,[ContractTerminationInd] Part I Line 2,F990-PC-PART-01-LINE-02,F990-PC,PC,PART-01,Line 02,CheckboxType,checkbox,ONE,F9-P01-T00-SUMMARY,,2013v3.0;2013v3.1;2013v4.0;2014v5.0;2014v6.0;2015v2.0;2015v2.1;2015v3.0;2016v3.0,2016,F,T,,
/Return/ReturnData/IRS990/Form990PartI/TerminationOrContraction,F9_01_PC_TERMINCONTRA,F9_01_ACTGOVC_TERMIN_CONTRA_X,29,Termination or contraction,,F990-PC-PART-01-LINE-02,F990-PC,PC,PART-01,Line 02,,checkbox,ONE,F9-P01-T00-SUMMARY,,,,,,,
/Return/ReturnData/IRS990/TerminationOrContraction,F9_01_PC_TERMINCONTRA,F9_01_ACTGOVC_TERMIN_CONTRA_X,29,Termination or contraction,[TerminationOrContraction] Part I Line 2,F990-PC-PART-01-LINE-02,F990-PC,PC,PART-01,Line 02,CheckboxType,checkbox,ONE,F9-P01-T00-SUMMARY,,2009v1.0;2009v1.1;2009v1.2;2009v1.3;2009v1.4;2009v1.7;2010v3.2;2010v3.4;2010v3.6;2010v3.7;2011v1.2;2011v1.3;2011v1.4;2011v1.5;2012v2.0;2012v2.1;2012v2.2;2012v2.3;2012v3.0,2012,F,T,,
/Return/ReturnData/IRS990/TotalGrossUBI,F9_01_PC_TOTUBIGR,F9_01_ACTGOVC_TOT_BIZREV_UNR,28,Tot unrelated business revenue - gross,[TotalGrossUBI] Part I Line 7a,F990-PC-PART-01-LINE-07A,F990-PC,PC,PART-01,Line 07a,USAmountType,numeric,ONE,F9-P01-T00-SUMMARY,FALSE,2009v1.0;2009v1.1;2009v1.2;2009v1.3;2009v1.4;2009v1.7;2010v3.2;2010v3.4;2010v3.6;2010v3.7;2011v1.2;2011v1.3;2011v1.4;2011v1.5;2012v2.0;2012v2.1;2012v2.2;2012v2.3;2012v3.0,2012,F,T,,
/Return/ReturnData/IRS990/TotalGrossUBIAmt,F9_01_PC_TOTUBIGR,F9_01_ACTGOVC_TOT_BIZREV_UNR,28,Tot unrelated business revenue - gross,[TotalGrossUBIAmt] Part I Line 7a,F990-PC-PART-01-LINE-07A,F990-PC,PC,PART-01,Line 07a,USAmountType,numeric,ONE,F9-P01-T00-SUMMARY,FALSE,2013v3.0;2013v3.1;2013v4.0;2014v5.0;2014v6.0;2015v2.0;2015v2.1;2015v3.0;2016v3.0,2016,F,T,,
/Return/ReturnData/IRS990/Form990PartI/TotalGrossUBI,F9_01_PC_TOGRUBBII,F9_01_ACTGOVC_TOT_BIZREV_UNR,28,Total gross UBI,,F990-PC-PART-01-LINE-07A,F990-PC,PC,PART-01,Line 07a,USAmountType,numeric,ONE,F9-P01-T00-SUMMARY,,,,,,,
/Return/ReturnData/IRS990/TotalEmployeeCnt,F9_01_PC_TOTINDIVSEMP,F9_01_ACTGOVC_TOT_INDIV_EMP,27,Tot Individuals Employed,[TotalEmployeeCnt] Part I Line 5,F990-PC-PART-01-LINE-05,F990-PC,PC,PART-01,Line 05,IntegerNNType,numeric,ONE,F9-P01-T00-SUMMARY,FALSE,2013v3.0;2013v3.1;2013v4.0;2014v5.0;2014v6.0;2015v2.0;2015v2.1;2015v3.0;2016v3.0,2016,F,T,,
/Return/ReturnData/IRS990/TotalNbrEmployees,F9_01_PC_TOTINDIVSEMP,F9_01_ACTGOVC_TOT_INDIV_EMP,27,Tot Individuals Employed,[TotalNbrEmployees] Part I Line 5,F990-PC-PART-01-LINE-05,F990-PC,PC,PART-01,Line 05,IntegerNNType,numeric,ONE,F9-P01-T00-SUMMARY,FALSE,2009v1.0;2009v1.1;2009v1.2;2009v1.3;2009v1.4;2009v1.7;2010v3.2;2010v3.4;2010v3.6;2010v3.7;2011v1.2;2011v1.3;2011v1.4;2011v1.5;2012v2.0;2012v2.1;2012v2.2;2012v2.3;2012v3.0,2012,F,T,,
/Return/ReturnData/IRS990/Form990PartI/TotalNbrEmployees,F9_01_PC_TOTANBREEMPL,F9_01_ACTGOVC_TOT_INDIV_EMP,27,total Number employees,,F990-PC-PART-01-LINE-05,F990-PC,PC,PART-01,Line 05,IntegerNNType,numeric,ONE,F9-P01-T00-SUMMARY,,,,,,,
/Return/ReturnData/IRS990/TotalNbrVolunteers,F9_01_PC_TOTINDIVSEMP,F9_01_ACTGOVC_TOT_VOLUNT,24,Tot Volunteers,[TotalNbrVolunteers] Part I Line 6,F990-PC-PART-01-LINE-06,F990-PC,PC,PART-01,Line 06,IntegerNNType,numeric,ONE,F9-P01-T00-SUMMARY,FALSE,2009v1.0;2009v1.1;2009v1.2;2009v1.3;2009v1.4;2009v1.7;2010v3.2;2010v3.4;2010v3.6;2010v3.7;2011v1.2;2011v1.3;2011v1.4;2011v1.5;2012v2.0;2012v2.1;2012v2.2;2012v2.3;2012v3.0,2012,F,T,,
/Return/ReturnData/IRS990/TotalVolunteersCnt,F9_01_PC_TOTINDIVSEMP,F9_01_ACTGOVC_TOT_VOLUNT,24,Tot Volunteers,[TotalVolunteersCnt] Part I Line 6,F990-PC-PART-01-LINE-06,F990-PC,PC,PART-01,Line 06,IntegerNNType,numeric,ONE,F9-P01-T00-SUMMARY,FALSE,2013v3.0;2013v3.1;2013v4.0;2014v5.0;2014v6.0;2015v2.0;2015v2.1;2015v3.0;2016v3.0,2016,F,T,,
/Return/ReturnData/IRS990/Form990PartI/TotalNbrVolunteers,F9_01_PC_TOTANBRVVOLU,F9_01_ACTGOVC_TOT_VOLUNT,24,Total number volunteers,,F990-PC-PART-01-LINE-06,F990-PC,PC,PART-01,Line 06,IntegerNNType,numeric,ONE,F9-P01-T00-SUMMARY,,,,,,,
/Return/ReturnData/IRS990EZ/BenefitsPaidToOrForMembers,F9_01_PZ_BENSPDTOMEMSCY,F9_01_EXP_BENF_PAID_MEMB_CY,27,Benefits paid to or for members,[BenefitsPaidToOrForMembers] Part I Line 11,F990-EZ-PART-01-LINE-11,F990-EZ,PZ,PART-01,Line 11,USAmountNNType,numeric,ONE,F9-P01-T00-SUMMARY,FALSE,2009v1.0;2009v1.1;2009v1.2;2009v1.3;2009v1.4;2009v1.7;2010v3.2;2010v3.4;2010v3.6;2010v3.7;2011v1.2;2011v1.3;2011v1.4;2011v1.5;2012v2.0;2012v2.1;2012v2.2;2012v2.3;2012v3.0,2012,F,T,,
/Return/ReturnData/IRS990EZ/BenefitsPaidToOrForMembersAmt,F9_01_PZ_BENSPDTOMEMSCY,F9_01_EXP_BENF_PAID_MEMB_CY,27,Benefits paid to or for members,[BenefitsPaidToOrForMembersAmt] Part I Line 11,F990-EZ-PART-01-LINE-11,F990-EZ,PZ,PART-01,Line 11,USAmountNNType,numeric,ONE,F9-P01-T00-SUMMARY,FALSE,2013v3.0;2013v3.1;2013v4.0;2014v5.0;2014v6.0;2015v2.0;2015v2.1;2015v3.0;2016v3.0,2016,F,T,,
/Return/ReturnData/IRS990/Form990PartI/BenefitsPaidToMembersCurrYear,F9_01_PC_BEPATOMECUYE,F9_01_EXP_BENF_PAID_MEMB_CY,27,Benefits paid to members - current year,,F990-PC-PART-01-LINE-14-CY,F990-PC,PZ,PART-01,Line 14 CY,,numeric,ONE,F9-P01-T00-SUMMARY,,,,,,,
/Return/ReturnData/IRS990/BenefitsPaidToMembersCY,F9_01_PZ_BENSPDTOMEMSCY,F9_01_EXP_BENF_PAID_MEMB_CY,27,Benefits paid to members - CY,[BenefitsPaidToMembersCY] Part I Line 14,F990-PC-PART-01-LINE-14-CY,F990-PC,PZ,PART-01,Line 14 CY,USAmountType,numeric,ONE,F9-P01-T00-SUMMARY,FALSE,2009v1.0;2009v1.1;2009v1.2;2009v1.3;2009v1.4;2009v1.7;2010v3.2;2010v3.4;2010v3.6;2010v3.7;2011v1.2;2011v1.3;2011v1.4;2011v1.5;2012v2.0;2012v2.1;2012v2.2;2012v2.3;2012v3.0,2012,F,T,,
/Return/ReturnData/IRS990/CYBenefitsPaidToMembersAmt,F9_01_PZ_BENSPDTOMEMSCY,F9_01_EXP_BENF_PAID_MEMB_CY,27,Benefits paid to members - CY,[CYBenefitsPaidToMembersAmt] Part I Line 14,F990-PC-PART-01-LINE-14-CY,F990-PC,PZ,PART-01,Line 14 CY,USAmountType,numeric,ONE,F9-P01-T00-SUMMARY,FALSE,2013v3.0;2013v3.1;2013v4.0;2014v5.0;2014v6.0;2015v2.0;2015v2.1;2015v3.0;2016v3.0,2016,F,T,,
/Return/ReturnData/IRS990/BenefitsPaidToMembersPriorYear,F9_01_PC_BENSPDTOMEMSPY,F9_01_EXP_BENF_PAID_MEMB_PY,27,Benefits paid to members - PY,[BenefitsPaidToMembersPriorYear] Part I Line 14,F990-PC-PART-01-LINE-14-PY,F990-PC,PC,PART-01,Line 14 PY,USAmountType,numeric,ONE,F9-P01-T00-SUMMARY,FALSE,2009v1.0;2009v1.1;2009v1.2;2009v1.3;2009v1.4;2009v1.7;2010v3.2;2010v3.4;2010v3.6;2010v3.7;2011v1.2;2011v1.3;2011v1.4;2011v1.5;2012v2.0;2012v2.1;2012v2.2;2012v2.3;2012v3.0,2012,F,T,,
/Return/ReturnData/IRS990/PYBenefitsPaidToMembersAmt,F9_01_PC_BENSPDTOMEMSPY,F9_01_EXP_BENF_PAID_MEMB_PY,27,Benefits paid to members - PY,[PYBenefitsPaidToMembersAmt] Part I Line 14,F990-PC-PART-01-LINE-14-PY,F990-PC,PC,PART-01,Line 14 PY,USAmountType,numeric,ONE,F9-P01-T00-SUMMARY,FALSE,2013v3.0;2013v3.1;2013v4.0;2014v5.0;2014v6.0;2015v2.0;2015v2.1;2015v3.0;2016v3.0,2016,F,T,,
/Return/ReturnData/IRS990/Form990PartI/BenefitsPaidToMembersPriorYear,F9_01_PC_BEPATOMEPRYE,F9_01_EXP_BENF_PAID_MEMB_PY,27,Benefits paid to members - prior year,,F990-PC-PART-01-LINE-14-PY,F990-PC,PC,PART-01,Line 14 PY,,numeric,ONE,F9-P01-T00-SUMMARY,,,,,,,
/Return/ReturnData/IRS990EZ/GrantsAndSimilarAmntsCY,F9_01_PZ_GRSIAMCYY,F9_01_EXP_GRANTS_CY,19,Grants and similar amounts - CY,,F990-EZ-PART-01-LINE-10,F990-EZ,PZ,PART-01,Line 10,,numeric,ONE,F9-P01-T00-SUMMARY,FALSE,,,,,,
/Return/ReturnData/IRS990EZ/GrantsAndSimilarAmountsPaid,F9_01_PZ_GRNTSPAIDCY,F9_01_EXP_GRANTS_CY,19,Grants and similar amounts - CY,[GrantsAndSimilarAmountsPaid] Part I Line 10,F990-EZ-PART-01-LINE-10,F990-EZ,PZ,PART-01,Line 10,USAmountNNType,numeric,ONE,F9-P01-T00-SUMMARY,FALSE,2009v1.0;2009v1.1;2009v1.2;2009v1.3;2009v1.4;2009v1.7;2010v3.2;2010v3.4;2010v3.6;2010v3.7;2011v1.2;2011v1.3;2011v1.4;2011v1.5;2012v2.0;2012v2.1;2012v2.2;2012v2.3;2012v3.0,2012,F,T,,
/Return/ReturnData/IRS990/Form990PartI/GrantsAndSimilarAmntsCurrYear,F9_01_PC_GRSIAMCUYEEA,F9_01_EXP_GRANTS_CY,19,Grants and similar amounts - current year,,F990-PC-PART-01-LINE-13-CY,F990-PC,PZ,PART-01,Line 13 CY,,numeric,ONE,F9-P01-T00-SUMMARY,,,,,,,
/Return/ReturnData/IRS990/CYGrantsAndSimilarPaidAmt,F9_01_PZ_GRNTSPAIDCY,F9_01_EXP_GRANTS_CY,19,Grants and similar amounts - CY,[CYGrantsAndSimilarPaidAmt] Part I Line 13,F990-PC-PART-01-LINE-13-CY,F990-PC,PZ,PART-01,Line 13 CY,USAmountType,numeric,ONE,F9-P01-T00-SUMMARY,FALSE,2013v3.0;2013v3.1;2013v4.0;2014v5.0;2014v6.0;2015v2.0;2015v2.1;2015v3.0;2016v3.0,2016,F,T,,
/Return/ReturnData/IRS990/GrantsAndSimilarAmntsCY,F9_01_PZ_GRNTSPAIDCY,F9_01_EXP_GRANTS_CY,19,Grants and similar amounts - CY,[GrantsAndSimilarAmntsCY] Part I Line 13,F990-PC-PART-01-LINE-13-CY,F990-PC,PZ,PART-01,Line 13 CY,USAmountType,numeric,ONE,F9-P01-T00-SUMMARY,FALSE,2009v1.0;2009v1.1;2009v1.2;2009v1.3;2009v1.4;2009v1.7;2010v3.2;2010v3.4;2010v3.6;2010v3.7;2011v1.2;2011v1.3;2011v1.4;2011v1.5;2012v2.0;2012v2.1;2012v2.2;2012v2.3;2012v3.0,2012,F,T,,
/Return/ReturnData/IRS990/Form990PartI/GrantsAndSimilarAmntsPriorYear,F9_01_PC_GRSIAMPRYEEA,F9_01_EXP_GRANTS_PY,19,Grants and similar amounts - prior year,,F990-PC-PART-01-LINE-13-PY,F990-PC,PC,PART-01,Line 13 PY,,numeric,ONE,F9-P01-T00-SUMMARY,,,,,,,
/Return/ReturnData/IRS990/PYGrantsAndSimilarPaidAmt,F9_01_PC_PYYGGRSIPAAI,F9_01_EXP_GRANTS_PY,19,Grants and similar amounts - prior year,[PYGrantsAndSimilarPaidAmt] Part I Line 13,F990-PC-PART-01-LINE-13-PY,F990-PC,PC,PART-01,Line 13 PY,USAmountType,numeric,ONE,F9-P01-T00-SUMMARY,,2013v3.0;2013v3.1;2013v4.0;2014v5.0;2014v6.0;2015v2.0;2015v2.1;2015v3.0;2016v3.0,2016,F,T,,
/Return/ReturnData/IRS990/GrantsAndSimilarAmntsPriorYear,F9_01_PC_GRNTSPAIDPY,F9_01_EXP_GRANTS_PY,19,Grants and similar amounts - PY,[GrantsAndSimilarAmntsPriorYear] Part I Line 13,F990-PC-PART-01-LINE-13-PY,F990-PC,PC,PART-01,Line 13 PY,USAmountType,numeric,ONE,F9-P01-T00-SUMMARY,FALSE,2009v1.0;2009v1.1;2009v1.2;2009v1.3;2009v1.4;2009v1.7;2010v3.2;2010v3.4;2010v3.6;2010v3.7;2011v1.2;2011v1.3;2011v1.4;2011v1.5;2012v2.0;2012v2.1;2012v2.2;2012v2.3;2012v3.0,2012,F,T,,
/Return/ReturnData/IRS990EZ/OtherExpensesCurrentYear,F9_01_PZ_OTHEXPCURYEA,F9_01_EXP_OTH_CY,16,Other expenses -CY,,F990-EZ-PART-01-LINE-16,F990-EZ,PZ,PART-01,Line 16,,numeric,ONE,F9-P01-T00-SUMMARY,FALSE,,,,,,
/Return/ReturnData/IRS990EZ/OtherExpensesTotal,F9_01_PZ_OTHEXPSCY,F9_01_EXP_OTH_CY,16,Other expenses - total - CY,[OtherExpensesTotal] Part I Line 16,F990-EZ-PART-01-LINE-16,F990-EZ,PZ,PART-01,Line 16,USAmountNNType,numeric,ONE,F9-P01-T00-SUMMARY,FALSE,2009v1.0;2009v1.1;2009v1.2;2009v1.3;2009v1.4;2009v1.7;2010v3.2;2010v3.4;2010v3.6;2010v3.7;2011v1.2;2011v1.3;2011v1.4;2011v1.5;2012v2.0;2012v2.1;2012v2.2;2012v2.3;2012v3.0,2012,F,T,,
/Return/ReturnData/IRS990EZ/OtherExpensesTotalAmt,F9_01_PZ_OTHEXPSCY,F9_01_EXP_OTH_CY,16,Other expenses - total - CY,[OtherExpensesTotalAmt] Part I Line 16,F990-EZ-PART-01-LINE-16,F990-EZ,PZ,PART-01,Line 16,USAmountNNType,numeric,ONE,F9-P01-T00-SUMMARY,FALSE,2013v3.0;2013v3.1;2013v4.0;2014v5.0;2014v6.0;2015v2.0;2015v2.1;2015v3.0;2016v3.0,2016,F,T,,
/Return/ReturnData/IRS990/Form990PartI/OtherExpensesCurrentYear,F9_01_PC_OTHEXPCURYEA,F9_01_EXP_OTH_CY,16,Other expenses - current year,,F990-PC-PART-01-LINE-17-CY,F990-PC,PZ,PART-01,Line 17 CY,,numeric,ONE,F9-P01-T00-SUMMARY,,,,,,,
/Return/ReturnData/IRS990/CYOtherExpensesAmt,F9_01_PZ_OTHEXPSCY,F9_01_EXP_OTH_CY,16,Other expenses -CY,[CYOtherExpensesAmt] Part I Line 17,F990-PC-PART-01-LINE-17-CY,F990-PC,PZ,PART-01,Line 17 CY,USAmountType,numeric,ONE,F9-P01-T00-SUMMARY,FALSE,2013v3.0;2013v3.1;2013v4.0;2014v5.0;2014v6.0;2015v2.0;2015v2.1;2015v3.0;2016v3.0,2016,F,T,,
/Return/ReturnData/IRS990/OtherExpensesCurrentYear,F9_01_PZ_OTHEXPSCY,F9_01_EXP_OTH_CY,16,Other expenses -CY,[OtherExpensesCurrentYear] Part I Line 17,F990-PC-PART-01-LINE-17-CY,F990-PC,PZ,PART-01,Line 17 CY,USAmountType,numeric,ONE,F9-P01-T00-SUMMARY,FALSE,2009v1.0;2009v1.1;2009v1.2;2009v1.3;2009v1.4;2009v1.7;2010v3.2;2010v3.4;2010v3.6;2010v3.7;2011v1.2;2011v1.3;2011v1.4;2011v1.5;2012v2.0;2012v2.1;2012v2.2;2012v2.3;2012v3.0,2012,F,T,,
/Return/ReturnData/IRS990/Form990PartI/OtherExpensePriorYear,F9_01_PC_OTHEXPPRIYEA,F9_01_EXP_OTH_PY,16,Other expenses - prior year,,F990-PC-PART-01-LINE-17-PY,F990-PC,PC,PART-01,Line 17 PY,,numeric,ONE,F9-P01-T00-SUMMARY,,,,,,,
/Return/ReturnData/IRS990/OtherExpensePriorYear,F9_01_PC_OTHEXPSPY,F9_01_EXP_OTH_PY,16,Other expenses - PY,[OtherExpensePriorYear] Part I Line 17,F990-PC-PART-01-LINE-17-PY,F990-PC,PC,PART-01,Line 17 PY,USAmountType,numeric,ONE,F9-P01-T00-SUMMARY,FALSE,2009v1.0;2009v1.1;2009v1.2;2009v1.3;2009v1.4;2009v1.7;2010v3.2;2010v3.4;2010v3.6;2010v3.7;2011v1.2;2011v1.3;2011v1.4;2011v1.5;2012v2.0;2012v2.1;2012v2.2;2012v2.3;2012v3.0,2012,F,T,,
/Return/ReturnData/IRS990/PYOtherExpensesAmt,F9_01_PC_OTHEXPSPY,F9_01_EXP_OTH_PY,16,Other expenses - PY,[PYOtherExpensesAmt] Part I Line 17,F990-PC-PART-01-LINE-17-PY,F990-PC,PC,PART-01,Line 17 PY,USAmountType,numeric,ONE,F9-P01-T00-SUMMARY,FALSE,2013v3.0;2013v3.1;2013v4.0;2014v5.0;2014v6.0;2015v2.0;2015v2.1;2015v3.0;2016v3.0,2016,F,T,,
/Return/ReturnData/IRS990/Form990PartI/TotalProfFundrsngExpCurrYear,F9_01_PC_TOPRFUEXCUYE,F9_01_EXP_PROF_FUNDR_CY,23,Total professional fundraising expense - current year,,F990-PC-PART-01-LINE-16A-CY,F990-PC,PC,PART-01,Line 16a CY,,numeric,ONE,F9-P01-T00-SUMMARY,,,,,,,
/Return/ReturnData/IRS990/CYTotalProfFndrsngExpnsAmt,F9_01_PC_PROFNDRSGEXPSCY,F9_01_EXP_PROF_FUNDR_CY,23,Total professional fundraising expense - CY,[CYTotalProfFndrsngExpnsAmt] Part I Line 16a,F990-PC-PART-01-LINE-16A-CY,F990-PC,PC,PART-01,Line 16a CY,USAmountType,numeric,ONE,F9-P01-T00-SUMMARY,FALSE,2013v3.0;2013v3.1;2013v4.0;2014v5.0;2014v6.0;2015v2.0;2015v2.1;2015v3.0;2016v3.0,2016,F,T,,
/Return/ReturnData/IRS990/TotalProfFundrsngExpCY,F9_01_PC_PROFNDRSGEXPSCY,F9_01_EXP_PROF_FUNDR_CY,23,Total professional fundraising expense - CY,[TotalProfFundrsngExpCY] Part I Line 16a,F990-PC-PART-01-LINE-16A-CY,F990-PC,PC,PART-01,Line 16a CY,USAmountType,numeric,ONE,F9-P01-T00-SUMMARY,FALSE,2009v1.0;2009v1.1;2009v1.2;2009v1.3;2009v1.4;2009v1.7;2010v3.2;2010v3.4;2010v3.6;2010v3.7;2011v1.2;2011v1.3;2011v1.4;2011v1.5;2012v2.0;2012v2.1;2012v2.2;2012v2.3;2012v3.0,2012,F,T,,
/Return/ReturnData/IRS990/Form990PartI/TotalProfFundrsngExpPriorYear,F9_01_PC_TOPRFUEXPRYE,F9_01_EXP_PROF_FUNDR_PY,23,Total professional fundraising expense - prior year,,F990-PC-PART-01-LINE-16A-PY,F990-PC,PC,PART-01,Line 16a PY,,numeric,ONE,F9-P01-T00-SUMMARY,,,,,,,
/Return/ReturnData/IRS990/PYTotalProfFndrsngExpnsAmt,F9_01_PC_PROFNDRSGEXPSPY,F9_01_EXP_PROF_FUNDR_PY,23,Total professional fundraising expense - PY,[PYTotalProfFndrsngExpnsAmt] Part I Line 16a,F990-PC-PART-01-LINE-16A-PY,F990-PC,PC,PART-01,Line 16a PY,USAmountType,numeric,ONE,F9-P01-T00-SUMMARY,FALSE,2013v3.0;2013v3.1;2013v4.0;2014v5.0;2014v6.0;2015v2.0;2015v2.1;2015v3.0;2016v3.0,2016,F,T,,
/Return/ReturnData/IRS990/TotalProfFundrsngExpPriorYear,F9_01_PC_PROFNDRSGEXPSPY,F9_01_EXP_PROF_FUNDR_PY,23,Total professional fundraising expense - PY,[TotalProfFundrsngExpPriorYear] Part I Line 16a,F990-PC-PART-01-LINE-16A-PY,F990-PC,PC,PART-01,Line 16a PY,USAmountType,numeric,ONE,F9-P01-T00-SUMMARY,FALSE,2009v1.0;2009v1.1;2009v1.2;2009v1.3;2009v1.4;2009v1.7;2010v3.2;2010v3.4;2010v3.6;2010v3.7;2011v1.2;2011v1.3;2011v1.4;2011v1.5;2012v2.0;2012v2.1;2012v2.2;2012v2.3;2012v3.0,2012,F,T,,
/Return/ReturnData/IRS990/Form990PartI/RevenuesLessExpensesCurrYear,F9_01_PC_RELEEXCUYEEA,F9_01_EXP_REV_LESS_CY,21,Revenues less expenses - current year,,F990-PC-PART-01-LINE-19-CY,F990-PC,PC,PART-01,Line 19 CY,,numeric,ONE,F9-P01-T00-SUMMARY,,,,,,,
/Return/ReturnData/IRS990/RevenuesLessExpensesCY,F9_01_PC_RELEEXCYY,F9_01_EXP_REV_LESS_CY,21,Revenues less expenses - current year,[RevenuesLessExpensesCY] Part I Line 19,F990-PC-PART-01-LINE-19-CY,F990-PC,PC,PART-01,Line 19 CY,USAmountType,numeric,ONE,F9-P01-T00-SUMMARY,,2009v1.0;2009v1.1;2009v1.2;2009v1.3;2009v1.4;2009v1.7;2010v3.2;2010v3.4;2010v3.6;2010v3.7;2011v1.2;2011v1.3;2011v1.4;2011v1.5;2012v2.0;2012v2.1;2012v2.2;2012v2.3;2012v3.0,2012,F,T,,
/Return/ReturnData/IRS990/CYRevenuesLessExpensesAmt,F9_01_PZ_REVSLESSEXPSCY,F9_01_EXP_REV_LESS_CY,21,Excess or deficit - CY,[CYRevenuesLessExpensesAmt] Part I Line 19,F990-PC-PART-01-LINE-19-CY,F990-PC,PC,PART-01,Line 19 CY,USAmountType,numeric,ONE,F9-P01-T00-SUMMARY,FALSE,2013v3.0;2013v3.1;2013v4.0;2014v5.0;2014v6.0;2015v2.0;2015v2.1;2015v3.0;2016v3.0,2016,F,T,,
/Return/ReturnData/IRS990/PYRevenuesLessExpensesAmt,F9_01_PC_PYYRRELEEXXP,F9_01_EXP_REV_LESS_PY,21,Revenues less expenses - prior year,[PYRevenuesLessExpensesAmt] Part I Line 19,F990-PC-PART-01-LINE-19-PY,F990-PC,PC,PART-01,Line 19 PY,USAmountType,numeric,ONE,F9-P01-T00-SUMMARY,,2013v3.0;2013v3.1;2013v4.0;2014v5.0;2014v6.0;2015v2.0;2015v2.1;2015v3.0;2016v3.0,2016,F,T,,
/Return/ReturnData/IRS990/Form990PartI/RevenuesLessExpensesPriorYear,F9_01_PC_RELEEXPRYEEA,F9_01_EXP_REV_LESS_PY,21,Revenues less expenses - prior year,,F990-PC-PART-01-LINE-19-PY,F990-PC,PC,PART-01,Line 19 PY,,numeric,ONE,F9-P01-T00-SUMMARY,,,,,,,
/Return/ReturnData/IRS990/RevenuesLessExpensesPriorYear,F9_01_PC_RELEEXPRYEEA,F9_01_EXP_REV_LESS_PY,21,Revenues less expenses - prior year,[RevenuesLessExpensesPriorYear] Part I Line 19,F990-PC-PART-01-LINE-19-PY,F990-PC,PC,PART-01,Line 19 PY,USAmountType,numeric,ONE,F9-P01-T00-SUMMARY,,2009v1.0;2009v1.1;2009v1.2;2009v1.3;2009v1.4;2009v1.7;2010v3.2;2010v3.4;2010v3.6;2010v3.7;2011v1.2;2011v1.3;2011v1.4;2011v1.5;2012v2.0;2012v2.1;2012v2.2;2012v2.3;2012v3.0,2012,F,T,,
/Return/ReturnData/IRS990EZ/SalariesEtcCurrentYear,F9_01_PZ_SALETCCURYEA,F9_01_EXP_SAL_ETC_CY,20,Salaries; etc - CY,,F990-EZ-PART-01-LINE-12,F990-EZ,PZ,PART-01,Line 12,,numeric,ONE,F9-P01-T00-SUMMARY,FALSE,,,,,,
/Return/ReturnData/IRS990EZ/SalariesOtherCompEmplBenefits,F9_01_PZ_SALCOMPBENSCY,F9_01_EXP_SAL_ETC_CY,20,"Salaries, other compensation, and employee benefits",[SalariesOtherCompEmplBenefits] Part I Line 12,F990-EZ-PART-01-LINE-12,F990-EZ,PZ,PART-01,Line 12,USAmountNNType,numeric,ONE,F9-P01-T00-SUMMARY,FALSE,2009v1.0;2009v1.1;2009v1.2;2009v1.3;2009v1.4;2009v1.7;2010v3.2;2010v3.4;2010v3.6;2010v3.7;2011v1.2;2011v1.3;2011v1.4;2011v1.5;2012v2.0;2012v2.1;2012v2.2;2012v2.3;2012v3.0,2012,F,T,,
/Return/ReturnData/IRS990EZ/SalariesOtherCompEmplBnftAmt,F9_01_PZ_SALCOMPBENSCY,F9_01_EXP_SAL_ETC_CY,20,"Salaries, other compensation, and employee benefits",[SalariesOtherCompEmplBnftAmt] Part I Line 12,F990-EZ-PART-01-LINE-12,F990-EZ,PZ,PART-01,Line 12,USAmountNNType,numeric,ONE,F9-P01-T00-SUMMARY,FALSE,2013v3.0;2013v3.1;2013v4.0;2014v5.0;2014v6.0;2015v2.0;2015v2.1;2015v3.0;2016v3.0,2016,F,T,,
/Return/ReturnData/IRS990/Form990PartI/SalariesEtcCurrentYear,F9_01_PC_SALETCCURYEA,F9_01_EXP_SAL_ETC_CY,20,Salaries; etc - current year,,F990-PC-PART-01-LINE-15-CY,F990-PC,PZ,PART-01,Line 15 CY,,numeric,ONE,F9-P01-T00-SUMMARY,,,,,,,
/Return/ReturnData/IRS990/CYSalariesCompEmpBnftPaidAmt,F9_01_PZ_SALCOMPBENSCY,F9_01_EXP_SAL_ETC_CY,20,"Salaries, etc - CY",[CYSalariesCompEmpBnftPaidAmt] Part I Line 15,F990-PC-PART-01-LINE-15-CY,F990-PC,PZ,PART-01,Line 15 CY,USAmountType,numeric,ONE,F9-P01-T00-SUMMARY,FALSE,2013v3.0;2013v3.1;2013v4.0;2014v5.0;2014v6.0;2015v2.0;2015v2.1;2015v3.0;2016v3.0,2016,F,T,,
/Return/ReturnData/IRS990/SalariesEtcCurrentYear,F9_01_PZ_SALCOMPBENSCY,F9_01_EXP_SAL_ETC_CY,20,"Salaries, etc - CY",[SalariesEtcCurrentYear] Part I Line 15,F990-PC-PART-01-LINE-15-CY,F990-PC,PZ,PART-01,Line 15 CY,USAmountType,numeric,ONE,F9-P01-T00-SUMMARY,FALSE,2009v1.0;2009v1.1;2009v1.2;2009v1.3;2009v1.4;2009v1.7;2010v3.2;2010v3.4;2010v3.6;2010v3.7;2011v1.2;2011v1.3;2011v1.4;2011v1.5;2012v2.0;2012v2.1;2012v2.2;2012v2.3;2012v3.0,2012,F,T,,
/Return/ReturnData/IRS990/Form990PartI/SalariesEtcPriorYear,F9_01_PC_SALETCPRIYEA,F9_01_EXP_SAL_ETC_PY,20,Salaries; etc - prior year,,F990-PC-PART-01-LINE-15-PY,F990-PC,PC,PART-01,Line 15 PY,,numeric,ONE,F9-P01-T00-SUMMARY,,,,,,,
/Return/ReturnData/IRS990/PYSalariesCompEmpBnftPaidAmt,F9_01_PZ_SALCOMPBENS,F9_01_EXP_SAL_ETC_PY,20,"Salaries, etc - PY",[PYSalariesCompEmpBnftPaidAmt] Part I Line 15,F990-PC-PART-01-LINE-15-PY,F990-PC,PC,PART-01,Line 15 PY,USAmountType,numeric,ONE,F9-P01-T00-SUMMARY,FALSE,2013v3.0;2013v3.1;2013v4.0;2014v5.0;2014v6.0;2015v2.0;2015v2.1;2015v3.0;2016v3.0,2016,F,T,,
/Return/ReturnData/IRS990/SalariesEtcPriorYear,F9_01_PZ_SALCOMPBENS,F9_01_EXP_SAL_ETC_PY,20,"Salaries, etc - PY",[SalariesEtcPriorYear] Part I Line 15,F990-PC-PART-01-LINE-15-PY,F990-PC,PC,PART-01,Line 15 PY,USAmountType,numeric,ONE,F9-P01-T00-SUMMARY,FALSE,2009v1.0;2009v1.1;2009v1.2;2009v1.3;2009v1.4;2009v1.7;2010v3.2;2010v3.4;2010v3.6;2010v3.7;2011v1.2;2011v1.3;2011v1.4;2011v1.5;2012v2.0;2012v2.1;2012v2.2;2012v2.3;2012v3.0,2012,F,T,,
/Return/ReturnData/IRS990EZ/TotalExpensesCurrentYear,F9_01_PZ_TOTEXPCURYEA,F9_01_EXP_TOT_CY,16,Total Expenses - CY,,F990-EZ-PART-01-LINE-17,F990-EZ,PZ,PART-01,Line 17,,numeric,ONE,F9-P01-T00-SUMMARY,FALSE,,,,,,
/Return/ReturnData/IRS990EZ/TotalExpenses,F9_01_PC_TOTEXPSCY,F9_01_EXP_TOT_CY,16,Total expenses - CY,[TotalExpenses] Part I Line 17,F990-EZ-PART-01-LINE-17,F990-EZ,PZ,PART-01,Line 17,USAmountNNType,numeric,ONE,F9-P01-T00-SUMMARY,FALSE,2009v1.0;2009v1.1;2009v1.2;2009v1.3;2009v1.4;2009v1.7;2010v3.2;2010v3.4;2010v3.6;2010v3.7;2011v1.2;2011v1.3;2011v1.4;2011v1.5;2012v2.0;2012v2.1;2012v2.2;2012v2.3;2012v3.0,2012,F,T,,
/Return/ReturnData/IRS990EZ/TotalExpensesAmt,F9_01_PC_TOTEXPSCY,F9_01_EXP_TOT_CY,16,Total expenses - CY,[TotalExpensesAmt] Part I Line 17,F990-EZ-PART-01-LINE-17,F990-EZ,PZ,PART-01,Line 17,USAmountNNType,numeric,ONE,F9-P01-T00-SUMMARY,FALSE,2013v3.0;2013v3.1;2013v4.0;2014v5.0;2014v6.0;2015v2.0;2015v2.1;2015v3.0;2016v3.0,2016,F,T,,
/Return/ReturnData/IRS990/Form990PartI/TotalExpensesCurrentYear,F9_01_PC_TOTEXPCURYEA,F9_01_EXP_TOT_CY,16,Total Expenses - current year ,,F990-PC-PART-01-LINE-18-CY,F990-PC,PZ,PART-01,Line 18 CY,,numeric,ONE,F9-P01-T00-SUMMARY,,,,,,,
/Return/ReturnData/IRS990/CYTotalExpensesAmt,F9_01_PZ_TOTEXPSCY,F9_01_EXP_TOT_CY,16,Total Expenses - CY,[CYTotalExpensesAmt] Part I Line 18,F990-PC-PART-01-LINE-18-CY,F990-PC,PZ,PART-01,Line 18 CY,USAmountType,numeric,ONE,F9-P01-T00-SUMMARY,FALSE,2013v3.0;2013v3.1;2013v4.0;2014v5.0;2014v6.0;2015v2.0;2015v2.1;2015v3.0;2016v3.0,2016,F,T,,
/Return/ReturnData/IRS990/TotalExpensesCurrentYear,F9_01_PZ_TOTEXPSCY,F9_01_EXP_TOT_CY,16,Total Expenses - CY,[TotalExpensesCurrentYear] Part I Line 18,F990-PC-PART-01-LINE-18-CY,F990-PC,PZ,PART-01,Line 18 CY,USAmountType,numeric,ONE,F9-P01-T00-SUMMARY,FALSE,2009v1.0;2009v1.1;2009v1.2;2009v1.3;2009v1.4;2009v1.7;2010v3.2;2010v3.4;2010v3.6;2010v3.7;2011v1.2;2011v1.3;2011v1.4;2011v1.5;2012v2.0;2012v2.1;2012v2.2;2012v2.3;2012v3.0,2012,F,T,,
/Return/ReturnData/IRS990/Form990PartI/TotalFundrsngExpCurrentYear,F9_01_PC_TOFUEXCUYEEA,F9_01_EXP_TOT_FUNDR,19,Total fundraising expense - current year,,F990-PC-PART-01-LINE-16B,F990-PC,PC,PART-01,Line 16b,,numeric,ONE,F9-P01-T00-SUMMARY,,,,,,,
/Return/ReturnData/IRS990/CYTotalFundraisingExpenseAmt,F9_01_PC_TOTFNDRSGEXPSCY,F9_01_EXP_TOT_FUNDR,19,Total fundraising expense - CY,[CYTotalFundraisingExpenseAmt] Part I Line 16b,F990-PC-PART-01-LINE-16B,F990-PC,PC,PART-01,Line 16b,USAmountType,numeric,ONE,F9-P01-T00-SUMMARY,FALSE,2013v3.0;2013v3.1;2013v4.0;2014v5.0;2014v6.0;2015v2.0;2015v2.1;2015v3.0;2016v3.0,2016,F,T,,
/Return/ReturnData/IRS990/TotalFundrsngExpCurrentYear,F9_01_PC_TOTFNDRSGEXPSCY,F9_01_EXP_TOT_FUNDR,19,Total fundraising expense - CY,[TotalFundrsngExpCurrentYear] Part I Line 16b,F990-PC-PART-01-LINE-16B,F990-PC,PC,PART-01,Line 16b,USAmountType,numeric,ONE,F9-P01-T00-SUMMARY,FALSE,2009v1.0;2009v1.1;2009v1.2;2009v1.3;2009v1.4;2009v1.7;2010v3.2;2010v3.4;2010v3.6;2010v3.7;2011v1.2;2011v1.3;2011v1.4;2011v1.5;2012v2.0;2012v2.1;2012v2.2;2012v2.3;2012v3.0,2012,F,T,,
/Return/ReturnData/IRS990/Form990PartI/TotalExpensesPriorYear,F9_01_PC_TOTEXPPRIYEA,F9_01_EXP_TOT_PY,16,Total Expenses - prior year,,F990-PC-PART-01-LINE-18-PY,F990-PC,PC,PART-01,Line 18 PY,,numeric,ONE,F9-P01-T00-SUMMARY,,,,,,,
/Return/ReturnData/IRS990/PYTotalExpensesAmt,F9_01_PC_TOTEXPSPY,F9_01_EXP_TOT_PY,16,Total Expenses - PY,[PYTotalExpensesAmt] Part I Line 18,F990-PC-PART-01-LINE-18-PY,F990-PC,PC,PART-01,Line 18 PY,USAmountType,numeric,ONE,F9-P01-T00-SUMMARY,FALSE,2013v3.0;2013v3.1;2013v4.0;2014v5.0;2014v6.0;2015v2.0;2015v2.1;2015v3.0;2016v3.0,2016,F,T,,
/Return/ReturnData/IRS990/TotalExpensesPriorYear,F9_01_PC_TOTEXPSPY,F9_01_EXP_TOT_PY,16,Total Expenses - PY,[TotalExpensesPriorYear] Part I Line 18,F990-PC-PART-01-LINE-18-PY,F990-PC,PC,PART-01,Line 18 PY,USAmountType,numeric,ONE,F9-P01-T00-SUMMARY,FALSE,2009v1.0;2009v1.1;2009v1.2;2009v1.3;2009v1.4;2009v1.7;2010v3.2;2010v3.4;2010v3.6;2010v3.7;2011v1.2;2011v1.3;2011v1.4;2011v1.5;2012v2.0;2012v2.1;2012v2.2;2012v2.3;2012v3.0,2012,F,T,,
/Return/ReturnData/IRS990EZ/NetAssetsOrFundBalancesBOY,F9_01_PZ_NAFBBOY,F9_01_NAFB_BOY,14,Net Assets or Fund Balances; BOY,[NetAssetsOrFundBalancesBOY] Part I Line 19,F990-EZ-PART-01-LINE-19,F990-EZ,PZ,PART-01,Line 19,USAmountType,numeric,ONE,F9-P01-T00-SUMMARY,,2009v1.0;2009v1.1;2009v1.2;2009v1.3;2009v1.4;2009v1.7;2010v3.2;2010v3.4;2010v3.6;2010v3.7;2011v1.2;2011v1.3;2011v1.4;2011v1.5;2012v2.0;2012v2.1;2012v2.2;2012v2.3;2012v3.0,2012,F,T,,
/Return/ReturnData/IRS990EZ/NetAssetsOrFundBalancesBOYAmt,F9_01_PZ_NAFBBOY,F9_01_NAFB_BOY,14,Net Assets or Fund Balances; BOY,[NetAssetsOrFundBalancesBOYAmt] Part I Line 19,F990-EZ-PART-01-LINE-19,F990-EZ,PZ,PART-01,Line 19,USAmountType,numeric,ONE,F9-P01-T00-SUMMARY,,2013v3.0;2013v3.1;2013v4.0;2014v5.0;2014v6.0;2015v2.0;2015v2.1;2015v3.0;2016v3.0,2016,F,T,,
/Return/ReturnData/IRS990/Form990PartI/NetAssetsOrFundBalancesBOY,F9_01_PC_NAFBBOY,F9_01_NAFB_BOY,14,Net Assets or Fund Balances; BOY,,F990-PC-PART-01-LINE-22-BOY,F990-PC,PZ,PART-01,Line 22 BOY,,numeric,ONE,F9-P01-T00-SUMMARY,,,,,,,
/Return/ReturnData/IRS990/NetAssetsOrFundBalancesBOY,F9_01_PC_NETASSFNDBALBOY,F9_01_NAFB_BOY,14,"Net Assets or Fund Balances, BOY",[NetAssetsOrFundBalancesBOY] Part I Line 22,F990-PC-PART-01-LINE-22-BOY,F990-PC,PZ,PART-01,Line 22 BOY,USAmountType,numeric,ONE,F9-P01-T00-SUMMARY,FALSE,2009v1.0;2009v1.1;2009v1.2;2009v1.3;2009v1.4;2009v1.7;2010v3.2;2010v3.4;2010v3.6;2010v3.7;2011v1.2;2011v1.3;2011v1.4;2011v1.5;2012v2.0;2012v2.1;2012v2.2;2012v2.3;2012v3.0,2012,F,T,,
/Return/ReturnData/IRS990/NetAssetsOrFundBalancesBOYAmt,F9_01_PC_NETASSFNDBALBOY,F9_01_NAFB_BOY,14,"Net Assets or Fund Balances, BOY",[NetAssetsOrFundBalancesBOYAmt] Part I Line 22,F990-PC-PART-01-LINE-22-BOY,F990-PC,PZ,PART-01,Line 22 BOY,USAmountType,numeric,ONE,F9-P01-T00-SUMMARY,FALSE,2013v3.0;2013v3.1;2013v4.0;2014v5.0;2014v6.0;2015v2.0;2015v2.1;2015v3.0;2016v3.0,2016,F,T,,
/Return/ReturnData/IRS990EZ/NetAssetsOrFundBalancesEOY,F9_01_PZ_NETASSFNDBALEOY,F9_01_NAFB_EOY,14,Net assets EOY,[NetAssetsOrFundBalancesEOY] Part I Line 21,F990-EZ-PART-01-LINE-21,F990-EZ,PZ,PART-01,Line 21,USAmountType,numeric,ONE,F9-P01-T00-SUMMARY,FALSE,2009v1.0;2009v1.1;2009v1.2;2009v1.3;2009v1.4;2009v1.7;2010v3.2;2010v3.4;2010v3.6;2010v3.7;2011v1.2;2011v1.3;2011v1.4;2011v1.5;2012v2.0;2012v2.1;2012v2.2;2012v2.3;2012v3.0,2012,F,T,,
/Return/ReturnData/IRS990EZ/NetAssetsOrFundBalancesEOYAmt,F9_01_PZ_NETASSFNDBALEOY,F9_01_NAFB_EOY,14,Net assets EOY,[NetAssetsOrFundBalancesEOYAmt] Part I Line 21,F990-EZ-PART-01-LINE-21,F990-EZ,PZ,PART-01,Line 21,USAmountType,numeric,ONE,F9-P01-T00-SUMMARY,FALSE,2013v3.0;2013v3.1;2013v4.0;2014v5.0;2014v6.0;2015v2.0;2015v2.1;2015v3.0;2016v3.0,2016,F,T,,
/Return/ReturnData/IRS990/Form990PartI/NetAssetsOrFundBalancesEOY,F9_01_PC_NAFBEOY,F9_01_NAFB_EOY,14,Net Assets or Fund Balances; EOY,,F990-PC-PART-01-LINE-22-EOY,F990-PC,PZ,PART-01,Line 22 EOY,,numeric,ONE,F9-P01-T00-SUMMARY,,,,,,,
/Return/ReturnData/IRS990/NetAssetsOrFundBalancesEOY,F9_01_PZ_NETASSFNDBALEOY,F9_01_NAFB_EOY,14,"Net Assets or Fund Balances, EOY",[NetAssetsOrFundBalancesEOY] Part I Line 22,F990-PC-PART-01-LINE-22-EOY,F990-PC,PZ,PART-01,Line 22 EOY,USAmountType,numeric,ONE,F9-P01-T00-SUMMARY,FALSE,2009v1.0;2009v1.1;2009v1.2;2009v1.3;2009v1.4;2009v1.7;2010v3.2;2010v3.4;2010v3.6;2010v3.7;2011v1.2;2011v1.3;2011v1.4;2011v1.5;2012v2.0;2012v2.1;2012v2.2;2012v2.3;2012v3.0,2012,F,T,,
/Return/ReturnData/IRS990/NetAssetsOrFundBalancesEOYAmt,F9_01_PZ_NETASSFNDBALEOY,F9_01_NAFB_EOY,14,"Net Assets or Fund Balances, EOY",[NetAssetsOrFundBalancesEOYAmt] Part I Line 22,F990-PC-PART-01-LINE-22-EOY,F990-PC,PZ,PART-01,Line 22 EOY,USAmountType,numeric,ONE,F9-P01-T00-SUMMARY,FALSE,2013v3.0;2013v3.1;2013v4.0;2014v5.0;2014v6.0;2015v2.0;2015v2.1;2015v3.0;2016v3.0,2016,F,T,,
/Return/ReturnData/IRS990EZ/ExcessOrDeficitForYear,F9_01_PZ_EXCDEFFORYEA,F9_01_NAFB_EXC_DEF,18,Excess or deficit,[ExcessOrDeficitForYear] Part I Line 18,F990-EZ-PART-01-LINE-18,F990-EZ,EZ,PART-01,Line 18,USAmountType,numeric,ONE,F9-P01-T00-SUMMARY,,2009v1.0;2009v1.1;2009v1.2;2009v1.3;2009v1.4;2009v1.7;2010v3.2;2010v3.4;2010v3.6;2010v3.7;2011v1.2;2011v1.3;2011v1.4;2011v1.5;2012v2.0;2012v2.1;2012v2.2;2012v2.3;2012v3.0,2012,F,T,,
/Return/ReturnData/IRS990EZ/ExcessOrDeficitForYearAmt,F9_01_PZ_REVSLESSEXPSCY,F9_01_NAFB_EXC_DEF,18,Excess or deficit - CY,[ExcessOrDeficitForYearAmt] Part I Line 18,F990-EZ-PART-01-LINE-18,F990-EZ,EZ,PART-01,Line 18,USAmountType,numeric,ONE,F9-P01-T00-SUMMARY,FALSE,2013v3.0;2013v3.1;2013v4.0;2014v5.0;2014v6.0;2015v2.0;2015v2.1;2015v3.0;2016v3.0,2016,F,T,,
/Return/ReturnData/IRS990EZ/OtherChangesInNetAssets,F9_01_PZ_OTCHINNEASSS,F9_01_NAFB_OTH_CHANGES,22,Other changes in net assets,[OtherChangesInNetAssets] Part I Line 20,F990-EZ-PART-01-LINE-20,F990-EZ,EZ,PART-01,Line 20,USAmountType,numeric,ONE,F9-P01-T00-SUMMARY,,2009v1.0;2009v1.1;2009v1.2;2009v1.3;2009v1.4;2009v1.7;2010v3.2;2010v3.4;2010v3.6;2010v3.7;2011v1.2;2011v1.3;2011v1.4;2011v1.5;2012v2.0;2012v2.1;2012v2.2;2012v2.3;2012v3.0,2012,F,T,,
/Return/ReturnData/IRS990EZ/TotalAssetsBOY,F9_01_PZ_TOASBOOYY,F9_01_NAFB_TOT_ASSETS_BOY,25,Total Assets; BOY,,F990-EZ-PART-02-LINE-25,F990-EZ,PZ,PART-01,Line 25,,numeric,ONE,F9-P01-T00-SUMMARY,FALSE,,,,,,
/Return/ReturnData/IRS990EZ/TotalAssetsBOYAmt,F9_01_PZ_TOASBOOYY,F9_01_NAFB_TOT_ASSETS_BOY,25,Total Assets; BOY,,F990-EZ-PART-02-LINE-25,F990-EZ,PZ,PART-01,Line 25,,numeric,ONE,F9-P01-T00-SUMMARY,FALSE,,,,,,
/Return/ReturnData/IRS990/Form990PartI/TotalAssetsBOY,F9_01_PC_TOASBOOYY,F9_01_NAFB_TOT_ASSETS_BOY,25,Total Assets; BOY,,F990-PC-PART-01-LINE-20-BOY,F990-PC,PZ,PART-01,Line 20 BOY,,numeric,ONE,F9-P01-T00-SUMMARY,,,,,,,
/Return/ReturnData/IRS990/TotalAssetsBOY,F9_01_PZ_TOTASSETSBOY,F9_01_NAFB_TOT_ASSETS_BOY,25,"Total Assets, BOY",[TotalAssetsBOY] Part I Line 20,F990-PC-PART-01-LINE-20-BOY,F990-PC,PZ,PART-01,Line 20 BOY,USAmountType,numeric,ONE,F9-P01-T00-SUMMARY,FALSE,2009v1.0;2009v1.1;2009v1.2;2009v1.3;2009v1.4;2009v1.7;2010v3.2;2010v3.4;2010v3.6;2010v3.7;2011v1.2;2011v1.3;2011v1.4;2011v1.5;2012v2.0;2012v2.1;2012v2.2;2012v2.3;2012v3.0,2012,F,T,,
/Return/ReturnData/IRS990/TotalAssetsBOYAmt,F9_01_PZ_TOTASSETSBOY,F9_01_NAFB_TOT_ASSETS_BOY,25,"Total Assets, BOY",[TotalAssetsBOYAmt] Part I Line 20,F990-PC-PART-01-LINE-20-BOY,F990-PC,PZ,PART-01,Line 20 BOY,USAmountType,numeric,ONE,F9-P01-T00-SUMMARY,FALSE,2013v3.0;2013v3.1;2013v4.0;2014v5.0;2014v6.0;2015v2.0;2015v2.1;2015v3.0;2016v3.0,2016,F,T,,
/Return/ReturnData/IRS990/Form990PartI/TotalAssetsEOY,F9_01_PC_TOASEOOYY,F9_01_NAFB_TOT_ASSETS_EOY,25,Total Assets; EOY,,F990-PC-PART-01-LINE-20-EOY,F990-PC,PZ,PART-01,Line 20 EOY,,numeric,ONE,F9-P01-T00-SUMMARY,,,,,,,
/Return/ReturnData/IRS990/TotalAssetsEOY,F9_01_PC_TOTASSETSEOY,F9_01_NAFB_TOT_ASSETS_EOY,25,"Total Assets, EOY",[TotalAssetsEOY] Part I Line 20,F990-PC-PART-01-LINE-20-EOY,F990-PC,PZ,PART-01,Line 20 EOY,USAmountType,numeric,ONE,F9-P01-T00-SUMMARY,FALSE,2009v1.0;2009v1.1;2009v1.2;2009v1.3;2009v1.4;2009v1.7;2010v3.2;2010v3.4;2010v3.6;2010v3.7;2011v1.2;2011v1.3;2011v1.4;2011v1.5;2012v2.0;2012v2.1;2012v2.2;2012v2.3;2012v3.0,2012,F,T,,
/Return/ReturnData/IRS990/TotalAssetsEOYAmt,F9_01_PC_TOTASSETSEOY,F9_01_NAFB_TOT_ASSETS_EOY,25,"Total Assets, EOY",[TotalAssetsEOYAmt] Part I Line 20,F990-PC-PART-01-LINE-20-EOY,F990-PC,PZ,PART-01,Line 20 EOY,USAmountType,numeric,ONE,F9-P01-T00-SUMMARY,FALSE,2013v3.0;2013v3.1;2013v4.0;2014v5.0;2014v6.0;2015v2.0;2015v2.1;2015v3.0;2016v3.0,2016,F,T,,
/Return/ReturnData/IRS990EZ/TotalLiabilitiesBOY,F9_01_PZ_TOLIBOOYY,F9_01_NAFB_TOT_LIAB_BOY,23,Total Liabilities; BOY,,F990-EZ-PART-02-LINE-26,F990-EZ,PZ,PART-01,Line 26,,numeric,ONE,F9-P01-T00-SUMMARY,FALSE,,,,,,
/Return/ReturnData/IRS990EZ/TotalLiabilitiesBOYAmt,F9_01_PZ_TOLIBOOYY,F9_01_NAFB_TOT_LIAB_BOY,23,Total Liabilities; BOY,,F990-EZ-PART-02-LINE-26,F990-EZ,PZ,PART-01,Line 26,,numeric,ONE,F9-P01-T00-SUMMARY,FALSE,,,,,,
/Return/ReturnData/IRS990/Form990PartI/TotalLiabilitiesBOY,F9_01_PC_TOLIBOOYY,F9_01_NAFB_TOT_LIAB_BOY,23,Total Liabilities; BOY,,F990-PC-PART-01-LINE-21-BOY,F990-PC,PZ,PART-01,Line 21 BOY,,numeric,ONE,F9-P01-T00-SUMMARY,,,,,,,
/Return/ReturnData/IRS990/TotalLiabilitiesBOY,F9_01_PZ_TOTLIABS,F9_01_NAFB_TOT_LIAB_BOY,23,"Total Liabilities, BOY",[TotalLiabilitiesBOY] Part I Line 21,F990-PC-PART-01-LINE-21-BOY,F990-PC,PZ,PART-01,Line 21 BOY,USAmountType,numeric,ONE,F9-P01-T00-SUMMARY,FALSE,2009v1.0;2009v1.1;2009v1.2;2009v1.3;2009v1.4;2009v1.7;2010v3.2;2010v3.4;2010v3.6;2010v3.7;2011v1.2;2011v1.3;2011v1.4;2011v1.5;2012v2.0;2012v2.1;2012v2.2;2012v2.3;2012v3.0,2012,F,T,,
/Return/ReturnData/IRS990/TotalLiabilitiesBOYAmt,F9_01_PZ_TOTLIABS,F9_01_NAFB_TOT_LIAB_BOY,23,"Total Liabilities, BOY",[TotalLiabilitiesBOYAmt] Part I Line 21,F990-PC-PART-01-LINE-21-BOY,F990-PC,PZ,PART-01,Line 21 BOY,USAmountType,numeric,ONE,F9-P01-T00-SUMMARY,FALSE,2013v3.0;2013v3.1;2013v4.0;2014v5.0;2014v6.0;2015v2.0;2015v2.1;2015v3.0;2016v3.0,2016,F,T,,
/Return/ReturnData/IRS990/Form990PartI/TotalLiabilitiesEOY,F9_01_PC_TOLIEOOYY,F9_01_NAFB_TOT_LIAB_EOY,23,Total Liabilities; EOY,,F990-PC-PART-01-LINE-21-COY,F990-PC,PZ,PART-01,Line 21 COY,,numeric,ONE,F9-P01-T00-SUMMARY,,,,,,,
/Return/ReturnData/IRS990/TotalLiabilitiesEOY,F9_01_PC_TOTLIABS,F9_01_NAFB_TOT_LIAB_EOY,23,"Total Liabilities, EOY",[TotalLiabilitiesEOY] Part I Line 21,F990-PC-PART-01-LINE-21-COY,F990-PC,PZ,PART-01,Line 21 COY,USAmountType,numeric,ONE,F9-P01-T00-SUMMARY,FALSE,2009v1.0;2009v1.1;2009v1.2;2009v1.3;2009v1.4;2009v1.7;2010v3.2;2010v3.4;2010v3.6;2010v3.7;2011v1.2;2011v1.3;2011v1.4;2011v1.5;2012v2.0;2012v2.1;2012v2.2;2012v2.3;2012v3.0,2012,F,T,,
/Return/ReturnData/IRS990/TotalLiabilitiesEOYAmt,F9_01_PC_TOTLIABS,F9_01_NAFB_TOT_LIAB_EOY,23,"Total Liabilities, EOY",[TotalLiabilitiesEOYAmt] Part I Line 21,F990-PC-PART-01-LINE-21-COY,F990-PC,PZ,PART-01,Line 21 COY,USAmountType,numeric,ONE,F9-P01-T00-SUMMARY,FALSE,2013v3.0;2013v3.1;2013v4.0;2014v5.0;2014v6.0;2015v2.0;2015v2.1;2015v3.0;2016v3.0,2016,F,T,,
/Return/ReturnData/IRS990/Form990PartI/ContributionsGrantsCurrentYear,F9_01_PC_CONGRACURYEA,F9_01_REV_CONTR_CY,18,Contributions and grants - current year,,F990-PC-PART-01-LINE-08-CY,F990-PC,PZ,PART-01,Line 08 CY,,numeric,ONE,F9-P01-T00-SUMMARY,,,,,,,
/Return/ReturnData/IRS990/ContributionsGrantsCurrentYear,F9_01_PC_CONTRGNTCY,F9_01_REV_CONTR_CY,18,Contributions and grants - current year,[ContributionsGrantsCurrentYear] Part I Line 8,F990-PC-PART-01-LINE-08-CY,F990-PC,PZ,PART-01,Line 08 CY,USAmountType,numeric,ONE,F9-P01-T00-SUMMARY,FALSE,2009v1.0;2009v1.1;2009v1.2;2009v1.3;2009v1.4;2009v1.7;2010v3.2;2010v3.4;2010v3.6;2010v3.7;2011v1.2;2011v1.3;2011v1.4;2011v1.5;2012v2.0;2012v2.1;2012v2.2;2012v2.3;2012v3.0,2012,F,T,,
/Return/ReturnData/IRS990/CYContributionsGrantsAmt,F9_01_PC_CONTRGNTCY,F9_01_REV_CONTR_CY,18,Contributions and grants - current year,[CYContributionsGrantsAmt] Part I Line 8,F990-PC-PART-01-LINE-08-CY,F990-PC,PZ,PART-01,Line 08 CY,USAmountType,numeric,ONE,F9-P01-T00-SUMMARY,FALSE,2013v3.0;2013v3.1;2013v4.0;2014v5.0;2014v6.0;2015v2.0;2015v2.1;2015v3.0;2016v3.0,2016,F,T,,
/Return/ReturnData/IRS990/Form990PartI/ContributionsGrantsPriorYear,F9_01_PC_CONGRAPRIYEA,F9_01_REV_CONTR_PY,18,Contributions and grants - prior year,,F990-PC-PART-01-LINE-08-PY,F990-PC,PC,PART-01,Line 08 PY,,numeric,ONE,F9-P01-T00-SUMMARY,,,,,,,
/Return/ReturnData/IRS990/ContributionsGrantsPriorYear,F9_01_PC_CONTRGNTPY,F9_01_REV_CONTR_PY,18,Contributions and grants - prior year,[ContributionsGrantsPriorYear] Part I Line 8,F990-PC-PART-01-LINE-08-PY,F990-PC,PC,PART-01,Line 08 PY,USAmountType,numeric,ONE,F9-P01-T00-SUMMARY,FALSE,2009v1.0;2009v1.1;2009v1.2;2009v1.3;2009v1.4;2009v1.7;2010v3.2;2010v3.4;2010v3.6;2010v3.7;2011v1.2;2011v1.3;2011v1.4;2011v1.5;2012v2.0;2012v2.1;2012v2.2;2012v2.3;2012v3.0,2012,F,T,,
/Return/ReturnData/IRS990/PYContributionsGrantsAmt,F9_01_PC_CONTRGNTPY,F9_01_REV_CONTR_PY,18,Contributions and grants - prior year,[PYContributionsGrantsAmt] Part I Line 8,F990-PC-PART-01-LINE-08-PY,F990-PC,PC,PART-01,Line 08 PY,USAmountType,numeric,ONE,F9-P01-T00-SUMMARY,FALSE,2013v3.0;2013v3.1;2013v4.0;2014v5.0;2014v6.0;2015v2.0;2015v2.1;2015v3.0;2016v3.0,2016,F,T,,
/Return/ReturnData/IRS990EZ/GroProfitLossSalesOfInventory,F9_01_PZ_GRPRLOSAINNV,F9_01_REV_GRO_PROFIT_INVENT,27,Gross profit (or loss) from sales of inventory,[GroProfitLossSalesOfInventory] Part I Line 7c,F990-EZ-PART-01-LINE-07C,F990-EZ,EZ,PART-01,Line 07c,USAmountType,numeric,ONE,F9-P01-T00-SUMMARY,,2009v1.0;2009v1.1;2009v1.2;2009v1.3;2009v1.4;2009v1.7;2010v3.2;2010v3.4;2010v3.6;2010v3.7;2011v1.2;2011v1.3;2011v1.4;2011v1.5;2012v2.0;2012v2.1;2012v2.2;2012v2.3;2012v3.0,2012,F,T,,
/Return/ReturnData/IRS990EZ/InvestmentIncomeCurrentYear,F9_01_PZ_INVINCCURYEA,F9_01_REV_INVEST_INCOME_CY,26,Investment income - current year,,F990-EZ-PART-01-LINE-04,F990-EZ,PZ,PART-01,Line 04,,numeric,ONE,F9-P01-T00-SUMMARY,FALSE,,,,,,
/Return/ReturnData/IRS990/Form990PartI/InvestmentIncomeCurrentYear,F9_01_PC_INVINCCURYEA,F9_01_REV_INVEST_INCOME_CY,26,Investment income - current year,,F990-PC-PART-01-LINE-10-CY,F990-PC,PZ,PART-01,Line 10 CY,,numeric,ONE,F9-P01-T00-SUMMARY,,,,,,,
/Return/ReturnData/IRS990/CYInvestmentIncomeAmt,F9_01_PZ_INVESTMTINCCY,F9_01_REV_INVEST_INCOME_CY,26,Investment income - current year,[CYInvestmentIncomeAmt] Part I Line 10,F990-PC-PART-01-LINE-10-CY,F990-PC,PZ,PART-01,Line 10 CY,USAmountType,numeric,ONE,F9-P01-T00-SUMMARY,FALSE,2013v3.0;2013v3.1;2013v4.0;2014v5.0;2014v6.0;2015v2.0;2015v2.1;2015v3.0;2016v3.0,2016,F,T,,
/Return/ReturnData/IRS990/InvestmentIncomeCurrentYear,F9_01_PZ_INVESTMTINCCY,F9_01_REV_INVEST_INCOME_CY,26,Investment income - current year,[InvestmentIncomeCurrentYear] Part I Line 10,F990-PC-PART-01-LINE-10-CY,F990-PC,PZ,PART-01,Line 10 CY,USAmountType,numeric,ONE,F9-P01-T00-SUMMARY,FALSE,2009v1.0;2009v1.1;2009v1.2;2009v1.3;2009v1.4;2009v1.7;2010v3.2;2010v3.4;2010v3.6;2010v3.7;2011v1.2;2011v1.3;2011v1.4;2011v1.5;2012v2.0;2012v2.1;2012v2.2;2012v2.3;2012v3.0,2012,F,T,,
/Return/ReturnData/IRS990/InvestmentIncomePriorYear,F9_01_PC_INVESTMTINCPY,F9_01_REV_INVEST_INCOME_PY,26,Investment income - prior year,[InvestmentIncomePriorYear] Part I Line 10,F990-PC-PART-01-LINE-10-PY,F990-PC,PC,PART-01,Line 10 PY,USAmountType,numeric,ONE,F9-P01-T00-SUMMARY,FALSE,2009v1.0;2009v1.1;2009v1.2;2009v1.3;2009v1.4;2009v1.7;2010v3.2;2010v3.4;2010v3.6;2010v3.7;2011v1.2;2011v1.3;2011v1.4;2011v1.5;2012v2.0;2012v2.1;2012v2.2;2012v2.3;2012v3.0,2012,F,T,,
/Return/ReturnData/IRS990/PYInvestmentIncomeAmt,F9_01_PC_INVESTMTINCPY,F9_01_REV_INVEST_INCOME_PY,26,Investment income - prior year,[PYInvestmentIncomeAmt] Part I Line 10,F990-PC-PART-01-LINE-10-PY,F990-PC,PC,PART-01,Line 10 PY,USAmountType,numeric,ONE,F9-P01-T00-SUMMARY,FALSE,2013v3.0;2013v3.1;2013v4.0;2014v5.0;2014v6.0;2015v2.0;2015v2.1;2015v3.0;2016v3.0,2016,F,T,,
/Return/ReturnData/IRS990/Form990PartI/InvestmentIncomePriorYear,F9_01_PC_INVINCPRIYEA,F9_01_REV_INVEST_INCOME_PY,26,Investment income - prior year,,F990-PC-PART-01-LINE-10-PY,F990-PC,PC,PART-01,Line 10 PY,,numeric,ONE,F9-P01-T00-SUMMARY,,,,,,,
/Return/ReturnData/IRS990EZ/CostOfGoodsSold,F9_01_PZ_COSTGOODSOLD,F9_01_REV_LESS_COST_GOODS,25,Less: cost of goods sold,[CostOfGoodsSold] Part I Line 7b,F990-EZ-PART-01-LINE-07B,F990-EZ,EZ,PART-01,Line 07b,USAmountNNType,numeric,ONE,F9-P01-T00-SUMMARY,,2009v1.0;2009v1.1;2009v1.2;2009v1.3;2009v1.4;2009v1.7;2010v3.2;2010v3.4;2010v3.6;2010v3.7;2011v1.2;2011v1.3;2011v1.4;2011v1.5;2012v2.0;2012v2.1;2012v2.2;2012v2.3;2012v3.0,2012,F,T,,
/Return/ReturnData/IRS990EZ/OtherRevenueCurrentYear,F9_01_PZ_OTHREVCURYEA,F9_01_REV_OTH_CY,16,Other revenue - current year,,F990-EZ-PART-01-LINE-08,F990-EZ,PZ,PART-01,Line 08,,numeric,ONE,F9-P01-T00-SUMMARY,FALSE,,,,,,
/Return/ReturnData/IRS990/CYOtherRevenueAmt,F9_01_PZ_OTHREVCY,F9_01_REV_OTH_CY,16,Other revenue - current year,[CYOtherRevenueAmt] Part I Line 11,F990-PC-PART-01-LINE-11-CY,F990-PC,PZ,PART-01,Line 11 CY,USAmountType,numeric,ONE,F9-P01-T00-SUMMARY,FALSE,2013v3.0;2013v3.1;2013v4.0;2014v5.0;2014v6.0;2015v2.0;2015v2.1;2015v3.0;2016v3.0,2016,F,T,,
/Return/ReturnData/IRS990/OtherRevenueCurrentYear,F9_01_PZ_OTHREVCY,F9_01_REV_OTH_CY,16,Other revenue - current year,[OtherRevenueCurrentYear] Part I Line 11,F990-PC-PART-01-LINE-11-CY,F990-PC,PZ,PART-01,Line 11 CY,USAmountType,numeric,ONE,F9-P01-T00-SUMMARY,FALSE,2009v1.0;2009v1.1;2009v1.2;2009v1.3;2009v1.4;2009v1.7;2010v3.2;2010v3.4;2010v3.6;2010v3.7;2011v1.2;2011v1.3;2011v1.4;2011v1.5;2012v2.0;2012v2.1;2012v2.2;2012v2.3;2012v3.0,2012,F,T,,
/Return/ReturnData/IRS990/Form990PartI/OtherRevenueCurrentYear,F9_01_PC_OTHREVCURYEA,F9_01_REV_OTH_CY,16,Other revenue - current year,,F990-PC-PART-01-LINE-11-CY,F990-PC,PZ,PART-01,Line 11 CY,,numeric,ONE,F9-P01-T00-SUMMARY,,,,,,,
/Return/ReturnData/IRS990/Form990PartI/OtherRevenuePriorYear,F9_01_PC_OTHREVPRIYEA,F9_01_REV_OTH_PY,16,Other revenue - prior year,,F990-PC-PART-01-LINE-11-PY,F990-PC,PC,PART-01,Line 11 PY,,numeric,ONE,F9-P01-T00-SUMMARY,,,,,,,
/Return/ReturnData/IRS990/OtherRevenuePriorYear,F9_01_PC_OTHREVPY,F9_01_REV_OTH_PY,16,Other revenue - prior year,[OtherRevenuePriorYear] Part I Line 11,F990-PC-PART-01-LINE-11-PY,F990-PC,PC,PART-01,Line 11 PY,USAmountType,numeric,ONE,F9-P01-T00-SUMMARY,FALSE,2009v1.0;2009v1.1;2009v1.2;2009v1.3;2009v1.4;2009v1.7;2010v3.2;2010v3.4;2010v3.6;2010v3.7;2011v1.2;2011v1.3;2011v1.4;2011v1.5;2012v2.0;2012v2.1;2012v2.2;2012v2.3;2012v3.0,2012,F,T,,
/Return/ReturnData/IRS990/PYOtherRevenueAmt,F9_01_PC_OTHREVPY,F9_01_REV_OTH_PY,16,Other revenue - prior year,[PYOtherRevenueAmt] Part I Line 11,F990-PC-PART-01-LINE-11-PY,F990-PC,PC,PART-01,Line 11 PY,USAmountType,numeric,ONE,F9-P01-T00-SUMMARY,FALSE,2013v3.0;2013v3.1;2013v4.0;2014v5.0;2014v6.0;2015v2.0;2015v2.1;2015v3.0;2016v3.0,2016,F,T,,
/Return/ReturnData/IRS990EZ/ProgramServiceRevenueCY,F9_01_PZ_PRSERECYY,F9_01_REV_PROG_CY,17,Program service revenue - current year,,F990-EZ-PART-01-LINE-02,F990-EZ,PZ,PART-01,Line 02,,numeric,ONE,F9-P01-T00-SUMMARY,FALSE,,,,,,
/Return/ReturnData/IRS990EZ/ProgramServiceRevenue,F9_01_PZ_PROGSERREVCY,F9_01_REV_PROG_CY,17,ProgramServiceRevenue,[ProgramServiceRevenue] Part I Line 2,F990-EZ-PART-01-LINE-02,F990-EZ,PZ,PART-01,Line 02,USAmountNNType,numeric,ONE,F9-P01-T00-SUMMARY,FALSE,2009v1.0;2009v1.1;2009v1.2;2009v1.3;2009v1.4;2009v1.7;2010v3.2;2010v3.4;2010v3.6;2010v3.7;2011v1.2;2011v1.3;2011v1.4;2011v1.5;2012v2.0;2012v2.1;2012v2.2;2012v2.3;2012v3.0,2012,F,T,,
/Return/ReturnData/IRS990EZ/ProgramServiceRevenueAmt,F9_01_PZ_PROGSERREVCY,F9_01_REV_PROG_CY,17,ProgramServiceRevenue,[ProgramServiceRevenueAmt] Part I Line 2,F990-EZ-PART-01-LINE-02,F990-EZ,PZ,PART-01,Line 02,USAmountNNType,numeric,ONE,F9-P01-T00-SUMMARY,FALSE,2013v3.0;2013v3.1;2013v4.0;2014v5.0;2014v6.0;2015v2.0;2015v2.1;2015v3.0;2016v3.0,2016,F,T,,
/Return/ReturnData/IRS990/Form990PartI/ProgramServiceRevenueCurrYear,F9_01_PC_PRSERECUYEEA,F9_01_REV_PROG_CY,17,Program service revenue - current year,,F990-PC-PART-01-LINE-09-CY,F990-PC,PZ,PART-01,Line 09 CY,,numeric,ONE,F9-P01-T00-SUMMARY,,,,,,,
/Return/ReturnData/IRS990/CYProgramServiceRevenueAmt,F9_01_PZ_PROGSERREVCY,F9_01_REV_PROG_CY,17,Program service revenue - current year,[CYProgramServiceRevenueAmt] Part I Line 9,F990-PC-PART-01-LINE-09-CY,F990-PC,PZ,PART-01,Line 09 CY,USAmountType,numeric,ONE,F9-P01-T00-SUMMARY,FALSE,2013v3.0;2013v3.1;2013v4.0;2014v5.0;2014v6.0;2015v2.0;2015v2.1;2015v3.0;2016v3.0,2016,F,T,,
/Return/ReturnData/IRS990/ProgramServiceRevenueCY,F9_01_PZ_PROGSERREVCY,F9_01_REV_PROG_CY,17,Program service revenue - current year,[ProgramServiceRevenueCY] Part I Line 9,F990-PC-PART-01-LINE-09-CY,F990-PC,PZ,PART-01,Line 09 CY,USAmountType,numeric,ONE,F9-P01-T00-SUMMARY,FALSE,2009v1.0;2009v1.1;2009v1.2;2009v1.3;2009v1.4;2009v1.7;2010v3.2;2010v3.4;2010v3.6;2010v3.7;2011v1.2;2011v1.3;2011v1.4;2011v1.5;2012v2.0;2012v2.1;2012v2.2;2012v2.3;2012v3.0,2012,F,T,,
/Return/ReturnData/IRS990/ProgramServiceRevenuePriorYear,F9_01_PC_PROGSERREVPY,F9_01_REV_PROG_PY,17,Program service revenue - prior year,[ProgramServiceRevenuePriorYear] Part I Line 9,F990-PC-PART-01-LINE-09-PY,F990-PC,PC,PART-01,Line 09 PY,USAmountType,numeric,ONE,F9-P01-T00-SUMMARY,FALSE,2009v1.0;2009v1.1;2009v1.2;2009v1.3;2009v1.4;2009v1.7;2010v3.2;2010v3.4;2010v3.6;2010v3.7;2011v1.2;2011v1.3;2011v1.4;2011v1.5;2012v2.0;2012v2.1;2012v2.2;2012v2.3;2012v3.0,2012,F,T,,
/Return/ReturnData/IRS990/PYProgramServiceRevenueAmt,F9_01_PC_PROGSERREVPY,F9_01_REV_PROG_PY,17,Program service revenue - prior year,[PYProgramServiceRevenueAmt] Part I Line 9,F990-PC-PART-01-LINE-09-PY,F990-PC,PC,PART-01,Line 09 PY,USAmountType,numeric,ONE,F9-P01-T00-SUMMARY,FALSE,2013v3.0;2013v3.1;2013v4.0;2014v5.0;2014v6.0;2015v2.0;2015v2.1;2015v3.0;2016v3.0,2016,F,T,,
/Return/ReturnData/IRS990/Form990PartI/ProgramServiceRevenuePriorYear,F9_01_PC_PRSEREPRYEEA,F9_01_REV_PROG_PY,17,Program service revenue - prior year,,F990-PC-PART-01-LINE-09-PY,F990-PC,PC,PART-01,Line 09 PY,,numeric,ONE,F9-P01-T00-SUMMARY,,,,,,,
/Return/ReturnData/IRS990EZ/TotalRevenueCurrentYear,F9_01_PZ_TOTREVCURYEA,F9_01_REV_TOT_CY,16,Total revenue - CY,,F990-EZ-PART-01-LINE-09,F990-EZ,PZ,PART-01,Line 09,,numeric,ONE,F9-P01-T00-SUMMARY,FALSE,,,,,,
/Return/ReturnData/IRS990EZ/TotalRevenue,F9_01_PZ_TOTREVCY,F9_01_REV_TOT_CY,16,Total revenue - CY,[TotalRevenue] Part I Line 9,F990-EZ-PART-01-LINE-09,F990-EZ,PZ,PART-01,Line 09,USAmountType,numeric,ONE,F9-P01-T00-SUMMARY,FALSE,2009v1.0;2009v1.1;2009v1.2;2009v1.3;2009v1.4;2009v1.7;2010v3.2;2010v3.4;2010v3.6;2010v3.7;2011v1.2;2011v1.3;2011v1.4;2011v1.5;2012v2.0;2012v2.1;2012v2.2;2012v2.3;2012v3.0,2012,F,T,,
/Return/ReturnData/IRS990EZ/TotalRevenueAmt,F9_01_PZ_TOTREVCY,F9_01_REV_TOT_CY,16,Total revenue - CY,[TotalRevenueAmt] Part I Line 9,F990-EZ-PART-01-LINE-09,F990-EZ,PZ,PART-01,Line 09,USAmountType,numeric,ONE,F9-P01-T00-SUMMARY,FALSE,2013v3.0;2013v3.1;2013v4.0;2014v5.0;2014v6.0;2015v2.0;2015v2.1;2015v3.0;2016v3.0,2016,F,T,,
/Return/ReturnData/IRS990/Form990PartI/TotalRevenueCurrentYear,F9_01_PC_TOTREVCURYEA,F9_01_REV_TOT_CY,16,Total revenue - current year,,F990-PC-PART-01-LINE-12-CY,F990-PC,PZ,PART-01,Line 12 CY,,numeric,ONE,F9-P01-T00-SUMMARY,,,,,,,
/Return/ReturnData/IRS990/CYTotalRevenueAmt,F9_01_PZ_TOTREVCY,F9_01_REV_TOT_CY,16,Total revenue - CY,[CYTotalRevenueAmt] Part I Line 12,F990-PC-PART-01-LINE-12-CY,F990-PC,PZ,PART-01,Line 12 CY,USAmountType,numeric,ONE,F9-P01-T00-SUMMARY,FALSE,2013v3.0;2013v3.1;2013v4.0;2014v5.0;2014v6.0;2015v2.0;2015v2.1;2015v3.0;2016v3.0,2016,F,T,,
/Return/ReturnData/IRS990/TotalRevenueCurrentYear,F9_01_PZ_TOTREVCY,F9_01_REV_TOT_CY,16,Total revenue - CY,[TotalRevenueCurrentYear] Part I Line 12,F990-PC-PART-01-LINE-12-CY,F990-PC,PZ,PART-01,Line 12 CY,USAmountType,numeric,ONE,F9-P01-T00-SUMMARY,FALSE,2009v1.0;2009v1.1;2009v1.2;2009v1.3;2009v1.4;2009v1.7;2010v3.2;2010v3.4;2010v3.6;2010v3.7;2011v1.2;2011v1.3;2011v1.4;2011v1.5;2012v2.0;2012v2.1;2012v2.2;2012v2.3;2012v3.0,2012,F,T,,
/Return/ReturnData/IRS990/Form990PartI/TotalRevenuePriorYear,F9_01_PC_TOTREVPRIYEA,F9_01_REV_TOT_PY,16,Total revenue - prior year,,F990-PC-PART-01-LINE-12-PY,F990-PC,PC,PART-01,Line 12 PY,,numeric,ONE,F9-P01-T00-SUMMARY,,,,,,,
/Return/ReturnData/IRS990/PYTotalRevenueAmt,F9_01_PC_TOTREVPY,F9_01_REV_TOT_PY,16,Total revenue - PY,[PYTotalRevenueAmt] Part I Line 12,F990-PC-PART-01-LINE-12-PY,F990-PC,PC,PART-01,Line 12 PY,USAmountType,numeric,ONE,F9-P01-T00-SUMMARY,FALSE,2013v3.0;2013v3.1;2013v4.0;2014v5.0;2014v6.0;2015v2.0;2015v2.1;2015v3.0;2016v3.0,2016,F,T,,
/Return/ReturnData/IRS990/TotalRevenuePriorYear,F9_01_PC_TOTREVPY,F9_01_REV_TOT_PY,16,Total revenue - PY,[TotalRevenuePriorYear] Part I Line 12,F990-PC-PART-01-LINE-12-PY,F990-PC,PC,PART-01,Line 12 PY,USAmountType,numeric,ONE,F9-P01-T00-SUMMARY,FALSE,2009v1.0;2009v1.1;2009v1.2;2009v1.3;2009v1.4;2009v1.7;2010v3.2;2010v3.4;2010v3.6;2010v3.7;2011v1.2;2011v1.3;2011v1.4;2011v1.5;2012v2.0;2012v2.1;2012v2.2;2012v2.3;2012v3.0,2012,F,T,,
