xpath,variable_name,variable_name_new,nch,description,location_code_xsd,location_code,form,form,version,part,line_number,scope,data_type_xsd,data_type_simple,cardinality,rdb_table,required,versions,latest_version,duplicated,current_version,production_rule,validated,
/Return/ReturnData/IRS990EZ/MethodOfAccountingAccrual,F9_00_EZ_METHACCTACCRRUAL,F9_00_ACC_METHOD_ACCRRUAL_X,27,Indicates method of accounting is accrual,[MethodOfAccountingAccrual] G,F990-EZ-PART-00-SECTION-G,F990-EZ,F990,EZ,PART-00,Section G,HD,CheckboxType,checkbox,ONE,F9-P00-T00-HEADER,FALSE,2009v1.0;2009v1.1;2009v1.2;2009v1.3;2009v1.4;2009v1.7;2010v3.2;2010v3.4;2010v3.6;2010v3.7;2011v1.2;2011v1.3;2011v1.4;2011v1.5;2012v2.0;2012v2.1;2012v2.2;2012v2.3;2012v3.0,2012,F,T,,,
/Return/ReturnData/IRS990EZ/MethodOfAccountingAccrualInd,F9_00_EZ_METHACCTACCRRUAL,F9_00_ACC_METHOD_ACCRRUAL_X,27,Indicates method of accounting is accrual,[MethodOfAccountingAccrualInd] G,F990-EZ-PART-00-SECTION-G,F990-EZ,F990,EZ,PART-00,Section G,HD,CheckboxType,checkbox,ONE,F9-P00-T00-HEADER,FALSE,2013v3.0;2013v3.1;2013v4.0;2014v5.0;2014v6.0;2015v2.0;2015v2.1;2015v3.0;2016v3.0,2016,F,T,,,
/Return/ReturnData/IRS990EZ/MethodOfAccountingCash,F9_00_EZ_METHACCTCASH,F9_00_ACC_METHOD_CASH_X,23,Indicates method of accounting is cash,[MethodOfAccountingCash] G,F990-EZ-PART-00-SECTION-G,F990-EZ,F990,EZ,PART-00,Section G,HD,CheckboxType,checkbox,ONE,F9-P00-T00-HEADER,FALSE,2009v1.0;2009v1.1;2009v1.2;2009v1.3;2009v1.4;2009v1.7;2010v3.2;2010v3.4;2010v3.6;2010v3.7;2011v1.2;2011v1.3;2011v1.4;2011v1.5;2012v2.0;2012v2.1;2012v2.2;2012v2.3;2012v3.0,2012,F,T,,,
/Return/ReturnData/IRS990EZ/MethodOfAccountingCashInd,F9_00_EZ_METHACCTCASH,F9_00_ACC_METHOD_CASH_X,23,Indicates method of accounting is cash,[MethodOfAccountingCashInd] G,F990-EZ-PART-00-SECTION-G,F990-EZ,F990,EZ,PART-00,Section G,HD,CheckboxType,checkbox,ONE,F9-P00-T00-HEADER,FALSE,2013v3.0;2013v3.1;2013v4.0;2014v5.0;2014v6.0;2015v2.0;2015v2.1;2015v3.0;2016v3.0,2016,F,T,,,
/Return/ReturnData/IRS990EZ/MethodOfAccountingOther,F9_00_EZ_METHACCTOTHER,F9_00_ACC_METHOD_OTHER_DESC,27,Indicates method of accounting is other,[MethodOfAccountingOther] G,F990-EZ-PART-00-SECTION-G,F990-EZ,F990,EZ,PART-00,Section G,HD,LineExplanationType,text,ONE,F9-P00-T00-HEADER,FALSE,2009v1.0;2009v1.1;2009v1.2;2009v1.3;2009v1.4;2009v1.7;2010v3.2;2010v3.4;2010v3.6;2010v3.7;2011v1.2;2011v1.3;2011v1.4;2011v1.5;2012v2.0;2012v2.1;2012v2.2;2012v2.3;2012v3.0,2012,F,T,,,
/Return/ReturnData/IRS990EZ/MethodOfAccountingOtherDesc,F9_00_EZ_METHACCTOTHER,F9_00_ACC_METHOD_OTHER_DESC,27,Indicates method of accounting is other,[MethodOfAccountingOtherDesc] G,F990-EZ-PART-00-SECTION-G,F990-EZ,F990,EZ,PART-00,Section G,HD,LineExplanationType,text,ONE,F9-P00-T00-HEADER,FALSE,2013v3.0;2013v3.1;2013v4.0;2014v5.0;2014v6.0;2015v2.0;2015v2.1;2015v3.0;2016v3.0,2016,F,T,,,
/Return/ReturnData/IRS990/AddressChange,F9_00_PZ_ADDRESSCHANGE,F9_00_ADDR_CHANGE_X,19,Indicates this form has an address change,[AddressChange] B,F990-PC-PART-00-SECTION-B,F990-PC,F990,PC,PART-00,Section B,HD,CheckboxType,checkbox,ONE,F9-P00-T00-HEADER,FALSE,2009v1.0;2009v1.1;2009v1.2;2009v1.3;2009v1.4;2009v1.7;2010v3.2;2010v3.4;2010v3.6;2010v3.7;2011v1.2;2011v1.3;2011v1.4;2011v1.5;2012v2.0;2012v2.1;2012v2.2;2012v2.3;2012v3.0,2012,F,T,,,
/Return/ReturnData/IRS990/AddressChangeInd,F9_00_PZ_ADDRESSCHANGE,F9_00_ADDR_CHANGE_X,19,Indicates this form has an address change,[AddressChangeInd] B,F990-PC-PART-00-SECTION-B,F990-PC,F990,PC,PART-00,Section B,HD,CheckboxType,checkbox,ONE,F9-P00-T00-HEADER,FALSE,2013v3.0;2013v3.1;2013v4.0;2014v5.0;2014v6.0;2015v2.0;2015v2.1;2015v3.0;2016v3.0,2016,F,T,,,
/Return/ReturnData/IRS990EZ/AddressChange,F9_00_PZ_ADDRESSCHANGE,F9_00_ADDR_CHANGE_X,19,Indicates this form has an address change,[AddressChange] B,F990-EZ-PART-00-SECTION-B,F990-EZ,F990,EZ,PART-00,Section B,HD,CheckboxType,checkbox,ONE,F9-P00-T00-HEADER,FALSE,2009v1.0;2009v1.1;2009v1.2;2009v1.3;2009v1.4;2009v1.7;2010v3.2;2010v3.4;2010v3.6;2010v3.7;2011v1.2;2011v1.3;2011v1.4;2011v1.5;2012v2.0;2012v2.1;2012v2.2;2012v2.3;2012v3.0,2012,F,T,,,
/Return/ReturnData/IRS990EZ/AddressChangeInd,F9_00_PZ_ADDRESSCHANGE,F9_00_ADDR_CHANGE_X,19,Indicates this form has an address change,[AddressChangeInd] B,F990-EZ-PART-00-SECTION-B,F990-EZ,F990,EZ,PART-00,Section B,HD,CheckboxType,checkbox,ONE,F9-P00-T00-HEADER,FALSE,2013v3.0;2013v3.1;2013v4.0;2014v5.0;2014v6.0;2015v2.0;2015v2.1;2015v3.0;2016v3.0,2016,F,T,,,
/Return/ReturnData/IRS990/AmendedReturn,F9_00_PZ_AMENDRETURN,F9_00_AMENDED_RETURN_X,22,Inidcates this form is an amended return,[AmendedReturn] B,F990-PC-PART-00-SECTION-B,F990-PC,F990,PC,PART-00,Section B,HD,CheckboxType,checkbox,ONE,F9-P00-T00-HEADER,FALSE,2009v1.0;2009v1.1;2009v1.2;2009v1.3;2009v1.4;2009v1.7;2010v3.2;2010v3.4;2010v3.6;2010v3.7;2011v1.2;2011v1.3;2011v1.4;2011v1.5;2012v2.0;2012v2.1;2012v2.2;2012v2.3;2012v3.0,2012,F,T,,,
/Return/ReturnData/IRS990/AmendedReturnInd,F9_00_PZ_AMENDRETURN,F9_00_AMENDED_RETURN_X,22,Inidcates this form is an amended return,[AmendedReturnInd] B,F990-PC-PART-00-SECTION-B,F990-PC,F990,PC,PART-00,Section B,HD,CheckboxType,checkbox,ONE,F9-P00-T00-HEADER,FALSE,2013v3.0;2013v3.1;2013v4.0;2014v5.0;2014v6.0;2015v2.0;2015v2.1;2015v3.0;2016v3.0,2016,F,T,,,
/Return/ReturnData/IRS990EZ/AmendedReturn,F9_00_PZ_AMENDRETURN,F9_00_AMENDED_RETURN_X,22,Inidcates this form is an amended return,[AmendedReturn] B,F990-EZ-PART-00-SECTION-B,F990-EZ,F990,EZ,PART-00,Section B,HD,CheckboxType,checkbox,ONE,F9-P00-T00-HEADER,FALSE,2009v1.0;2009v1.1;2009v1.2;2009v1.3;2009v1.4;2009v1.7;2010v3.2;2010v3.4;2010v3.6;2010v3.7;2011v1.2;2011v1.3;2011v1.4;2011v1.5;2012v2.0;2012v2.1;2012v2.2;2012v2.3;2012v3.0,2012,F,T,,,
/Return/ReturnData/IRS990EZ/AmendedReturnInd,F9_00_PZ_AMENDRETURN,F9_00_AMENDED_RETURN_X,22,Inidcates this form is an amended return,[AmendedReturnInd] B,F990-EZ-PART-00-SECTION-B,F990-EZ,F990,EZ,PART-00,Section B,HD,CheckboxType,checkbox,ONE,F9-P00-T00-HEADER,FALSE,2013v3.0;2013v3.1;2013v4.0;2014v5.0;2014v6.0;2015v2.0;2015v2.1;2015v3.0;2016v3.0,2016,F,T,,,
/Return/ReturnHeader/Filer/EIN,F9_00_HD_FILEREIN,F9_00_EIN,9,Orgainization Employer Identification Number (EIN),,F990-PC-PART-00-SECTION-D,F990-PC,F990,PC,PART-00,Section D,HD,EINType,numeric,ONE,F9-P00-T00-HEADER,FALSE,2009v1.0;2009v1.1;2009v1.2;2009v1.3;2009v1.4;2009v1.7;2010v3.2;2010v3.4;2010v3.6;2010v3.7;2011v1.2;2011v1.3;2011v1.4;2011v1.5;2012v2.0;2012v2.1;2012v2.2;2012v2.3;2012v3.0;2013v3.0;2013v3.1;2013v4.0;2014v5.0;2014v6.0;2015v2.0;2015v2.1;2015v3.0;2016v3.0,2016,F,T,,,
/Return/ReturnData/IRS990/Organization4947a1,F9_00_PZ_EXEMPT4947A1,F9_00_EXEMPT_STAT_4947A1_X,26,Indicates a 4947(a)(1) organization,[Organization4947a1] I,F990-PC-PART-00-SECTION-I,F990-PC,F990,PZ,PART-00,Section I,HD,CheckboxType,checkbox,ONE,F9-P00-T00-HEADER,FALSE,2009v1.0;2009v1.1;2009v1.2;2009v1.3;2009v1.4;2009v1.7;2010v3.2;2010v3.4;2010v3.6;2010v3.7;2011v1.2;2011v1.3;2011v1.4;2011v1.5;2012v2.0;2012v2.1;2012v2.2;2012v2.3;2012v3.0,2012,F,T,,,
/Return/ReturnData/IRS990/Organization4947a1NotPFInd,F9_00_PZ_EXEMPT4947A1,F9_00_EXEMPT_STAT_4947A1_X,26,Indicates a 4947(a)(1) organization,[Organization4947a1NotPFInd] I,F990-PC-PART-00-SECTION-I,F990-PC,F990,PZ,PART-00,Section I,HD,CheckboxType,checkbox,ONE,F9-P00-T00-HEADER,FALSE,2013v3.0;2013v3.1;2013v4.0;2014v5.0;2014v6.0;2015v2.0;2015v2.1;2015v3.0;2016v3.0,2016,F,T,,,
/Return/ReturnData/IRS990EZ/Organization4947a1,F9_00_PZ_EXEMPT4947A1,F9_00_EXEMPT_STAT_4947A1_X,26,Indicates a 4947(a)(1) organization,[Organization4947a1] J,F990-EZ-PART-00-SECTION-J,F990-EZ,F990,EZ,PART-00,Section J,HD,CheckboxType,checkbox,ONE,F9-P00-T00-HEADER,FALSE,2009v1.0;2009v1.1;2009v1.2;2009v1.3;2009v1.4;2009v1.7;2010v3.2;2010v3.4;2010v3.6;2010v3.7;2011v1.2;2011v1.3;2011v1.4;2011v1.5;2012v2.0;2012v2.1;2012v2.2;2012v2.3;2012v3.0,2012,F,T,,,
/Return/ReturnData/IRS990EZ/Organization4947a1NotPFInd,F9_00_PZ_EXEMPT4947A1,F9_00_EXEMPT_STAT_4947A1_X,26,Indicates a 4947(a)(1) organization,[Organization4947a1NotPFInd] J,F990-EZ-PART-00-SECTION-J,F990-EZ,F990,EZ,PART-00,Section J,HD,CheckboxType,checkbox,ONE,F9-P00-T00-HEADER,FALSE,2013v3.0;2013v3.1;2013v4.0;2014v5.0;2014v6.0;2015v2.0;2015v2.1;2015v3.0;2016v3.0,2016,F,T,,,
/Return/ReturnData/IRS990/Organization501cInd,F9_00_PZ_EXEMPT501C,F9_00_EXEMPT_STAT_501C_X,24,Indicates a 501(c) organization,[Organization501cInd] I,F990-PC-PART-00-SECTION-I,F990-PC,F990,PC,PART-00,Section I,HD,CheckboxType,checkbox,ONE,F9-P00-T00-HEADER,FALSE,2013v3.0;2013v3.1;2013v4.0;2014v5.0;2014v6.0;2015v2.0;2015v2.1;2015v3.0;2016v3.0,2016,F,T,,,
/Return/ReturnData/IRS990EZ/Organization501cInd,F9_00_PZ_EXEMPT501C,F9_00_EXEMPT_STAT_501C_X,24,Indicates a 501(c) organization,[Organization501cInd] J,F990-EZ-PART-00-SECTION-J,F990-EZ,F990,EZ,PART-00,Section J,HD,CheckboxType,checkbox,ONE,F9-P00-T00-HEADER,FALSE,2013v3.0;2013v3.1;2013v4.0;2014v5.0;2014v6.0;2015v2.0;2015v2.1;2015v3.0;2016v3.0,2016,F,T,,,
/Return/ReturnData/IRS990/Organization501c,F9_00_PZ_EXEMPT501C,F9_00_EXEMPT_STAT_501C_X,24,Indicates a 501(c) organization,[Organization501c] I,F990-PC-PART-00-SECTION-I,F990-PC,F990,PC,PART-00,Section I,HD,CheckboxType,checkbox,ONE,F9-P00-T00-HEADER,FALSE,2009v1.0;2009v1.1;2009v1.2;2009v1.3;2009v1.4;2009v1.7;2010v3.2;2010v3.4;2010v3.6;2010v3.7;2011v1.2;2011v1.3;2011v1.4;2011v1.5;2012v2.0;2012v2.1;2012v2.2;2012v2.3;2012v3.0,2012,F,T,,,
/Return/ReturnData/IRS990EZ/Organization501c,F9_00_PZ_EXEMPT501C,F9_00_EXEMPT_STAT_501C_X,24,Indicates a 501(c) organization,[Organization501c] J,F990-EZ-PART-00-SECTION-J,F990-EZ,F990,EZ,PART-00,Section J,HD,CheckboxType,checkbox,ONE,F9-P00-T00-HEADER,FALSE,2009v1.0;2009v1.1;2009v1.2;2009v1.3;2009v1.4;2009v1.7;2010v3.2;2010v3.4;2010v3.6;2010v3.7;2011v1.2;2011v1.3;2011v1.4;2011v1.5;2012v2.0;2012v2.1;2012v2.2;2012v2.3;2012v3.0,2012,F,T,,,
/Return/ReturnData/IRS990/Organization501c3,F9_00_PZ_EXEMPT501C3,F9_00_EXEMPT_STAT_501C3_X,25,Indicates a 501(c)(3) organization,[Organization501c3] I,F990-PC-PART-00-SECTION-I,F990-PC,F990,PC,PART-00,Section I,HD,CheckboxType,checkbox,ONE,F9-P00-T00-HEADER,FALSE,2010v3.2;2010v3.4;2010v3.6;2010v3.7;2011v1.2;2011v1.3;2011v1.4;2011v1.5;2012v2.0;2012v2.1;2012v2.2;2012v2.3;2012v3.0,2012,F,T,,,
/Return/ReturnData/IRS990/Organization501c3Ind,F9_00_PZ_EXEMPT501C3,F9_00_EXEMPT_STAT_501C3_X,25,Indicates a 501(c)(3) organization,[Organization501c3Ind] I,F990-PC-PART-00-SECTION-I,F990-PC,F990,PC,PART-00,Section I,HD,CheckboxType,checkbox,ONE,F9-P00-T00-HEADER,FALSE,2013v3.0;2013v3.1;2013v4.0;2014v5.0;2014v6.0;2015v2.0;2015v2.1;2015v3.0;2016v3.0,2016,F,T,,,
/Return/ReturnData/IRS990EZ/Organization501c3,F9_00_PZ_EXEMPT501C3,F9_00_EXEMPT_STAT_501C3_X,25,Indicates a 501(c)(3) organization,[Organization501c3] J,F990-EZ-PART-00-SECTION-J,F990-EZ,F990,EZ,PART-00,Section J,HD,CheckboxType,checkbox,ONE,F9-P00-T00-HEADER,FALSE,2010v3.2;2010v3.4;2010v3.6;2010v3.7;2011v1.2;2011v1.3;2011v1.4;2011v1.5;2012v2.0;2012v2.1;2012v2.2;2012v2.3;2012v3.0,2012,F,T,,,
/Return/ReturnData/IRS990EZ/Organization501c3Ind,F9_00_PZ_EXEMPT501C3,F9_00_EXEMPT_STAT_501C3_X,25,Indicates a 501(c)(3) organization,[Organization501c3Ind] J,F990-EZ-PART-00-SECTION-J,F990-EZ,F990,EZ,PART-00,Section J,HD,CheckboxType,checkbox,ONE,F9-P00-T00-HEADER,FALSE,2013v3.0;2013v3.1;2013v4.0;2014v5.0;2014v6.0;2015v2.0;2015v2.1;2015v3.0;2016v3.0,2016,F,T,,,
/Return/ReturnData/IRS990/FinalReturn,F9_00_PZ_FINALRRETURN,F9_00_TERMINATED_X,18,Indicates this return is a final return,,F990-PC-PART-00-SECTION-B,F990-PC,F990,PC,PART-00,Section B,HD,,checkbox,ONE,F9-P00-T00-HEADER,,,,,,,,
/Return/ReturnData/IRS990/FinalReturnInd,F9_00_PZ_FINALRETURN,F9_00_TERMINATED_X,18,Inidcates this form is a final return,[FinalReturnInd] B,F990-PC-PART-00-SECTION-B,F990-PC,F990,PC,PART-00,Section B,HD,CheckboxType,checkbox,ONE,F9-P00-T00-HEADER,FALSE,2013v3.0;2013v3.1;2013v4.0;2014v5.0;2014v6.0;2015v2.0;2015v2.1;2015v3.0;2016v3.0,2016,F,T,,,
/Return/ReturnData/IRS990/TerminatedReturn,F9_00_PZ_FINALRETURN,F9_00_TERMINATED_X,18,Inidcates this form is a final return,[TerminatedReturn] B,F990-PC-PART-00-SECTION-B,F990-PC,F990,PC,PART-00,Section B,HD,CheckboxType,checkbox,ONE,F9-P00-T00-HEADER,FALSE,2009v1.0;2009v1.1;2009v1.2;2009v1.3;2009v1.4;2009v1.7;2010v3.2;2010v3.4;2010v3.6;2010v3.7;2011v1.2;2011v1.3;2011v1.4;2011v1.5;2012v2.0;2012v2.1;2012v2.2;2012v2.3;2012v3.0,2012,F,T,,,
/Return/ReturnData/IRS990EZ/FinalReturnInd,F9_00_PZ_FINALRETURN,F9_00_TERMINATED_X,18,Inidcates this form is a final return,[FinalReturnInd] B,F990-EZ-PART-00-SECTION-B,F990-EZ,F990,HD,PART-00,Section B,HD,CheckboxType,checkbox,ONE,F9-P00-T00-HEADER,FALSE,2013v3.0;2013v3.1;2013v4.0;2014v5.0;2014v6.0;2015v2.0;2015v2.1;2015v3.0;2016v3.0,2016,F,T,,,
/Return/ReturnData/IRS990EZ/TerminatedReturn,F9_00_PZ_FINALRETURN,F9_00_TERMINATED_X,18,Inidcates this form is a final return,[TerminatedReturn] B,F990-EZ-PART-00-SECTION-B,F990-EZ,F990,EZ,PART-00,Section B,HD,CheckboxType,checkbox,ONE,F9-P00-T00-HEADER,FALSE,2009v1.1;2009v1.2;2009v1.3;2009v1.4;2009v1.7;2010v3.2;2010v3.4;2010v3.6;2010v3.7;2011v1.2;2011v1.3;2011v1.4;2011v1.5;2012v2.0;2012v2.1;2012v2.2;2012v2.3;2012v3.0,2012,F,T,,,
/Return/ReturnData/IRS990EZ/TerminationReturn,F9_00_PZ_FINALRETURN,F9_00_TERMINATED_X,18,Inidcates this form is a final return,[TerminationReturn] B,F990-EZ-PART-00-SECTION-B,F990-EZ,F990,EZ,PART-00,Section B,HD,CheckboxType,checkbox,ONE,F9-P00-T00-HEADER,FALSE,2009v1.0,2009,F,T,,,
/Return/ReturnData/IRS990/GrossReceipts,F9_00_PZ_GROSSRECEIPTS,F9_00_GROSS_RCPT,16,Gross Receipts (Header),[GrossReceipts] G,F990-PC-PART-00-SECTION-G,F990-PC,F990,PC,PART-00,Section G,HD,,numeric,ONE,F9-P00-T00-HEADER,FALSE,2009v1.0;2009v1.1;2009v1.2;2009v1.3;2009v1.4;2009v1.7;2010v3.2;2010v3.4;2010v3.6;2010v3.7;2011v1.2;2011v1.3;2011v1.4;2011v1.5;2012v2.0;2012v2.1;2012v2.2;2012v2.3;2012v3.0,2012,F,T,,,
/Return/ReturnData/IRS990/GrossReceiptsAmt,F9_00_PZ_GROSSRECEIPTS,F9_00_GROSS_RCPT,16,Gross Receipts (Header),[GrossReceiptsAmt] G,F990-PC-PART-00-SECTION-G,F990-PC,F990,PC,PART-00,Section G,HD,,numeric,ONE,F9-P00-T00-HEADER,FALSE,2013v3.0;2013v3.1;2013v4.0;2014v5.0;2014v6.0;2015v2.0;2015v2.1;2015v3.0;2016v3.0,2016,F,T,,,
/Return/ReturnData/IRS990EZ/GrossReceipts,F9_00_PZ_GROSSRECEIPTS,F9_00_GROSS_RCPT,16,Gross Receipts (Header),[GrossReceipts] L,F990-EZ-PART-00-SECTION-L,F990-EZ,F990,HD,PART-00,Section L,HD,USAmountNNType,numeric,ONE,F9-P00-T00-HEADER,FALSE,2009v1.0;2009v1.1;2009v1.2;2009v1.3;2009v1.4;2009v1.7;2010v3.2;2010v3.4;2010v3.6;2010v3.7;2011v1.2;2011v1.3;2011v1.4;2011v1.5;2012v2.0;2012v2.1;2012v2.2;2012v2.3;2012v3.0,2012,F,T,,,
/Return/ReturnData/IRS990EZ/GrossReceiptsAmt,F9_00_PZ_GROSSRECEIPTS,F9_00_GROSS_RCPT,16,Gross Receipts (Header),[GrossReceiptsAmt] L,F990-EZ-PART-00-SECTION-L,F990-EZ,F990,HD,PART-00,Section L,HD,USAmountNNType,numeric,ONE,F9-P00-T00-HEADER,FALSE,2013v3.0;2013v3.1;2013v4.0;2014v5.0;2014v6.0;2015v2.0;2015v2.1;2015v3.0;2016v3.0,2016,F,T,,,
/Return/ReturnData/IRS990EZ/GrossReceiptsLessThan25000,F9_00_EZ_GROSSRECLESS25000,F9_00_GROSS_RCPT_LESS_50K_X,27,"Indicates gross receipts less than $25,000",[GrossReceiptsLessThan25000] K,F990-EZ-PART-00-SECTION-K,F990-EZ,F990,EZ,PART-00,Section K,EZ,CheckboxType,checkbox,ONE,F9-P00-T00-HEADER,FALSE,2009v1.0;2009v1.1;2009v1.2;2009v1.3;2009v1.4;2009v1.7;2010v3.2;2010v3.4;2010v3.6;2010v3.7;2011v1.2;2011v1.3;2011v1.4;2011v1.5;2012v2.0;2012v2.1;2012v2.2;2012v2.3;2012v3.0,2012,F,T,,,
/Return/ReturnData/IRS990/GroupExemptionNum,F9_00_PZ_GRPEXEMPNUM,F9_00_GROUP_EXEMPT_NUM,22,Group exemption number,[GroupExemptionNum] H(c),F990-PC-PART-00-SECTION-HC,F990-PC,F990,PC,PART-00,Section H(c),HD,StringType,numeric,ONE,F9-P00-T00-HEADER,FALSE,2013v3.0;2013v3.1;2013v4.0;2014v5.0;2014v6.0;2015v2.0;2015v2.1;2015v3.0;2016v3.0,2016,F,T,,,
/Return/ReturnData/IRS990/GroupExemptionNumber,F9_00_PZ_GRPEXEMPNUM,F9_00_GROUP_EXEMPT_NUM,22,Group exemption number,[GroupExemptionNumber] H(c),F990-PC-PART-00-SECTION-HC,F990-PC,F990,PC,PART-00,Section H(c),HD,StringType,numeric,ONE,F9-P00-T00-HEADER,FALSE,2009v1.0;2009v1.1;2009v1.2;2009v1.3;2009v1.4;2009v1.7;2010v3.2;2010v3.4;2010v3.6;2010v3.7;2011v1.2;2011v1.3;2011v1.4;2011v1.5;2012v2.0;2012v2.1;2012v2.2;2012v2.3;2012v3.0,2012,F,T,,,
/Return/ReturnData/IRS990EZ/GroupExemptionNum,F9_00_PZ_GRPEXEMPNUM,F9_00_GROUP_EXEMPT_NUM,22,Group exemption number,[GroupExemptionNum] F,F990-EZ-PART-00-SECTION-F,F990-EZ,F990,HD,PART-00,Section F,HD,StringType,numeric,ONE,F9-P00-T00-HEADER,FALSE,2013v3.0;2013v3.1;2013v4.0;2014v5.0;2014v6.0;2015v2.0;2015v2.1;2015v3.0;2016v3.0,2016,F,T,,,
/Return/ReturnData/IRS990EZ/GroupExemptionNumber,F9_00_PZ_GRPEXEMPNUM,F9_00_GROUP_EXEMPT_NUM,22,Group exemption number,[GroupExemptionNumber] F,F990-EZ-PART-00-SECTION-F,F990-EZ,F990,HD,PART-00,Section F,HD,StringType,numeric,ONE,F9-P00-T00-HEADER,FALSE,2009v1.0;2009v1.1;2009v1.2;2009v1.3;2009v1.4;2009v1.7;2010v3.2;2010v3.4;2010v3.6;2010v3.7;2011v1.2;2011v1.3;2011v1.4;2011v1.5;2012v2.0;2012v2.1;2012v2.2;2012v2.3;2012v3.0,2012,F,T,,,
/Return/ReturnData/IRS990/GroupReturnForAffiliates,F9_00_PC_GRPRETURN,F9_00_GROUP_RETURN_X,20,Indicates this form is a group return for subordinates,[GroupReturnForAffiliates] H(a),F990-PC-PART-00-SECTION-HA,F990-PC,F990,PC,PART-00,Box H(a),PC,BooleanType,checkbox,ONE,F9-P00-T00-HEADER,FALSE,2009v1.0;2009v1.1;2009v1.2;2009v1.3;2009v1.4;2009v1.7;2010v3.2;2010v3.4;2010v3.6;2010v3.7;2011v1.2;2011v1.3;2011v1.4;2011v1.5;2012v2.0;2012v2.1;2012v2.2;2012v2.3;2012v3.0,2012,F,T,,,
/Return/ReturnData/IRS990/GroupReturnForAffiliatesInd,F9_00_PC_GRPRETURN,F9_00_GROUP_RETURN_X,20,Indicates this form is a group return for subordinates,[GroupReturnForAffiliatesInd] H(a),F990-PC-PART-00-SECTION-HA,F990-PC,F990,PC,PART-00,Box H(a),PC,BooleanType,checkbox,ONE,F9-P00-T00-HEADER,FALSE,2013v3.0;2013v3.1;2013v4.0;2014v5.0;2014v6.0;2015v2.0;2015v2.1;2015v3.0;2016v3.0,2016,F,T,,,
/Return/ReturnHeader/Filer/InCareOfNm,F9_00_HD_INCARENM,F9_00_IN_CARE_OF,16,In care of,,F990-PC-PART-00-SECTION-C,F990-PC,F990,HD,PART-00,Section C,HD,InCareOfNameType,text,ONE,F9-P00-T00-HEADER,,2013v3.0;2013v3.1;2013v4.0;2014v5.0;2014v6.0;2015v2.0;2015v2.1;2015v3.0;2016v3.0,2016,F,T,,,
/Return/ReturnData/IRS990/InitialReturn,F9_00_PZ_INITIALRETURN,F9_00_INITIAL_RETURN_X,22,Inidcates this form is an initial return,[InitialReturn] B,F990-PC-PART-00-SECTION-B,F990-PC,F990,PC,PART-00,Section B,HD,CheckboxType,checkbox,ONE,F9-P00-T00-HEADER,FALSE,2009v1.0;2009v1.1;2009v1.2;2009v1.3;2009v1.4;2009v1.7;2010v3.2;2010v3.4;2010v3.6;2010v3.7;2011v1.2;2011v1.3;2011v1.4;2011v1.5;2012v2.0;2012v2.1;2012v2.2;2012v2.3;2012v3.0,2012,F,T,,,
/Return/ReturnData/IRS990/InitialReturnInd,F9_00_PZ_INITIALRETURN,F9_00_INITIAL_RETURN_X,22,Inidcates this form is an initial return,[InitialReturnInd] B,F990-PC-PART-00-SECTION-B,F990-PC,F990,PC,PART-00,Section B,HD,CheckboxType,checkbox,ONE,F9-P00-T00-HEADER,FALSE,2013v3.0;2013v3.1;2013v4.0;2014v5.0;2014v6.0;2015v2.0;2015v2.1;2015v3.0;2016v3.0,2016,F,T,,,
/Return/ReturnData/IRS990EZ/InitialReturn,F9_00_PZ_INITIALRETURN,F9_00_INITIAL_RETURN_X,22,Inidcates this form is an initial return,[InitialReturn] B,F990-EZ-PART-00-SECTION-B,F990-EZ,F990,HD,PART-00,Section B,HD,CheckboxType,checkbox,ONE,F9-P00-T00-HEADER,FALSE,2009v1.0;2009v1.1;2009v1.2;2009v1.3;2009v1.4;2009v1.7;2010v3.2;2010v3.4;2010v3.6;2010v3.7;2011v1.2;2011v1.3;2011v1.4;2011v1.5;2012v2.0;2012v2.1;2012v2.2;2012v2.3;2012v3.0,2012,F,T,,,
/Return/ReturnData/IRS990EZ/InitialReturnInd,F9_00_PZ_INITIALRETURN,F9_00_INITIAL_RETURN_X,22,Inidcates this form is an initial return,[InitialReturnInd] B,F990-EZ-PART-00-SECTION-B,F990-EZ,F990,HD,PART-00,Section B,HD,CheckboxType,checkbox,ONE,F9-P00-T00-HEADER,FALSE,2013v3.0;2013v3.1;2013v4.0;2014v5.0;2014v6.0;2015v2.0;2015v2.1;2015v3.0;2016v3.0,2016,F,T,,,
/Return/ReturnHeader/ReturnType,F9_00_HD_RETURNTYPE,F9_00_IRS_RETURN_TYPE,21,Return type,,F990-PC-PART-00-LINE-00,F990-PC,F990,HD,PART-00,Line 0,HD,StringType,text,ONE,F9-P00-T00-HEADER,,2009v1.0;2009v1.1;2009v1.2;2009v1.3;2009v1.4;2009v1.7;2010v3.2;2010v3.4;2010v3.6;2010v3.7;2011v1.2;2011v1.3;2011v1.4;2011v1.5;2012v2.0;2012v2.1;2012v2.2;2012v2.3;2012v3.0,2012,F,T,,,
/Return/ReturnHeader/ReturnTypeCd,F9_00_HD_RETURNTYPE,F9_00_IRS_RETURN_TYPE,21,Return type,,F990-PC-PART-00-LINE-00,F990-PC,F990,HD,PART-00,Line 0,HD,StringType,text,ONE,F9-P00-T00-HEADER,,2013v3.0;2013v3.1;2013v4.0;2014v5.0;2014v6.0;2015v2.0;2015v2.1;2015v3.0;2016v3.0,2016,F,T,,,
/Return/ReturnHeader/Filer/ForeignAddress/City,F9_00_HD_FILERFORCITY,F9_00_ORG_ADDR_CITY,19,Address of Filing Organization (Foreign City),,F990-PC-PART-00-SECTION-C,F990-PC,F990,HD,PART-00,Section C,HD,TextType,text,ONE,F9-P00-T00-HEADER,FALSE,2009v1.0;2009v1.1;2009v1.2;2009v1.3;2009v1.4;2009v1.7;2010v3.2;2010v3.4;2010v3.6;2010v3.7;2011v1.2;2011v1.3;2011v1.4;2011v1.5;2012v2.0;2012v2.1;2012v2.2;2012v2.3;2012v3.0;2013v3.0;2013v3.1;2013v4.0,2013,F,T,,,
/Return/ReturnHeader/Filer/ForeignAddress/CityNm,F9_00_HD_FILERFORCITY,F9_00_ORG_ADDR_CITY,19,Address of Filing Organization (Foreign City),,F990-PC-PART-00-SECTION-C,F990-PC,F990,HD,PART-00,Section C,HD,TextType,text,ONE,F9-P00-T00-HEADER,FALSE,2014v5.0;2014v6.0;2015v2.0;2015v2.1;2015v3.0;2016v3.0,2016,F,T,,,
/Return/ReturnHeader/Filer/USAddress/City,F9_00_HD_FILERUSCITY,F9_00_ORG_ADDR_CITY,19,Address of Filing Organization (US City),,F990-PC-PART-00-SECTION-C,F990-PC,F990,HD,PART-00,Section C,HD,CityType,text,ONE,F9-P00-T00-HEADER,FALSE,2009v1.0;2009v1.1;2009v1.2;2009v1.3;2009v1.4;2009v1.7;2010v3.2;2010v3.4;2010v3.6;2010v3.7;2011v1.2;2011v1.3;2011v1.4;2011v1.5;2012v2.0;2012v2.1;2012v2.2;2012v2.3;2012v3.0;2013v3.0;2013v3.1;2013v4.0,2013,F,T,,,
/Return/ReturnHeader/Filer/USAddress/CityNm,F9_00_HD_FILERUSCITY,F9_00_ORG_ADDR_CITY,19,Address of Filing Organization (US City),,F990-PC-PART-00-SECTION-C,F990-PC,F990,HD,PART-00,Section C,HD,CityType,text,ONE,F9-P00-T00-HEADER,FALSE,2014v5.0;2014v6.0;2015v2.0;2015v2.1;2015v3.0;2016v3.0,2016,F,T,,,
/Return/ReturnHeader/Filer/ForeignAddress/AddressLine1,F9_00_HD_FILERFOR1,F9_00_ORG_ADDR_L01,18,Address of Filing Organization (Foreign Line 1),,F990-PC-PART-00-SECTION-C,F990-PC,F990,HD,PART-00,Section C,HD,StreetAddressType,text,ONE,F9-P00-T00-HEADER,FALSE,2009v1.0;2009v1.1;2009v1.2;2009v1.3;2009v1.4;2009v1.7;2010v3.2;2010v3.4;2010v3.6;2010v3.7;2011v1.2;2011v1.3;2011v1.4;2011v1.5;2012v2.0;2012v2.1;2012v2.2;2012v2.3;2012v3.0;2013v3.0;2013v3.1;2013v4.0,2013,F,T,,,
/Return/ReturnHeader/Filer/ForeignAddress/AddressLine1Txt,F9_00_HD_FILERFOR1,F9_00_ORG_ADDR_L01,18,Address of Filing Organization (Foreign Line 1),,F990-PC-PART-00-SECTION-C,F990-PC,F990,HD,PART-00,Section C,HD,StreetAddressType,text,ONE,F9-P00-T00-HEADER,FALSE,2014v5.0;2014v6.0;2015v2.0;2015v2.1;2015v3.0;2016v3.0,2016,F,T,,,
/Return/ReturnHeader/Filer/USAddress/AddressLine1,F9_00_HD_FILERUS1,F9_00_ORG_ADDR_L01,18,Address of Filing Organization (US Line 1),,F990-PC-PART-00-SECTION-C,F990-PC,F990,HD,PART-00,Section C,HD,StreetAddressType,text,ONE,F9-P00-T00-HEADER,FALSE,2009v1.0;2009v1.1;2009v1.2;2009v1.3;2009v1.4;2009v1.7;2010v3.2;2010v3.4;2010v3.6;2010v3.7;2011v1.2;2011v1.3;2011v1.4;2011v1.5;2012v2.0;2012v2.1;2012v2.2;2012v2.3;2012v3.0;2013v3.0;2013v3.1;2013v4.0,2013,F,T,,,
/Return/ReturnHeader/Filer/USAddress/AddressLine1Txt,F9_00_HD_FILERUS1,F9_00_ORG_ADDR_L01,18,Address of Filing Organization (US Line 1),,F990-PC-PART-00-SECTION-C,F990-PC,F990,HD,PART-00,Section C,HD,StreetAddressType,text,ONE,F9-P00-T00-HEADER,FALSE,2014v5.0;2014v6.0;2015v2.0;2015v2.1;2015v3.0;2016v3.0,2016,F,T,,,
/Return/ReturnHeader/Filer/ForeignAddress/AddressLine2,F9_00_HD_FILERFOR2,F9_00_ORG_ADDR_L02,18,Address of Filing Organization (Foreign Line 2),,F990-PC-PART-00-SECTION-C,F990-PC,F990,HD,PART-00,Section C,HD,StreetAddressType,text,ONE,F9-P00-T00-HEADER,FALSE,2009v1.0;2009v1.1;2009v1.2;2009v1.3;2009v1.4;2009v1.7;2010v3.2;2010v3.4;2010v3.6;2010v3.7;2011v1.2;2011v1.3;2011v1.4;2011v1.5;2012v2.0;2012v2.1;2012v2.2;2012v2.3;2012v3.0;2013v3.0;2013v3.1;2013v4.0,2013,F,T,,,
/Return/ReturnHeader/Filer/ForeignAddress/AddressLine2Txt,F9_00_HD_FILERFOR2,F9_00_ORG_ADDR_L02,18,Address of Filing Organization (Foreign Line 2),,F990-PC-PART-00-SECTION-C,F990-PC,F990,HD,PART-00,Section C,HD,StreetAddressType,text,ONE,F9-P00-T00-HEADER,FALSE,2014v5.0;2014v6.0;2015v2.0;2015v2.1;2015v3.0;2016v3.0,2016,F,T,,,
/Return/ReturnHeader/Filer/USAddress/AddressLine2,F9_00_HD_FILERUS2,F9_00_ORG_ADDR_L02,18,Address of Filing Organization (US Line 2),,F990-PC-PART-00-SECTION-C,F990-PC,F990,HD,PART-00,Section C,HD,StreetAddressType,text,ONE,F9-P00-T00-HEADER,FALSE,2009v1.0;2009v1.1;2009v1.2;2009v1.3;2009v1.4;2009v1.7;2010v3.2;2010v3.4;2010v3.6;2010v3.7;2011v1.2;2011v1.3;2011v1.4;2011v1.5;2012v2.0;2012v2.1;2012v2.2;2012v2.3;2012v3.0;2013v3.0;2013v3.1;2013v4.0,2013,F,T,,,
/Return/ReturnHeader/Filer/USAddress/AddressLine2Txt,F9_00_HD_FILERUS2,F9_00_ORG_ADDR_L02,18,Address of Filing Organization (US Line 2),,F990-PC-PART-00-SECTION-C,F990-PC,F990,HD,PART-00,Section C,HD,StreetAddressType,text,ONE,F9-P00-T00-HEADER,FALSE,2014v5.0;2014v6.0;2015v2.0;2015v2.1;2015v3.0;2016v3.0,2016,F,T,,,
/Return/ReturnHeader/Filer/ForeignAddress/ProvinceOrState,F9_00_HD_FILERFORSTATE,F9_00_ORG_ADDR_STATE,20,Address of Filing Organization (Foreign Province or State),,F990-PC-PART-00-SECTION-C,F990-PC,F990,HD,PART-00,Section C,HD,TextType,text,ONE,F9-P00-T00-HEADER,FALSE,2009v1.0;2009v1.1;2009v1.2;2009v1.3;2009v1.4;2009v1.7;2010v3.2;2010v3.4;2010v3.6;2010v3.7;2011v1.2;2011v1.3;2011v1.4;2011v1.5;2012v2.0;2012v2.1;2012v2.2;2012v2.3;2012v3.0;2013v3.0;2013v3.1;2013v4.0,2013,F,T,,,
/Return/ReturnHeader/Filer/ForeignAddress/ProvinceOrStateNm,F9_00_HD_FILERFORSTATE,F9_00_ORG_ADDR_STATE,20,Address of Filing Organization (Foreign Province or State),,F990-PC-PART-00-SECTION-C,F990-PC,F990,HD,PART-00,Section C,HD,TextType,text,ONE,F9-P00-T00-HEADER,FALSE,2014v5.0;2014v6.0;2015v2.0;2015v2.1;2015v3.0;2016v3.0,2016,F,T,,,
/Return/ReturnHeader/Filer/USAddress/State,F9_00_HD_FILERUSSTATE,F9_00_ORG_ADDR_STATE,20,Address of Filing Organization (US State),,F990-PC-PART-00-SECTION-C,F990-PC,F990,HD,PART-00,Section C,HD,StateType,text,ONE,F9-P00-T00-HEADER,FALSE,2009v1.0;2009v1.1;2009v1.2;2009v1.3;2009v1.4;2009v1.7;2010v3.2;2010v3.4;2010v3.6;2010v3.7;2011v1.2;2011v1.3;2011v1.4;2011v1.5;2012v2.0;2012v2.1;2012v2.2;2012v2.3;2012v3.0;2013v3.0;2013v3.1;2013v4.0,2013,F,T,,,
/Return/ReturnHeader/Filer/USAddress/StateAbbreviationCd,F9_00_HD_FILERUSSTATE,F9_00_ORG_ADDR_STATE,20,Address of Filing Organization (US State),,F990-PC-PART-00-SECTION-C,F990-PC,F990,HD,PART-00,Section C,HD,StateType,text,ONE,F9-P00-T00-HEADER,FALSE,2014v5.0;2014v6.0;2015v2.0;2015v2.1;2015v3.0;2016v3.0,2016,F,T,,,
/Return/ReturnHeader/Filer/ForeignAddress/Country,F9_00_HD_FILERFORCTRY,F9_00_ORG_ADDR_STATE,20,Address of Filing Organization (Foreign Country),,F990-PC-PART-00-SECTION-C,F990-PC,F990,HD,PART-00,Section C,HD,CountryType,text,ONE,F9-P00-T00-HEADER,FALSE,2009v1.0;2009v1.1;2009v1.2;2009v1.3;2009v1.4;2009v1.7;2010v3.2;2010v3.4;2010v3.6;2010v3.7;2011v1.2;2011v1.3;2011v1.4;2011v1.5;2012v2.0;2012v2.1;2012v2.2;2012v2.3;2012v3.0;2013v3.0;2013v3.1;2013v4.0,2013,F,T,,,
/Return/ReturnHeader/Filer/ForeignAddress/CountryCd,F9_00_HD_FILERFORCTRY,F9_00_ORG_ADDR_STATE,20,Address of Filing Organization (Foreign Country),,F990-PC-PART-00-SECTION-C,F990-PC,F990,HD,PART-00,Section C,HD,CountryType,text,ONE,F9-P00-T00-HEADER,FALSE,2014v5.0;2014v6.0;2015v2.0;2015v2.1;2015v3.0;2016v3.0,2016,F,T,,,
/Return/ReturnHeader/Filer/ForeignAddress/ForeignPostalCd,F9_00_HD_FILERFORPOST,F9_00_ORG_ADDR_ZIP,18,Address of Filing Organization (Foreign Postal Code),,F990-PC-PART-00-SECTION-C,F990-PC,F990,HD,PART-00,Section C,HD,TextType,text,ONE,F9-P00-T00-HEADER,FALSE,2014v5.0;2014v6.0;2015v2.0;2015v2.1;2015v3.0;2016v3.0,2016,F,T,,,
/Return/ReturnHeader/Filer/ForeignAddress/PostalCode,F9_00_HD_FILERFORPOST,F9_00_ORG_ADDR_ZIP,18,Address of Filing Organization (Foreign Postal Code),,F990-PC-PART-00-SECTION-C,F990-PC,F990,HD,PART-00,Section C,HD,TextType,text,ONE,F9-P00-T00-HEADER,FALSE,2009v1.0;2009v1.1;2009v1.2;2009v1.3;2009v1.4;2009v1.7;2010v3.2;2010v3.4;2010v3.6;2010v3.7;2011v1.2;2011v1.3;2011v1.4;2011v1.5;2012v2.0;2012v2.1;2012v2.2;2012v2.3;2012v3.0;2013v3.0;2013v3.1;2013v4.0,2013,F,T,,,
/Return/ReturnHeader/Filer/USAddress/ZIPCd,F9_00_HD_FILERUSZIP,F9_00_ORG_ADDR_ZIP,18,Address of Filing Organization (US Zip Code),,F990-PC-PART-00-SECTION-C,F990-PC,F990,HD,PART-00,Section C,HD,ZIPCodeType,text,ONE,F9-P00-T00-HEADER,FALSE,2014v5.0;2014v6.0;2015v2.0;2015v2.1;2015v3.0;2016v3.0,2016,F,T,,,
/Return/ReturnHeader/Filer/USAddress/ZIPCode,F9_00_HD_FILERUSZIP,F9_00_ORG_ADDR_ZIP,18,Address of Filing Organization (US Zip Code),,F990-PC-PART-00-SECTION-C,F990-PC,F990,HD,PART-00,Section C,HD,ZIPCodeType,text,ONE,F9-P00-T00-HEADER,FALSE,2009v1.0;2009v1.1;2009v1.2;2009v1.3;2009v1.4;2009v1.7;2010v3.2;2010v3.4;2010v3.6;2010v3.7;2011v1.2;2011v1.3;2011v1.4;2011v1.5;2012v2.0;2012v2.1;2012v2.2;2012v2.3;2012v3.0;2013v3.0;2013v3.1;2013v4.0,2013,F,T,,,
/Return/ReturnData/IRS990/TypeOfOrganizationAssociation,F9_00_PZ_FORMORGASSN,F9_00_ORG_FORM_ASSOC_X,22,Form of organization: Association,[TypeOfOrganizationAssociation] K,F990-PC-PART-00-SECTION-K,F990-PC,F990,PC,PART-00,Section K,HD,CheckboxType,checkbox,ONE,F9-P00-T00-HEADER,FALSE,2009v1.0;2009v1.1;2009v1.2;2009v1.3;2009v1.4;2009v1.7;2010v3.2;2010v3.4;2010v3.6;2010v3.7;2011v1.2;2011v1.3;2011v1.4;2011v1.5;2012v2.0;2012v2.1;2012v2.2;2012v2.3;2012v3.0,2012,F,T,,,
/Return/ReturnData/IRS990/TypeOfOrganizationAssocInd,F9_00_PZ_FORMORGASSN,F9_00_ORG_FORM_ASSOC_X,22,Form of organization: Association,[TypeOfOrganizationAssocInd] K,F990-PC-PART-00-SECTION-K,F990-PC,F990,PC,PART-00,Section K,HD,CheckboxType,checkbox,ONE,F9-P00-T00-HEADER,FALSE,2013v3.0;2013v3.1;2013v4.0;2014v5.0;2014v6.0;2015v2.0;2015v2.1;2015v3.0;2016v3.0,2016,F,T,,,
/Return/ReturnData/IRS990EZ/TypeOfOrganizationAssocInd,F9_00_PZ_FORMORGASSN,F9_00_ORG_FORM_ASSOC_X,22,Form of organization: Association,[TypeOfOrganizationAssocInd] K,F990-EZ-PART-00-SECTION-K,F990-EZ,F990,EZ,PART-00,Section K,HD,CheckboxType,checkbox,ONE,F9-P00-T00-HEADER,FALSE,2013v3.0;2013v3.1;2013v4.0;2014v5.0;2014v6.0;2015v2.0;2015v2.1;2015v3.0;2016v3.0,2016,F,T,,,
/Return/ReturnData/IRS990/TypeOfOrganizationCorpInd,F9_00_PZ_FORMORGCORP,F9_00_ORG_FORM_CORP_X,21,Form of organization: Corporation,[TypeOfOrganizationCorpInd] K,F990-PC-PART-00-SECTION-K,F990-PC,F990,PC,PART-00,Section K,HD,CheckboxType,checkbox,ONE,F9-P00-T00-HEADER,FALSE,2013v3.0;2013v3.1;2013v4.0;2014v5.0;2014v6.0;2015v2.0;2015v2.1;2015v3.0;2016v3.0,2016,F,T,,,
/Return/ReturnData/IRS990/TypeOfOrganizationCorporation,F9_00_PZ_FORMORGCORP,F9_00_ORG_FORM_CORP_X,21,Form of organization: Corporation,[TypeOfOrganizationCorporation] K,F990-PC-PART-00-SECTION-K,F990-PC,F990,PC,PART-00,Section K,HD,CheckboxType,checkbox,ONE,F9-P00-T00-HEADER,FALSE,2009v1.0;2009v1.1;2009v1.2;2009v1.3;2009v1.4;2009v1.7;2010v3.2;2010v3.4;2010v3.6;2010v3.7;2011v1.2;2011v1.3;2011v1.4;2011v1.5;2012v2.0;2012v2.1;2012v2.2;2012v2.3;2012v3.0,2012,F,T,,,
/Return/ReturnData/IRS990EZ/TypeOfOrganizationCorpInd,F9_00_PZ_FORMORGCORP,F9_00_ORG_FORM_CORP_X,21,Form of organization: Corporation,[TypeOfOrganizationCorpInd] K,F990-EZ-PART-00-SECTION-K,F990-EZ,F990,EZ,PART-00,Section K,HD,CheckboxType,checkbox,ONE,F9-P00-T00-HEADER,FALSE,2013v3.0;2013v3.1;2013v4.0;2014v5.0;2014v6.0;2015v2.0;2015v2.1;2015v3.0;2016v3.0,2016,F,T,,,
/Return/ReturnData/IRS990/OtherOrganizationDsc,F9_00_PZ_FORMORGOTHERDESC,F9_00_ORG_FORM_OTHER_DESC,25,Form of organization: Other Description,[OtherOrganizationDsc] K,F990-PC-PART-00-SECTION-K,F990-PC,F990,PC,PART-00,Section K,HD,LineExplanationType,text,ONE,F9-P00-T00-HEADER,FALSE,2013v3.0;2013v3.1;2013v4.0;2014v5.0;2014v6.0;2015v2.0;2015v2.1;2015v3.0;2016v3.0,2016,F,T,,,
/Return/ReturnData/IRS990/TypeOfOrgOtherDescription,F9_00_PZ_FORMORGOTHERDESC,F9_00_ORG_FORM_OTHER_DESC,25,Form of organization: Other Description,[TypeOfOrgOtherDescription] K,F990-PC-PART-00-SECTION-K,F990-PC,F990,PC,PART-00,Section K,HD,LineExplanationType,text,ONE,F9-P00-T00-HEADER,FALSE,2009v1.0;2009v1.1;2009v1.2;2009v1.3;2009v1.4;2009v1.7;2010v3.2;2010v3.4;2010v3.6;2010v3.7;2011v1.2;2011v1.3;2011v1.4;2011v1.5;2012v2.0;2012v2.1;2012v2.2;2012v2.3;2012v3.0,2012,F,T,,,
/Return/ReturnData/IRS990EZ/TypeOfOrganizationOtherDesc,F9_00_PZ_FORMORGOTHERDESC,F9_00_ORG_FORM_OTHER_DESC,25,Form of organization Other Description,[TypeOfOrganizationOtherDesc] K,F990-EZ-PART-00-SECTION-K,F990-EZ,F990,EZ,PART-00,Section K,HD,LineExplanationType,text,ONE,F9-P00-T00-HEADER,FALSE,2013v3.0;2013v3.1;2013v4.0;2014v5.0;2014v6.0;2015v2.0;2015v2.1;2015v3.0;2016v3.0,2016,F,T,,,
/Return/ReturnData/IRS990/TypeOfOrganizationOther,F9_00_PZ_FORMORGOTHER,F9_00_ORG_FORM_OTHER_X,22,Form of organization: Other,[TypeOfOrganizationOther] K,F990-PC-PART-00-SECTION-K,F990-PC,F990,PC,PART-00,Section K,HD,CheckboxType,checkbox,ONE,F9-P00-T00-HEADER,FALSE,2009v1.0;2009v1.1;2009v1.2;2009v1.3;2009v1.4;2009v1.7;2010v3.2;2010v3.4;2010v3.6;2010v3.7;2011v1.2;2011v1.3;2011v1.4;2011v1.5;2012v2.0;2012v2.1;2012v2.2;2012v2.3;2012v3.0,2012,F,T,,,
/Return/ReturnData/IRS990/TypeOfOrganizationOtherInd,F9_00_PZ_FORMORGOTHER,F9_00_ORG_FORM_OTHER_X,22,Form of organization: Other,[TypeOfOrganizationOtherInd] K,F990-PC-PART-00-SECTION-K,F990-PC,F990,PC,PART-00,Section K,HD,CheckboxType,checkbox,ONE,F9-P00-T00-HEADER,FALSE,2013v3.0;2013v3.1;2013v4.0;2014v5.0;2014v6.0;2015v2.0;2015v2.1;2015v3.0;2016v3.0,2016,F,T,,,
/Return/ReturnData/IRS990EZ/TypeOfOrganizationOtherInd,F9_00_PZ_FORMORGOTHER,F9_00_ORG_FORM_OTHER_X,22,Form of organization: Other,[TypeOfOrganizationOtherInd] K,F990-EZ-PART-00-SECTION-K,F990-EZ,F990,EZ,PART-00,Section K,HD,CheckboxType,checkbox,ONE,F9-P00-T00-HEADER,FALSE,2013v3.0;2013v3.1;2013v4.0;2014v5.0;2014v6.0;2015v2.0;2015v2.1;2015v3.0;2016v3.0,2016,F,T,,,
/Return/ReturnData/IRS990/TypeOfOrganizationTrust,F9_00_PZ_FORMORGTRUST,F9_00_ORG_FORM_TRUST_X,22,Form of organization: Trust,[TypeOfOrganizationTrust] K,F990-PC-PART-00-SECTION-K,F990-PC,F990,PC,PART-00,Section K,HD,CheckboxType,checkbox,ONE,F9-P00-T00-HEADER,FALSE,2009v1.0;2009v1.1;2009v1.2;2009v1.3;2009v1.4;2009v1.7;2010v3.2;2010v3.4;2010v3.6;2010v3.7;2011v1.2;2011v1.3;2011v1.4;2011v1.5;2012v2.0;2012v2.1;2012v2.2;2012v2.3;2012v3.0,2012,F,T,,,
/Return/ReturnData/IRS990/TypeOfOrganizationTrustInd,F9_00_PZ_FORMORGTRUST,F9_00_ORG_FORM_TRUST_X,22,Form of organization: Trust,[TypeOfOrganizationTrustInd] K,F990-PC-PART-00-SECTION-K,F990-PC,F990,PC,PART-00,Section K,HD,CheckboxType,checkbox,ONE,F9-P00-T00-HEADER,FALSE,2013v3.0;2013v3.1;2013v4.0;2014v5.0;2014v6.0;2015v2.0;2015v2.1;2015v3.0;2016v3.0,2016,F,T,,,
/Return/ReturnData/IRS990EZ/TypeOfOrganizationTrustInd,F9_00_PZ_FORMORGTRUST,F9_00_ORG_FORM_TRUST_X,22,Form of organization: Trust,[TypeOfOrganizationTrustInd] K,F990-EZ-PART-00-SECTION-K,F990-EZ,F990,EZ,PART-00,Section K,HD,CheckboxType,checkbox,ONE,F9-P00-T00-HEADER,FALSE,2013v3.0;2013v3.1;2013v4.0;2014v5.0;2014v6.0;2015v2.0;2015v2.1;2015v3.0;2016v3.0,2016,F,T,,,
/Return/ReturnHeader/Filer/BusinessNameControlTxt,F9_00_HD_FILERNAMECTRL,F9_00_ORG_NAME_CONTROL,22,Name of Filing Organization (Control Text),,F990-PC-PART-00-LINE-00,F990-PC,F990,HD,PART-00,,HD,BusinessNameControlType,text,ONE,F9-P00-T00-HEADER,FALSE,2013v3.0;2013v3.1;2013v4.0;2014v5.0;2014v6.0;2015v2.0;2015v2.1;2015v3.0;2016v3.0,2016,F,T,,,
/Return/ReturnHeader/Filer/NameControl,F9_00_HD_FILERNAMECTRL,F9_00_ORG_NAME_CONTROL,22,Name of Filing Organization (Control Text),,F990-PC-PART-00-LINE-00,F990-PC,F990,HD,PART-00,,HD,BusinessNameControlType,text,ONE,F9-P00-T00-HEADER,FALSE,2009v1.0;2009v1.1;2009v1.2;2009v1.3;2009v1.4;2009v1.7;2010v3.2;2010v3.4;2010v3.6;2010v3.7;2011v1.2;2011v1.3;2011v1.4;2011v1.5;2012v2.0;2012v2.1;2012v2.2;2012v2.3;2012v3.0,2012,F,T,,,
/Return/ReturnData/IRS990/DoingBusinessAs/BusinessNameLine1,F9_00_PC_BUSINESSAS1,F9_00_ORG_NAME_DBA_L01,22,Doing business as (line 1),[DoingBusinessAs] C,F990-PC-PART-00-SECTION-C,F990-PC,F990,PC,PART-00,Section C,PC,BusinessNameLine1Type,text,ONE,F9-P00-T00-HEADER,FALSE,2009v1.0;2009v1.1;2009v1.2;2009v1.3;2009v1.4;2009v1.7;2010v3.2;2010v3.4;2010v3.6;2010v3.7;2011v1.2;2011v1.3;2011v1.4;2011v1.5;2012v2.0;2012v2.1;2012v2.2;2012v2.3;2012v3.0,2012,F,T,,,
/Return/ReturnData/IRS990/DoingBusinessAsName/BusinessNameLine1,F9_00_PC_BUSINESSAS1,F9_00_ORG_NAME_DBA_L01,22,Doing business as (line 1),[DoingBusinessAsName] C,F990-PC-PART-00-SECTION-C,F990-PC,F990,PC,PART-00,Section C,PC,BusinessNameLine1Type,text,ONE,F9-P00-T00-HEADER,FALSE,2013v3.0;2013v3.1;2013v4.0,2013,F,T,,,
/Return/ReturnData/IRS990/DoingBusinessAsName/BusinessNameLine1Txt,F9_00_PC_BUSINESSAS1,F9_00_ORG_NAME_DBA_L01,22,Doing business as (line 1),[DoingBusinessAsName] C,F990-PC-PART-00-SECTION-C,F990-PC,F990,PC,PART-00,Section C,PC,BusinessNameLine1Type,text,ONE,F9-P00-T00-HEADER,FALSE,2014v5.0;2014v6.0;2015v2.0;2015v2.1;2015v3.0;2016v3.0,2016,F,T,,,
/Return/ReturnData/IRS990/DoingBusinessAs/BusinessNameLine2,F9_00_PC_BUSINESSAS2,F9_00_ORG_NAME_DBA_L02,22,Doing business as (line 2),[DoingBusinessAs] C,F990-PC-PART-00-SECTION-C,F990-PC,F990,PC,PART-00,Section C,PC,BusinessNameLine2Type,text,ONE,F9-P00-T00-HEADER,FALSE,2009v1.0;2009v1.1;2009v1.2;2009v1.3;2009v1.4;2009v1.7;2010v3.2;2010v3.4;2010v3.6;2010v3.7;2011v1.2;2011v1.3;2011v1.4;2011v1.5;2012v2.0;2012v2.1;2012v2.2;2012v2.3;2012v3.0,2012,F,T,,,
/Return/ReturnData/IRS990/DoingBusinessAsName/BusinessNameLine2,F9_00_PC_BUSINESSAS2,F9_00_ORG_NAME_DBA_L02,22,Doing business as (line 2),[DoingBusinessAsName] C,F990-PC-PART-00-SECTION-C,F990-PC,F990,PC,PART-00,Section C,PC,BusinessNameLine2Type,text,ONE,F9-P00-T00-HEADER,FALSE,2013v3.0;2013v3.1;2013v4.0,2013,F,T,,,
/Return/ReturnData/IRS990/DoingBusinessAsName/BusinessNameLine2Txt,F9_00_PC_BUSINESSAS2,F9_00_ORG_NAME_DBA_L02,22,Doing business as (line 2),[DoingBusinessAsName] C,F990-PC-PART-00-SECTION-C,F990-PC,F990,PC,PART-00,Section C,PC,BusinessNameLine2Type,text,ONE,F9-P00-T00-HEADER,FALSE,2014v5.0;2014v6.0;2015v2.0;2015v2.1;2015v3.0;2016v3.0,2016,F,T,,,
/Return/ReturnHeader/Filer/BusinessName/BusinessNameLine1,F9_00_HD_FILERNAME1,F9_00_ORG_NAME_L01,18,Name of Filing Organization (line 1),,F990-PC-PART-00-SECTION-C,F990-PC,F990,PC,PART-00,Section C,HD,BusinessNameLine1Type,text,ONE,F9-P00-T00-HEADER,FALSE,2013v3.0;2013v3.1;2013v4.0,2013,F,T,,,
/Return/ReturnHeader/Filer/BusinessName/BusinessNameLine1Txt,F9_00_HD_FILERNAME1,F9_00_ORG_NAME_L01,18,Name of Filing Organization (line 1),,F990-PC-PART-00-SECTION-C,F990-PC,F990,PC,PART-00,Section C,HD,BusinessNameLine1Type,text,ONE,F9-P00-T00-HEADER,FALSE,2014v5.0;2014v6.0;2015v2.0;2015v2.1;2015v3.0;2016v3.0,2016,F,T,,,
/Return/ReturnHeader/Filer/Name/BusinessNameLine1,F9_00_HD_FILERNAME1,F9_00_ORG_NAME_L01,18,Name of Filing Organization (line 1),,F990-PC-PART-00-SECTION-C,F990-PC,F990,PC,PART-00,Section C,HD,BusinessNameLine1Type,text,ONE,F9-P00-T00-HEADER,FALSE,2009v1.0;2009v1.1;2009v1.2;2009v1.3;2009v1.4;2009v1.7;2010v3.2;2010v3.4;2010v3.6;2010v3.7;2011v1.2;2011v1.3;2011v1.4;2011v1.5;2012v2.0;2012v2.1;2012v2.2;2012v2.3;2012v3.0,2012,F,T,,,
/Return/ReturnHeader/Filer/BusinessName/BusinessNameLine2,F9_00_HD_FILERNAME2,F9_00_ORG_NAME_L02,18,Name of Filing Organization (line 2),,F990-PC-PART-00-SECTION-C,F990-PC,F990,PC,PART-00,Section C,HD,BusinessNameLine2Type,text,ONE,F9-P00-T00-HEADER,FALSE,2013v3.0;2013v3.1;2013v4.0,2013,F,T,,,
/Return/ReturnHeader/Filer/BusinessName/BusinessNameLine2Txt,F9_00_HD_FILERNAME2,F9_00_ORG_NAME_L02,18,Name of Filing Organization (line 2),,F990-PC-PART-00-SECTION-C,F990-PC,F990,PC,PART-00,Section C,HD,BusinessNameLine2Type,text,ONE,F9-P00-T00-HEADER,FALSE,2014v5.0;2014v6.0;2015v2.0;2015v2.1;2015v3.0;2016v3.0,2016,F,T,,,
/Return/ReturnHeader/Filer/Name/BusinessNameLine2,F9_00_HD_FILERNAME2,F9_00_ORG_NAME_L02,18,Name of Filing Organization (line 2),,F990-PC-PART-00-SECTION-C,F990-PC,F990,PC,PART-00,Section C,HD,BusinessNameLine2Type,text,ONE,F9-P00-T00-HEADER,FALSE,2009v1.0;2009v1.1;2009v1.2;2009v1.3;2009v1.4;2009v1.7;2010v3.2;2010v3.4;2010v3.6;2010v3.7;2011v1.2;2011v1.3;2011v1.4;2011v1.5;2012v2.0;2012v2.1;2012v2.2;2012v2.3;2012v3.0,2012,F,T,,,
/Return/ReturnHeader/Filer/Phone,F9_00_HD_FILERPHONE,F9_00_ORG_PHONE,15,Filing Organization Telephone Number,,F990-PC-PART-00-SECTION-C,F990-PC,F990,PC,PART-00,Section E,HD,PhoneNumberType,numeric,ONE,F9-P00-T00-HEADER,FALSE,2009v1.0;2009v1.1;2009v1.2;2009v1.3;2009v1.4;2009v1.7;2010v3.2;2010v3.4;2010v3.6;2010v3.7;2011v1.2;2011v1.3;2011v1.4;2011v1.5;2012v2.0;2012v2.1;2012v2.2;2012v2.3;2012v3.0,2012,F,T,,,
/Return/ReturnHeader/Filer/PhoneNum,F9_00_HD_FILERPHONE,F9_00_ORG_PHONE,15,Filing Organization Telephone Number,,F990-PC-PART-00-SECTION-C,F990-PC,F990,PC,PART-00,Section E,HD,PhoneNumberType,numeric,ONE,F9-P00-T00-HEADER,FALSE,2013v3.0;2013v3.1;2013v4.0;2014v5.0;2014v6.0;2015v2.0;2015v2.1;2015v3.0;2016v3.0,2016,F,T,,,
/Return/ReturnData/IRS990/WebSite,F9_00_PZ_WEBSITE,F9_00_ORG_WEBSITE,17,Website,[WebSite] J,F990-PC-PART-00-SECTION-J,F990-PC,F990,PC,PART-00,Section J,HD,LineExplanationType,text,ONE,F9-P00-T00-HEADER,FALSE,2009v1.0;2009v1.1;2009v1.2;2009v1.3;2009v1.4;2009v1.7;2010v3.2;2010v3.4;2010v3.6;2010v3.7;2011v1.2;2011v1.3;2011v1.4;2011v1.5;2012v2.0;2012v2.1;2012v2.2;2012v2.3;2012v3.0,2012,F,T,,,
/Return/ReturnData/IRS990/WebsiteAddressTxt,F9_00_PZ_WEBSITE,F9_00_ORG_WEBSITE,17,Website,[WebsiteAddressTxt] J,F990-PC-PART-00-SECTION-J,F990-PC,F990,PC,PART-00,Section J,HD,LineExplanationType,text,ONE,F9-P00-T00-HEADER,FALSE,2013v3.0;2013v3.1;2013v4.0;2014v5.0;2014v6.0;2015v2.0;2015v2.1;2015v3.0;2016v3.0,2016,F,T,,,
/Return/ReturnData/IRS990EZ/WebSite,F9_00_PZ_WEBSITE,F9_00_ORG_WEBSITE,17,Website,[WebSite] I,F990-EZ-PART-00-SECTION-I,F990-EZ,F990,EZ,PART-00,Section I,HD,LineExplanationType,text,ONE,F9-P00-T00-HEADER,FALSE,2009v1.0;2009v1.1;2009v1.2;2009v1.3;2009v1.4;2009v1.7;2010v3.2;2010v3.4;2010v3.6;2010v3.7;2011v1.2;2011v1.3;2011v1.4;2011v1.5;2012v2.0;2012v2.1;2012v2.2;2012v2.3;2012v3.0,2012,F,T,,,
/Return/ReturnData/IRS990EZ/WebsiteAddressTxt,F9_00_PZ_WEBSITE,F9_00_ORG_WEBSITE,17,Website,[WebsiteAddressTxt] I,F990-EZ-PART-00-SECTION-I,F990-EZ,F990,EZ,PART-00,Section I,HD,LineExplanationType,text,ONE,F9-P00-T00-HEADER,FALSE,2013v3.0;2013v3.1;2013v4.0;2014v5.0;2014v6.0;2015v2.0;2015v2.1;2015v3.0;2016v3.0,2016,F,T,,,
/Return/ReturnData/IRS990/FormationYr,F9_00_PC_YEARFORM,F9_00_ORG_YEAR_FORMED,21,Year of formation,[FormationYr] L,F990-PC-PART-00-SECTION-L,F990-PC,F990,PC,PART-00,Section L,PC,YearType,date,ONE,F9-P00-T00-HEADER,FALSE,2013v3.0;2013v3.1;2013v4.0;2014v5.0;2014v6.0;2015v2.0;2015v2.1;2015v3.0;2016v3.0,2016,F,T,,,
/Return/ReturnData/IRS990/YearFormation,F9_00_PC_YEARFORM,F9_00_ORG_YEAR_FORMED,21,Year of formation,[YearFormation] L,F990-PC-PART-00-SECTION-L,F990-PC,F990,PC,PART-00,Section L,PC,YearType,date,ONE,F9-P00-T00-HEADER,FALSE,2009v1.0;2009v1.1;2009v1.2;2009v1.3;2009v1.4;2009v1.7;2010v3.2;2010v3.4;2010v3.6;2010v3.7;2011v1.2;2011v1.3;2011v1.4;2011v1.5;2012v2.0;2012v2.1;2012v2.2;2012v2.3;2012v3.0,2012,F,T,,,
/Return/ReturnData/IRS990/AddressPrincipalOfficerForeign/City,F9_00_PC_PRINCIPALFORCITY,F9_00_PRIN_OFF_ADDR_CITY,24,Address of Principal Officer (Foreign City),[AddressPrincipalOfficerForeign] F,F990-PC-PART-00-SECTION-F,F990-PC,F990,PC,PART-00,Section F,PC,TextType,text,ONE,F9-P00-T00-HEADER,FALSE,2009v1.0;2009v1.1;2009v1.2;2009v1.3;2009v1.4;2009v1.7;2010v3.2;2010v3.4;2010v3.6;2010v3.7;2011v1.2;2011v1.3;2011v1.4;2011v1.5;2012v2.0;2012v2.1;2012v2.2;2012v2.3;2012v3.0,2012,F,T,,,
/Return/ReturnData/IRS990/AddressPrincipalOfficerUS/City,F9_00_PC_PRINCIPALUSCITY,F9_00_PRIN_OFF_ADDR_CITY,24,Address of Principal Officer (US City),[AddressPrincipalOfficerUS] F,F990-PC-PART-00-SECTION-F,F990-PC,F990,PC,PART-00,Section F,PC,CityType,text,ONE,F9-P00-T00-HEADER,FALSE,2009v1.0;2009v1.1;2009v1.2;2009v1.3;2009v1.4;2009v1.7;2010v3.2;2010v3.4;2010v3.6;2010v3.7;2011v1.2;2011v1.3;2011v1.4;2011v1.5;2012v2.0;2012v2.1;2012v2.2;2012v2.3;2012v3.0,2012,F,T,,,
/Return/ReturnData/IRS990/ForeignAddress/City,F9_00_SG_FILERFORCITY,F9_00_PRIN_OFF_ADDR_CITY,24,Address of Filing Organization (Foreign City),[ForeignAddress] F,F990-PC-PART-00-SECTION-F,F990-PC,F990,PC,PART-00,Section F,PC,TextType,text,ONE,F9-P00-T00-HEADER,FALSE,2013v3.0;2013v3.1;2013v4.0,2013,F,T,,,
/Return/ReturnData/IRS990/ForeignAddress/CityNm,F9_00_SG_FILERFORCITY,F9_00_PRIN_OFF_ADDR_CITY,24,Address of Filing Organization (Foreign City),[ForeignAddress] F,F990-PC-PART-00-SECTION-F,F990-PC,F990,PC,PART-00,Section F,PC,TextType,text,ONE,F9-P00-T00-HEADER,FALSE,2014v5.0;2014v6.0;2015v2.0;2015v2.1;2015v3.0;2016v3.0,2016,F,T,,,
/Return/ReturnData/IRS990/USAddress/City,F9_00_SG_FILERUSCITY,F9_00_PRIN_OFF_ADDR_CITY,24,Address of Filing Organization (US City),[USAddress] F,F990-PC-PART-00-SECTION-F,F990-PC,F990,PC,PART-00,Section F,PC,CityType,text,ONE,F9-P00-T00-HEADER,FALSE,2013v3.0;2013v3.1;2013v4.0,2013,F,T,,,
/Return/ReturnData/IRS990/USAddress/CityNm,F9_00_SG_FILERUSCITY,F9_00_PRIN_OFF_ADDR_CITY,24,Address of Filing Organization (US City),[USAddress] F,F990-PC-PART-00-SECTION-F,F990-PC,F990,PC,PART-00,Section F,PC,CityType,text,ONE,F9-P00-T00-HEADER,FALSE,2014v5.0;2014v6.0;2015v2.0;2015v2.1;2015v3.0;2016v3.0,2016,F,T,,,
/Return/ReturnData/IRS990/AddressPrincipalOfficerForeign/AddressLine1,F9_00_PC_PRINCIPALFOR1,F9_00_PRIN_OFF_ADDR_L01,23,Address of Principal Officer (Foreign Line 1),[AddressPrincipalOfficerForeign] F,F990-PC-PART-00-SECTION-F,F990-PC,F990,PC,PART-00,Section F,PC,StreetAddressType,text,ONE,F9-P00-T00-HEADER,FALSE,2009v1.0;2009v1.1;2009v1.2;2009v1.3;2009v1.4;2009v1.7;2010v3.2;2010v3.4;2010v3.6;2010v3.7;2011v1.2;2011v1.3;2011v1.4;2011v1.5;2012v2.0;2012v2.1;2012v2.2;2012v2.3;2012v3.0,2012,F,T,,,
/Return/ReturnData/IRS990/AddressPrincipalOfficerUS/AddressLine1,F9_00_PC_PRINCIPALUS1,F9_00_PRIN_OFF_ADDR_L01,23,Address of Principal Officer (US Line 1),[AddressPrincipalOfficerUS] F,F990-PC-PART-00-SECTION-F,F990-PC,F990,PC,PART-00,Section F,PC,StreetAddressType,text,ONE,F9-P00-T00-HEADER,FALSE,2009v1.0;2009v1.1;2009v1.2;2009v1.3;2009v1.4;2009v1.7;2010v3.2;2010v3.4;2010v3.6;2010v3.7;2011v1.2;2011v1.3;2011v1.4;2011v1.5;2012v2.0;2012v2.1;2012v2.2;2012v2.3;2012v3.0,2012,F,T,,,
/Return/ReturnData/IRS990/ForeignAddress/AddressLine1,F9_00_SG_FILERFOR1,F9_00_PRIN_OFF_ADDR_L01,23,Address of Filing Organization (Foreign Line 1),[ForeignAddress] F,F990-PC-PART-00-SECTION-F,F990-PC,F990,PC,PART-00,Section F,PC,StreetAddressType,text,ONE,F9-P00-T00-HEADER,FALSE,2013v3.0;2013v3.1;2013v4.0,2013,F,T,,,
/Return/ReturnData/IRS990/ForeignAddress/AddressLine1Txt,F9_00_SG_FILERFOR1,F9_00_PRIN_OFF_ADDR_L01,23,Address of Filing Organization (Foreign Line 1),[ForeignAddress] F,F990-PC-PART-00-SECTION-F,F990-PC,F990,PC,PART-00,Section F,PC,StreetAddressType,text,ONE,F9-P00-T00-HEADER,FALSE,2014v5.0;2014v6.0;2015v2.0;2015v2.1;2015v3.0;2016v3.0,2016,F,T,,,
/Return/ReturnData/IRS990/USAddress/AddressLine1,F9_00_SG_FILERUS1,F9_00_PRIN_OFF_ADDR_L01,23,Address of Filing Organization (US Line 1),[USAddress] F,F990-PC-PART-00-SECTION-F,F990-PC,F990,PC,PART-00,Section F,PC,StreetAddressType,text,ONE,F9-P00-T00-HEADER,FALSE,2013v3.0;2013v3.1;2013v4.0,2013,F,T,,,
/Return/ReturnData/IRS990/USAddress/AddressLine1Txt,F9_00_SG_FILERUS1,F9_00_PRIN_OFF_ADDR_L01,23,Address of Filing Organization (US Line 1),[USAddress] F,F990-PC-PART-00-SECTION-F,F990-PC,F990,PC,PART-00,Section F,PC,StreetAddressType,text,ONE,F9-P00-T00-HEADER,FALSE,2014v5.0;2014v6.0;2015v2.0;2015v2.1;2015v3.0;2016v3.0,2016,F,T,,,
/Return/ReturnData/IRS990/AddressPrincipalOfficerForeign/AddressLine2,F9_00_PC_PRINCIPALFOR2,F9_00_PRIN_OFF_ADDR_L02,23,Address of Principal Officer (Foreign Line 2),[AddressPrincipalOfficerForeign] F,F990-PC-PART-00-SECTION-F,F990-PC,F990,PC,PART-00,Section F,PC,StreetAddressType,text,ONE,F9-P00-T00-HEADER,FALSE,2009v1.0;2009v1.1;2009v1.2;2009v1.3;2009v1.4;2009v1.7;2010v3.2;2010v3.4;2010v3.6;2010v3.7;2011v1.2;2011v1.3;2011v1.4;2011v1.5;2012v2.0;2012v2.1;2012v2.2;2012v2.3;2012v3.0,2012,F,T,,,
/Return/ReturnData/IRS990/AddressPrincipalOfficerUS/AddressLine2,F9_00_PC_PRINCIPALUS2,F9_00_PRIN_OFF_ADDR_L02,23,Address of Principal Officer (US Line 2),[AddressPrincipalOfficerUS] F,F990-PC-PART-00-SECTION-F,F990-PC,F990,PC,PART-00,Section F,PC,StreetAddressType,text,ONE,F9-P00-T00-HEADER,FALSE,2009v1.0;2009v1.1;2009v1.2;2009v1.3;2009v1.4;2009v1.7;2010v3.2;2010v3.4;2010v3.6;2010v3.7;2011v1.2;2011v1.3;2011v1.4;2011v1.5;2012v2.0;2012v2.1;2012v2.2;2012v2.3;2012v3.0,2012,F,T,,,
/Return/ReturnData/IRS990/ForeignAddress/AddressLine2,F9_00_SG_FILERFOR2,F9_00_PRIN_OFF_ADDR_L02,23,Address of Filing Organization (Foreign Line 2),[ForeignAddress] F,F990-PC-PART-00-SECTION-F,F990-PC,F990,PC,PART-00,Section F,PC,StreetAddressType,text,ONE,F9-P00-T00-HEADER,FALSE,2013v3.0;2013v3.1;2013v4.0,2013,F,T,,,
/Return/ReturnData/IRS990/ForeignAddress/AddressLine2Txt,F9_00_SG_FILERFOR2,F9_00_PRIN_OFF_ADDR_L02,23,Address of Filing Organization (Foreign Line 2),[ForeignAddress] F,F990-PC-PART-00-SECTION-F,F990-PC,F990,PC,PART-00,Section F,PC,StreetAddressType,text,ONE,F9-P00-T00-HEADER,FALSE,2014v5.0;2014v6.0;2015v2.0;2015v2.1;2015v3.0;2016v3.0,2016,F,T,,,
/Return/ReturnData/IRS990/USAddress/AddressLine2,F9_00_SG_FILERUS2,F9_00_PRIN_OFF_ADDR_L02,23,Address of Filing Organization (US Line 2),[USAddress] F,F990-PC-PART-00-SECTION-F,F990-PC,F990,PC,PART-00,Section F,PC,StreetAddressType,text,ONE,F9-P00-T00-HEADER,FALSE,2013v3.0;2013v3.1;2013v4.0,2013,F,T,,,
/Return/ReturnData/IRS990/USAddress/AddressLine2Txt,F9_00_SG_FILERUS2,F9_00_PRIN_OFF_ADDR_L02,23,Address of Filing Organization (US Line 2),[USAddress] F,F990-PC-PART-00-SECTION-F,F990-PC,F990,PC,PART-00,Section F,PC,StreetAddressType,text,ONE,F9-P00-T00-HEADER,FALSE,2014v5.0;2014v6.0;2015v2.0;2015v2.1;2015v3.0;2016v3.0,2016,F,T,,,
/Return/ReturnData/IRS990/AddressPrincipalOfficerForeign/Country,F9_00_PC_PRINCIPALFORCTRY,F9_00_PRIN_OFF_ADDR_STATE,25,Address of Principal Officer (Foreign Country),[AddressPrincipalOfficerForeign] F,F990-PC-PART-00-SECTION-F,F990-PC,F990,PC,PART-00,Section F,PC,CountryType,text,ONE,F9-P00-T00-HEADER,FALSE,2009v1.0;2009v1.1;2009v1.2;2009v1.3;2009v1.4;2009v1.7;2010v3.2;2010v3.4;2010v3.6;2010v3.7;2011v1.2;2011v1.3;2011v1.4;2011v1.5;2012v2.0;2012v2.1;2012v2.2;2012v2.3;2012v3.0,2012,F,T,,,
/Return/ReturnData/IRS990/AddressPrincipalOfficerForeign/ProvinceOrState,F9_00_PC_PRINCIPALFORSTATE,F9_00_PRIN_OFF_ADDR_STATE,25,Address of Principal Officer (Foreign State),[AddressPrincipalOfficerForeign] F,F990-PC-PART-00-SECTION-F,F990-PC,F990,PC,PART-00,Section F,PC,TextType,text,ONE,F9-P00-T00-HEADER,FALSE,2009v1.0;2009v1.1;2009v1.2;2009v1.3;2009v1.4;2009v1.7;2010v3.2;2010v3.4;2010v3.6;2010v3.7;2011v1.2;2011v1.3;2011v1.4;2011v1.5;2012v2.0;2012v2.1;2012v2.2;2012v2.3;2012v3.0,2012,F,T,,,
/Return/ReturnData/IRS990/AddressPrincipalOfficerUS/State,F9_00_PC_PRINCIPALUSSTATE,F9_00_PRIN_OFF_ADDR_STATE,25,Address of Principal Officer (US State),[AddressPrincipalOfficerUS] F,F990-PC-PART-00-SECTION-F,F990-PC,F990,PC,PART-00,Section F,PC,StateType,text,ONE,F9-P00-T00-HEADER,FALSE,2009v1.0;2009v1.1;2009v1.2;2009v1.3;2009v1.4;2009v1.7;2010v3.2;2010v3.4;2010v3.6;2010v3.7;2011v1.2;2011v1.3;2011v1.4;2011v1.5;2012v2.0;2012v2.1;2012v2.2;2012v2.3;2012v3.0,2012,F,T,,,
/Return/ReturnData/IRS990/ForeignAddress/Country,F9_00_SG_FILERFORCTRY,F9_00_PRIN_OFF_ADDR_STATE,25,Address of Filing Organization (Foreign Country),[ForeignAddress] F,F990-PC-PART-00-SECTION-F,F990-PC,F990,PC,PART-00,Section F,PC,CountryType,text,ONE,F9-P00-T00-HEADER,FALSE,2013v3.0;2013v3.1;2013v4.0,2013,F,T,,,
/Return/ReturnData/IRS990/ForeignAddress/CountryCd,F9_00_SG_FILERFORCTRY,F9_00_PRIN_OFF_ADDR_STATE,25,Address of Filing Organization (Foreign Country),[ForeignAddress] F,F990-PC-PART-00-SECTION-F,F990-PC,F990,PC,PART-00,Section F,PC,CountryType,text,ONE,F9-P00-T00-HEADER,FALSE,2014v5.0;2014v6.0;2015v2.0;2015v2.1;2015v3.0;2016v3.0,2016,F,T,,,
/Return/ReturnData/IRS990/ForeignAddress/ProvinceOrState,F9_00_SG_FILERFORSTATE,F9_00_PRIN_OFF_ADDR_STATE,25,Address of Filing Organization (Foreign Province or State),[ForeignAddress] F,F990-PC-PART-00-SECTION-F,F990-PC,F990,PC,PART-00,Section F,PC,TextType,text,ONE,F9-P00-T00-HEADER,FALSE,2013v3.0;2013v3.1;2013v4.0,2013,F,T,,,
/Return/ReturnData/IRS990/ForeignAddress/ProvinceOrStateNm,F9_00_SG_FILERFORSTATE,F9_00_PRIN_OFF_ADDR_STATE,25,Address of Filing Organization (Foreign Province or State),[ForeignAddress] F,F990-PC-PART-00-SECTION-F,F990-PC,F990,PC,PART-00,Section F,PC,TextType,text,ONE,F9-P00-T00-HEADER,FALSE,2014v5.0;2014v6.0;2015v2.0;2015v2.1;2015v3.0;2016v3.0,2016,F,T,,,
/Return/ReturnData/IRS990/USAddress/State,F9_00_SG_FILERUSSTATE,F9_00_PRIN_OFF_ADDR_STATE,25,Address of Filing Organization (US State),[USAddress] F,F990-PC-PART-00-SECTION-F,F990-PC,F990,PC,PART-00,Section F,PC,StateType,text,ONE,F9-P00-T00-HEADER,FALSE,2013v3.0;2013v3.1;2013v4.0,2013,F,T,,,
/Return/ReturnData/IRS990/USAddress/StateAbbreviationCd,F9_00_SG_FILERUSSTATE,F9_00_PRIN_OFF_ADDR_STATE,25,Address of Filing Organization (US State),[USAddress] F,F990-PC-PART-00-SECTION-F,F990-PC,F990,PC,PART-00,Section F,PC,StateType,text,ONE,F9-P00-T00-HEADER,FALSE,2014v5.0;2014v6.0;2015v2.0;2015v2.1;2015v3.0;2016v3.0,2016,F,T,,,
/Return/ReturnData/IRS990/AddressPrincipalOfficerForeign/PostalCode,F9_00_PC_PRINCIPALFORPOST,F9_00_PRIN_OFF_ADDR_ZIP,23,Address of Principal Officer (Foreign Postal Code),[AddressPrincipalOfficerForeign] F,F990-PC-PART-00-SECTION-F,F990-PC,F990,PC,PART-00,Section F,PC,TextType,text,ONE,F9-P00-T00-HEADER,FALSE,2009v1.0;2009v1.1;2009v1.2;2009v1.3;2009v1.4;2009v1.7;2010v3.2;2010v3.4;2010v3.6;2010v3.7;2011v1.2;2011v1.3;2011v1.4;2011v1.5;2012v2.0;2012v2.1;2012v2.2;2012v2.3;2012v3.0,2012,F,T,,,
/Return/ReturnData/IRS990/AddressPrincipalOfficerUS/ZIPCode,F9_00_PC_PRINCIPALUSZIP,F9_00_PRIN_OFF_ADDR_ZIP,23,Address of Principal Officer (US Zip Code),[AddressPrincipalOfficerUS] F,F990-PC-PART-00-SECTION-F,F990-PC,F990,PC,PART-00,Section F,PC,ZIPCodeType,text,ONE,F9-P00-T00-HEADER,FALSE,2009v1.0;2009v1.1;2009v1.2;2009v1.3;2009v1.4;2009v1.7;2010v3.2;2010v3.4;2010v3.6;2010v3.7;2011v1.2;2011v1.3;2011v1.4;2011v1.5;2012v2.0;2012v2.1;2012v2.2;2012v2.3;2012v3.0,2012,F,T,,,
/Return/ReturnData/IRS990/ForeignAddress/ForeignPostalCd,F9_00_SG_FILERFORPOST,F9_00_PRIN_OFF_ADDR_ZIP,23,Address of Filing Organization (Foreign Postal Code),[ForeignAddress] F,F990-PC-PART-00-SECTION-F,F990-PC,F990,PC,PART-00,Section F,PC,TextType,text,ONE,F9-P00-T00-HEADER,FALSE,2014v5.0;2014v6.0;2015v2.0;2015v2.1;2015v3.0;2016v3.0,2016,F,T,,,
/Return/ReturnData/IRS990/ForeignAddress/PostalCode,F9_00_SG_FILERFORPOST,F9_00_PRIN_OFF_ADDR_ZIP,23,Address of Filing Organization (Foreign Postal Code),[ForeignAddress] F,F990-PC-PART-00-SECTION-F,F990-PC,F990,PC,PART-00,Section F,PC,TextType,text,ONE,F9-P00-T00-HEADER,FALSE,2013v3.0;2013v3.1;2013v4.0,2013,F,T,,,
/Return/ReturnData/IRS990/USAddress/ZIPCd,F9_00_SG_FILERUSZIP,F9_00_PRIN_OFF_ADDR_ZIP,23,Address of Filing Organization (US Zip Code),[USAddress] F,F990-PC-PART-00-SECTION-F,F990-PC,F990,PC,PART-00,Section F,PC,ZIPCodeType,text,ONE,F9-P00-T00-HEADER,FALSE,2014v5.0;2014v6.0;2015v2.0;2015v2.1;2015v3.0;2016v3.0,2016,F,T,,,
/Return/ReturnData/IRS990/USAddress/ZIPCode,F9_00_SG_FILERUSZIP,F9_00_PRIN_OFF_ADDR_ZIP,23,Address of Filing Organization (US Zip Code),[USAddress] F,F990-PC-PART-00-SECTION-F,F990-PC,F990,PC,PART-00,Section F,PC,ZIPCodeType,text,ONE,F9-P00-T00-HEADER,FALSE,2013v3.0;2013v3.1;2013v4.0,2013,F,T,,,
/Return/ReturnData/IRS990/NameOfPrincipalOfficerBusiness/BusinessNameLine1,F9_00_PC_PRINCIPALBUS1,F9_00_PRIN_OFF_NAME_L01,23,"Name of Principal Officer (Business, Line 1)",[NameOfPrincipalOfficerBusiness] F,F990-PC-PART-00-SECTION-F,F990-PC,F990,PC,PART-00,Section F,PC,BusinessNameLine1Type,text,ONE,F9-P00-T00-HEADER,FALSE,2009v1.0;2009v1.1;2009v1.2;2009v1.3;2009v1.4;2009v1.7;2010v3.2;2010v3.4;2010v3.6;2010v3.7;2011v1.2;2011v1.3;2011v1.4;2011v1.5;2012v2.0;2012v2.1;2012v2.2;2012v2.3;2012v3.0,2012,F,T,,,
/Return/ReturnData/IRS990/NameOfPrincipalOfficerPerson,F9_00_PC_PRINCIPALNAME,F9_00_PRIN_OFF_NAME_L01,23,Name of Principal Officer (Person),[NameOfPrincipalOfficerPerson] F,F990-PC-PART-00-SECTION-F,F990-PC,F990,PC,PART-00,Section F,PC,PersonNameType,text,ONE,F9-P00-T00-HEADER,FALSE,2009v1.0;2009v1.1;2009v1.2;2009v1.3;2009v1.4;2009v1.7;2010v3.2;2010v3.4;2010v3.6;2010v3.7;2011v1.2;2011v1.3;2011v1.4;2011v1.5;2012v2.0;2012v2.1;2012v2.2;2012v2.3;2012v3.0,2012,F,T,,,
/Return/ReturnData/IRS990/PrincipalOfcrBusinessAddress/BusinessNameLine1,F9_00_PC_PRINCIPALUS1,F9_00_PRIN_OFF_NAME_L01,23,Address of Principal Officer (US Line 1),[PrincipalOfcrBusinessAddress] F,F990-PC-PART-00-SECTION-F,F990-PC,F990,PC,PART-00,Section F,PC,BusinessNameLine1Type,text,ONE,F9-P00-T00-HEADER,FALSE,2013v3.0;2013v3.1;2013v4.0,2013,F,T,,,
/Return/ReturnData/IRS990/PrincipalOfcrBusinessName/BusinessNameLine1Txt,F9_00_PC_PRINCIPALBUS1,F9_00_PRIN_OFF_NAME_L01,23,"Name of Principal Officer (Business, Line 1)",[PrincipalOfcrBusinessName] F,F990-PC-PART-00-SECTION-F,F990-PC,F990,PC,PART-00,Section F,PC,BusinessNameLine1Type,text,ONE,F9-P00-T00-HEADER,FALSE,2014v5.0;2014v6.0;2015v2.0;2015v2.1;2015v3.0;2016v3.0,2016,F,T,,,
/Return/ReturnData/IRS990/PrincipalOfficerNm,F9_00_PC_PRINCIPALNAME,F9_00_PRIN_OFF_NAME_L01,23,Name of Principal Officer (Person),[PrincipalOfficerNm] F,F990-PC-PART-00-SECTION-F,F990-PC,F990,PC,PART-00,Section F,PC,PersonNameType,text,ONE,F9-P00-T00-HEADER,FALSE,2013v3.0;2013v3.1;2013v4.0;2014v5.0;2014v6.0;2015v2.0;2015v2.1;2015v3.0;2016v3.0,2016,F,T,,,
/Return/ReturnData/IRS990/NameOfPrincipalOfficerBusiness/BusinessNameLine2,F9_00_PC_PRINCIPALBUS2,F9_00_PRIN_OFF_NAME_L02,23,"Name of Principal Officer (Business, Line 2)",[NameOfPrincipalOfficerBusiness] F,F990-PC-PART-00-SECTION-F,F990-PC,F990,PC,PART-00,Section F,PC,BusinessNameLine2Type,text,ONE,F9-P00-T00-HEADER,FALSE,2009v1.0;2009v1.1;2009v1.2;2009v1.3;2009v1.4;2009v1.7;2010v3.2;2010v3.4;2010v3.6;2010v3.7;2011v1.2;2011v1.3;2011v1.4;2011v1.5;2012v2.0;2012v2.1;2012v2.2;2012v2.3;2012v3.0,2012,F,T,,,
/Return/ReturnData/IRS990/PrincipalOfcrBusinessAddress/BusinessNameLine2,F9_00_PC_PRINCIPALUS2,F9_00_PRIN_OFF_NAME_L02,23,Address of Principal Officer (US Line 2),[PrincipalOfcrBusinessAddress] F,F990-PC-PART-00-SECTION-F,F990-PC,F990,PC,PART-00,Section F,PC,BusinessNameLine2Type,text,ONE,F9-P00-T00-HEADER,FALSE,2013v3.0;2013v3.1;2013v4.0,2013,F,T,,,
/Return/ReturnData/IRS990/PrincipalOfcrBusinessName/BusinessNameLine2Txt,F9_00_PC_PRINCIPALBUS2,F9_00_PRIN_OFF_NAME_L02,23,"Name of Principal Officer (Business, Line 2)",[PrincipalOfcrBusinessName] F,F990-PC-PART-00-SECTION-F,F990-PC,F990,PC,PART-00,Section F,PC,BusinessNameLine2Type,text,ONE,F9-P00-T00-HEADER,FALSE,2014v5.0;2014v6.0;2015v2.0;2015v2.1;2015v3.0;2016v3.0,2016,F,T,,,
/Return/ReturnData/IRS990/SpecialConditionDesc,F9_00_PZ_SPECCONDDESC,F9_00_SPECIAL_COND_DESC,23,Special condition description,,F990-PC-PART-00-LINE-00,F990-PC,F990,PC,PART-00,Line 0,HD,TextType,text,ONE,F9-P00-T00-HEADER,,2013v3.0;2013v3.1;2013v4.0;2014v5.0;2014v6.0;2015v2.0;2015v2.1;2015v3.0;2016v3.0,2016,F,T,,,
/Return/ReturnData/IRS990/SpecialConditionDescription,F9_00_PZ_SPECCONDDESC,F9_00_SPECIAL_COND_DESC,23,Special condition description,,F990-PC-PART-00-LINE-00,F990-PC,F990,PC,PART-00,Line 0,HD,TextType,text,ONE,F9-P00-T00-HEADER,,2009v1.1;2009v1.2;2009v1.3;2009v1.4;2009v1.7;2010v3.2;2010v3.4;2010v3.6;2010v3.7;2011v1.2;2011v1.3;2011v1.4;2011v1.5;2012v2.0;2012v2.1;2012v2.2;2012v2.3;2012v3.0,2012,F,T,,,
/Return/ReturnData/IRS990EZ/SpecialConditionDesc,F9_00_PZ_SPECCONDDESC,F9_00_SPECIAL_COND_DESC,23,Special condition description,,F990-EZ-PART-00-LINE-00,F990-EZ,F990,EZ,PART-00,Line 0,HD,TextType,text,ONE,F9-P00-T00-HEADER,,2013v3.0;2013v3.1;2013v4.0;2014v5.0;2014v6.0;2015v2.0;2015v2.1;2015v3.0;2016v3.0,2016,F,T,,,
/Return/ReturnData/IRS990EZ/SpecialConditionDescription,F9_00_PZ_SPECCONDDESC,F9_00_SPECIAL_COND_DESC,23,Special condition description,,F990-EZ-PART-00-LINE-00,F990-EZ,F990,EZ,PART-00,Line 0,HD,TextType,text,ONE,F9-P00-T00-HEADER,,2009v1.1;2009v1.2;2009v1.3;2009v1.4;2009v1.7;2010v3.2;2010v3.4;2010v3.6;2010v3.7;2011v1.2;2011v1.3;2011v1.4;2011v1.5;2012v2.0;2012v2.1;2012v2.2;2012v2.3;2012v3.0,2012,F,T,,,
/Return/ReturnData/IRS990/CountryLegalDomicile,F9_00_PC_DOMICILECTRY,F9_00_STATE_OF_DOMICILE,23,Countryof legam domicile,[CountryLegalDomicile] M,F990-PC-PART-00-SECTION-M,F990-PC,F990,PC,PART-00,Section M,PC,CountryType,text,ONE,F9-P00-T00-HEADER,FALSE,2009v1.0;2009v1.1;2009v1.2;2009v1.3;2009v1.4;2009v1.7;2010v3.2;2010v3.4;2010v3.6;2010v3.7;2011v1.2;2011v1.3;2011v1.4;2011v1.5;2012v2.0;2012v2.1;2012v2.2;2012v2.3;2012v3.0,2012,F,T,,,
/Return/ReturnData/IRS990/LegalDomicileCountryCd,F9_00_PC_DOMICILECTRY,F9_00_STATE_OF_DOMICILE,23,Countryof legam domicile,[LegalDomicileCountryCd] M,F990-PC-PART-00-SECTION-M,F990-PC,F990,PC,PART-00,Section M,PC,CountryType,text,ONE,F9-P00-T00-HEADER,FALSE,2013v3.0;2013v3.1;2013v4.0;2014v5.0;2014v6.0;2015v2.0;2015v2.1;2015v3.0;2016v3.0,2016,F,T,,,
/Return/ReturnData/IRS990/LegalDomicileStateCd,F9_00_PC_DOMICILESTATE,F9_00_STATE_OF_DOMICILE,23,State of legal domicile,[LegalDomicileStateCd] M,F990-PC-PART-00-SECTION-M,F990-PC,F990,PC,PART-00,Section M,PC,StateType,text,ONE,F9-P00-T00-HEADER,FALSE,2013v3.0;2013v3.1;2013v4.0;2014v5.0;2014v6.0;2015v2.0;2015v2.1;2015v3.0;2016v3.0,2016,F,T,,,
/Return/ReturnData/IRS990/StateLegalDomicile,F9_00_PC_DOMICILESTATE,F9_00_STATE_OF_DOMICILE,23,State of legal domicile,[StateLegalDomicile] M,F990-PC-PART-00-SECTION-M,F990-PC,F990,PC,PART-00,Section M,PC,StateType,text,ONE,F9-P00-T00-HEADER,FALSE,2009v1.0;2009v1.1;2009v1.2;2009v1.3;2009v1.4;2009v1.7;2010v3.2;2010v3.4;2010v3.6;2010v3.7;2011v1.2;2011v1.3;2011v1.4;2011v1.5;2012v2.0;2012v2.1;2012v2.2;2012v2.3;2012v3.0,2012,F,T,,,
/Return/ReturnData/IRS990/AllAffiliatesIncluded,F9_00_PC_SUBORDINCLUDED,F9_00_SUBORD_ORGS_INCLUDED_X,28,Indicates this form includes all subordinate organizations,[AllAffiliatesIncluded] H(b),F990-PC-PART-00-SECTION-HB,F990-PC,F990,PC,PART-00,Section H(b),PC,BooleanType,checkbox,ONE,F9-P00-T00-HEADER,FALSE,2009v1.0;2009v1.1;2009v1.2;2009v1.3;2009v1.4;2009v1.7;2010v3.2;2010v3.4;2010v3.6;2010v3.7;2011v1.2;2011v1.3;2011v1.4;2011v1.5;2012v2.0;2012v2.1;2012v2.2;2012v2.3;2012v3.0,2012,F,T,,,
/Return/ReturnData/IRS990/AllAffiliatesIncludedInd,F9_00_PC_SUBORDINCLUDED,F9_00_SUBORD_ORGS_INCLUDED_X,28,Indicates this form includes all subordinate organizations,[AllAffiliatesIncludedInd] H(b),F990-PC-PART-00-SECTION-HB,F990-PC,F990,PC,PART-00,Section H(b),PC,BooleanType,checkbox,ONE,F9-P00-T00-HEADER,FALSE,2013v3.0;2013v3.1;2013v4.0;2014v5.0;2014v6.0;2015v2.0;2015v2.1;2015v3.0;2016v3.0,2016,F,T,,,
/Return/ReturnHeader/TaxPeriodBeginDate,F9_00_HD_TAXPERBEGIN,F9_00_TAX_PERIOD_BEGIN,22,Tax period begin date,,F990-PC-PART-00-SECTION-A,F990-PC,F990,HD,PART-00,Section A,HD,DateType,date,ONE,F9-P00-T00-HEADER,FALSE,2009v1.0;2009v1.1;2009v1.2;2009v1.3;2009v1.4;2009v1.7;2010v3.2;2010v3.4;2010v3.6;2010v3.7;2011v1.2;2011v1.3;2011v1.4;2011v1.5;2012v2.0;2012v2.1;2012v2.2;2012v2.3;2012v3.0,2012,F,T,,,
/Return/ReturnHeader/TaxPeriodBeginDt,F9_00_HD_TAXPERBEGIN,F9_00_TAX_PERIOD_BEGIN,22,Tax period begin date,,F990-PC-PART-00-SECTION-A,F990-PC,F990,HD,PART-00,Section A,HD,DateType,date,ONE,F9-P00-T00-HEADER,FALSE,2013v3.0;2013v3.1;2013v4.0;2014v5.0;2014v6.0;2015v2.0;2015v2.1;2015v3.0;2016v3.0,2016,F,T,,,
/Return/ReturnHeader/TaxPeriodEndDate,F9_00_HD_TAXPEREND,F9_00_TAX_PERIOD_END,20,Tax period end date,,F990-PC-PART-00-SECTION-A,F990-PC,F990,HD,PART-00,Section A,HD,DateType,date,ONE,F9-P00-T00-HEADER,FALSE,2009v1.0;2009v1.1;2009v1.2;2009v1.3;2009v1.4;2009v1.7;2010v3.2;2010v3.4;2010v3.6;2010v3.7;2011v1.2;2011v1.3;2011v1.4;2011v1.5;2012v2.0;2012v2.1;2012v2.2;2012v2.3;2012v3.0,2012,F,T,,,
/Return/ReturnHeader/TaxPeriodEndDt,F9_00_HD_TAXPEREND,F9_00_TAX_PERIOD_END,20,Tax period end date,,F990-PC-PART-00-SECTION-A,F990-PC,F990,HD,PART-00,Section A,HD,DateType,date,ONE,F9-P00-T00-HEADER,FALSE,2013v3.0;2013v3.1;2013v4.0;2014v5.0;2014v6.0;2015v2.0;2015v2.1;2015v3.0;2016v3.0,2016,F,T,,,
/Return/ReturnHeader/TaxYear,F9_00_HD_TAXYEAR,F9_00_TAX_PERIOD_END_YEAR,25,Tax year,,F990-PC-PART-00-SECTION-A,F990-PC,F990,HD,PART-00,Section A,HD,YearType,date,ONE,F9-P00-T00-HEADER,FALSE,2009v1.0;2009v1.1;2009v1.2;2009v1.3;2009v1.4;2009v1.7;2010v3.2;2010v3.4;2010v3.6;2010v3.7;2011v1.2;2011v1.3;2011v1.4;2011v1.5;2012v2.0;2012v2.1;2012v2.2;2012v2.3;2012v3.0,2012,F,T,,,
/Return/ReturnHeader/TaxYr,F9_00_HD_TAXYEAR,F9_00_TAX_PERIOD_END_YEAR,25,Tax year,,F990-PC-PART-00-SECTION-A,F990-PC,F990,HD,PART-00,Section A,HD,YearType,date,ONE,F9-P00-T00-HEADER,FALSE,2013v3.0;2013v3.1;2013v4.0;2014v5.0;2014v6.0;2015v2.0;2015v2.1;2015v3.0;2016v3.0,2016,F,T,,,
/Return/ReturnHeader/ReturnTs,F9_00_HD_TIMESTAMP,F9_00_RETURN_TIME_STAMP,23,The date and time when the return was created,,F990-PC-PART-00-LINE-00,F990-PC,F990,HD,PART-00,Line 0,HD,TimestampType,date,ONE,F9-P00-T00-HEADER,,2013v3.0;2013v3.1;2013v4.0;2014v5.0;2014v6.0;2015v2.0;2015v2.1;2015v3.0;2016v3.0,2016,F,T,,,
/Return/ReturnHeader/Timestamp,F9_00_HD_TIMESTAMP,F9_00_RETURN_TIME_STAMP,23,The date and time when the return was created,,F990-PC-PART-00-LINE-00,F990-PC,F990,HD,PART-00,Line 0,HD,TimestampType,date,ONE,F9-P00-T00-HEADER,,2009v1.0;2009v1.1;2009v1.2;2009v1.3;2009v1.4;2009v1.7;2010v3.2;2010v3.4;2010v3.6;2010v3.7;2011v1.2;2011v1.3;2011v1.4;2011v1.5;2012v2.0;2012v2.1;2012v2.2;2012v2.3;2012v3.0,2012,F,T,,,
/Return/ReturnHeader/BuildTS,F9_00_HD_BUILDTS,F9_00_RETURN_TIME_STAMP,23,Build time stamp - IRS internal field,,F990-PC-PART-00-LINE-00,F990-PC,F990,HD,PART-00,Line 0,HD,,date,ONE,F9-P00-T00-HEADER,,,,,,,,
