xpath,variable_name,description,location_code_xsd,location_code,form,form_type,form_part,form_line_number,variable_scope,data_type_xsd,data_type_simple,rdb_relationship,rdb_table,required,versions,latest_version,duplicated,current_version,production_rule,validated
/Return/ReturnData/IRS990ScheduleF/Form990ScheduleFPartI/NoRecipientOver5K,SF_01_GRANT_RECORD_MAINT_X,"For grantmakers, does the organizationmaintain records on their grants and processes?",,SCHED-F-PART-01-LINE-01,SCHED-F,SZ,PART-01,Line 01,PC,,checkbox,ONE,SF-P01-T00-FRGN-ACTS,,,,,,,
/Return/ReturnData/IRS990ScheduleF/GrantRecordsMaintained,SF_01_GRANT_RECORD_MAINT_X,"For grantmakers, does the organizationmaintain records on their grants and processes?",[GrantRecordsMaintained] Part I Line 1,SCHED-F-PART-01-LINE-01,SCHED-F,SZ,PART-01,Line 01,PC,BooleanType,checkbox,ONE,SF-P01-T00-FRGN-ACTS,,2009v1.0;2009v1.1;2009v1.2;2009v1.3;2009v1.4;2009v1.7;2010v3.2;2010v3.4;2010v3.6;2010v3.7;2011v1.2;2011v1.3;2011v1.4;2011v1.5;2012v2.0;2012v2.1;2012v2.2;2012v2.3;2012v3.0,2012,F,T,,
/Return/ReturnData/IRS990ScheduleF/GrantRecordsMaintainedInd,SF_01_GRANT_RECORD_MAINT_X,"For grantmakers, does the organizationmaintain records on their grants and processes?",[GrantRecordsMaintainedInd] Part I Line 1,SCHED-F-PART-01-LINE-01,SCHED-F,SZ,PART-01,Line 01,PC,BooleanType,checkbox,ONE,SF-P01-T00-FRGN-ACTS,,2013v3.0;2013v3.1;2013v4.0;2014v5.0;2014v6.0;2015v2.0;2015v2.1;2015v3.0;2016v3.0,2016,F,T,,
/Return/ReturnData/IRS990ScheduleF/SubtotalNumberOfOffices,SF_01_FRGN_REG_NUM_OFFICE_SUBTOT,Subtotal number of offices handling activities outside the US,[SubtotalNumberOfOffices] Part I Line 3a Column (b),SCHED-F-PART-01-LINE-03A-COL-B,SCHED-F,SZ,PART-01,Line 03a Column (B),PC,IntegerNNType,numeric,ONE,SF-P01-T00-FRGN-ACTS,,2010v3.2;2010v3.4;2010v3.6;2010v3.7;2011v1.2;2011v1.3;2011v1.4;2011v1.5;2012v2.0;2012v2.1;2012v2.2;2012v2.3;2012v3.0,2012,F,T,,
/Return/ReturnData/IRS990ScheduleF/SubtotalOfficesCnt,SF_01_FRGN_REG_NUM_OFFICE_SUBTOT,Subtotal number of offices handling activities outside the US,[SubtotalOfficesCnt] Part I Line 3a Column (b),SCHED-F-PART-01-LINE-03A-COL-B,SCHED-F,SZ,PART-01,Line 03a Column (B),PC,IntegerNNType,numeric,ONE,SF-P01-T00-FRGN-ACTS,,2013v3.0;2013v3.1;2013v4.0;2014v5.0;2014v6.0;2015v2.0;2015v2.1;2015v3.0;2016v3.0,2016,F,T,,
/Return/ReturnData/IRS990ScheduleF/SubtotalEmployeesCnt,SF_01_FRGN_REG_NUM_EMPL_SUBTOT,Subtotal number of employees working on region activities outside the US,[SubtotalEmployeesCnt] Part I Line 3a Column (c),SCHED-F-PART-01-LINE-03A-COL-C,SCHED-F,SZ,PART-01,Line 03a Column (C),PC,IntegerNNType,numeric,ONE,SF-P01-T00-FRGN-ACTS,,2013v3.0;2013v3.1;2013v4.0;2014v5.0;2014v6.0;2015v2.0;2015v2.1;2015v3.0;2016v3.0,2016,F,T,,
/Return/ReturnData/IRS990ScheduleF/SubtotalNumberOfEmployees,SF_01_FRGN_REG_NUM_EMPL_SUBTOT,Subtotal number of employees working on region activities outside the US,[SubtotalNumberOfEmployees] Part I Line 3a Column (c),SCHED-F-PART-01-LINE-03A-COL-C,SCHED-F,SZ,PART-01,Line 03a Column (C),PC,IntegerNNType,numeric,ONE,SF-P01-T00-FRGN-ACTS,,2010v3.2;2010v3.4;2010v3.6;2010v3.7;2011v1.2;2011v1.3;2011v1.4;2011v1.5;2012v2.0;2012v2.1;2012v2.2;2012v2.3;2012v3.0,2012,F,T,,
/Return/ReturnData/IRS990ScheduleF/SubtotalAmountSpent,SF_01_FRGN_REG_TOT_EXP_SUBTOT,Subtotal expenditures on activities outside the US,[SubtotalAmountSpent] Part I Line 3a Column (f),SCHED-F-PART-01-LINE-03A-COL-F,SCHED-F,SZ,PART-01,Line 03a Column (F),PC,USAmountType,numeric,ONE,SF-P01-T00-FRGN-ACTS,,2010v3.2;2010v3.4;2010v3.6;2010v3.7;2011v1.2;2011v1.3;2011v1.4;2011v1.5;2012v2.0;2012v2.1;2012v2.2;2012v2.3;2012v3.0,2012,F,T,,
/Return/ReturnData/IRS990ScheduleF/SubtotalSpentAmt,SF_01_FRGN_REG_TOT_EXP_SUBTOT,Subtotal expenditures on activities outside the US,[SubtotalSpentAmt] Part I Line 3a Column (f),SCHED-F-PART-01-LINE-03A-COL-F,SCHED-F,SZ,PART-01,Line 03a Column (F),PC,USAmountType,numeric,ONE,SF-P01-T00-FRGN-ACTS,,2013v3.0;2013v3.1;2013v4.0;2014v5.0;2014v6.0;2015v2.0;2015v2.1;2015v3.0;2016v3.0,2016,F,T,,
/Return/ReturnData/IRS990ScheduleF/ContinutationTotalOfficeCnt,SF_01_FRGN_REG_NUM_OFFICE_CONTIN,Total offices from continuation sheetson region activities outside the US (Part I),[ContinutationTotalOfficeCnt] Part I Line 3b Column (b),SCHED-F-PART-01-LINE-03B-COL-B,SCHED-F,SZ,PART-01,Line 03b Column (B),PC,IntegerNNType,numeric,ONE,SF-P01-T00-FRGN-ACTS,,2013v3.0;2013v3.1;2013v4.0;2014v5.0;2014v6.0;2015v2.0;2015v2.1;2015v3.0;2016v3.0,2016,F,T,,
/Return/ReturnData/IRS990ScheduleF/ContNumberOfOffices,SF_01_FRGN_REG_NUM_OFFICE_CONTIN,Total offices from continuation sheets on region activities outside the US (Part I),[ContNumberOfOffices] Part I Line 3b Column (b),SCHED-F-PART-01-LINE-03B-COL-B,SCHED-F,SZ,PART-01,Line 03b Column (B),PC,IntegerNNType,numeric,ONE,SF-P01-T00-FRGN-ACTS,,2010v3.2;2010v3.4;2010v3.6;2010v3.7;2011v1.2;2011v1.3;2011v1.4;2011v1.5;2012v2.0;2012v2.1;2012v2.2;2012v2.3;2012v3.0,2012,F,T,,
/Return/ReturnData/IRS990ScheduleF/ContinutationTotalEmployeeCnt,SF_01_FRGN_REG_NUM_EMPL_CONTIN,Total number of employees from continuation sheets working on region activities outside the US (Part I),[ContinutationTotalEmployeeCnt] Part I Line 3b Column (c),SCHED-F-PART-01-LINE-03B-COL-C,SCHED-F,SZ,PART-01,Line 03b Column (C),PC,IntegerNNType,numeric,ONE,SF-P01-T00-FRGN-ACTS,,2013v3.0;2013v3.1;2013v4.0;2014v5.0;2014v6.0;2015v2.0;2015v2.1;2015v3.0;2016v3.0,2016,F,T,,
/Return/ReturnData/IRS990ScheduleF/ContNumberOfEmployees,SF_01_FRGN_REG_NUM_EMPL_CONTIN,Total number of employees from continuation sheets working on region activities outside the US (Part I),[ContNumberOfEmployees] Part I Line 3b Column (c),SCHED-F-PART-01-LINE-03B-COL-C,SCHED-F,SZ,PART-01,Line 03b Column (C),PC,IntegerNNType,numeric,ONE,SF-P01-T00-FRGN-ACTS,,2010v3.2;2010v3.4;2010v3.6;2010v3.7;2011v1.2;2011v1.3;2011v1.4;2011v1.5;2012v2.0;2012v2.1;2012v2.2;2012v2.3;2012v3.0,2012,F,T,,
/Return/ReturnData/IRS990ScheduleF/ContAmountSpent,SF_01_FRGN_REG_TOT_EXP_CONTIN,Total expenditures from continuation sheets on region activities outside the US (Part I),[ContAmountSpent] Part I Line 3b Column (f),SCHED-F-PART-01-LINE-03B-COL-F,SCHED-F,SZ,PART-01,Line 03b Column (F),PC,USAmountType,numeric,ONE,SF-P01-T00-FRGN-ACTS,,2010v3.2;2010v3.4;2010v3.6;2010v3.7;2011v1.2;2011v1.3;2011v1.4;2011v1.5;2012v2.0;2012v2.1;2012v2.2;2012v2.3;2012v3.0,2012,F,T,,
/Return/ReturnData/IRS990ScheduleF/ContinuationSpentAmt,SF_01_FRGN_REG_TOT_EXP_CONTIN,Total expenditures from continuation sheets on region activities outside the US (Part I),[ContinuationSpentAmt] Part I Line 3b Column (f),SCHED-F-PART-01-LINE-03B-COL-F,SCHED-F,SZ,PART-01,Line 03b Column (F),PC,USAmountType,numeric,ONE,SF-P01-T00-FRGN-ACTS,,2013v3.0;2013v3.1;2013v4.0;2014v5.0;2014v6.0;2015v2.0;2015v2.1;2015v3.0;2016v3.0,2016,F,T,,
/Return/ReturnData/IRS990ScheduleF/Form990ScheduleFPartI/TotalNumberOfOffices,SF_01_FRGN_REG_NUM_OFFICE_TOT,Total number of offices outside the US,,SCHED-F-PART-01-LINE-03C-COL-B,SCHED-F,SZ,PART-01,Line 03c Column (B),PC,,numeric,ONE,SF-P01-T00-FRGN-ACTS,,,,,,,
/Return/ReturnData/IRS990ScheduleF/TotalNumberOfOffices,SF_01_FRGN_REG_NUM_OFFICE_TOT,Total number of offices outside the US,[TotalNumberOfOffices] Part I Line 3c Column (b),SCHED-F-PART-01-LINE-03C-COL-B,SCHED-F,SZ,PART-01,Line 03c Column (B),PC,IntegerNNType,numeric,ONE,SF-P01-T00-FRGN-ACTS,,2010v3.2;2010v3.4;2010v3.6;2010v3.7;2011v1.2;2011v1.3;2011v1.4;2011v1.5;2012v2.0;2012v2.1;2012v2.2;2012v2.3;2012v3.0,2012,T,T,,
/Return/ReturnData/IRS990ScheduleF/TotalOfficeCnt,SF_01_FRGN_REG_NUM_OFFICE_TOT,Total number of offices outside the US,[TotalOfficeCnt] Part I Line 3c Column (b),SCHED-F-PART-01-LINE-03C-COL-B,SCHED-F,SZ,PART-01,Line 03c Column (B),PC,IntegerNNType,numeric,ONE,SF-P01-T00-FRGN-ACTS,,2013v3.0;2013v3.1;2013v4.0;2014v5.0;2014v6.0;2015v2.0;2015v2.1;2015v3.0;2016v3.0,2016,F,T,,
/Return/ReturnData/IRS990ScheduleF/Form990ScheduleFPartI/TotalNumberOfEmployees,SF_01_FRGN_REG_NUM_EMPL_TOT,Total employees working on region activities outside the US,,SCHED-F-PART-01-LINE-03C-COL-C,SCHED-F,SZ,PART-01,Line 03c Column (C),PC,,numeric,ONE,SF-P01-T00-FRGN-ACTS,,,,,,,
/Return/ReturnData/IRS990ScheduleF/TotalEmployeeCnt,SF_01_FRGN_REG_NUM_EMPL_TOT,Total employees working on activities outside the US,[TotalEmployeeCnt] Part I Line 3c Column (c),SCHED-F-PART-01-LINE-03C-COL-C,SCHED-F,SZ,PART-01,Line 03c Column (C),PC,IntegerNNType,numeric,ONE,SF-P01-T00-FRGN-ACTS,,2013v3.0;2013v3.1;2013v4.0;2014v5.0;2014v6.0;2015v2.0;2015v2.1;2015v3.0;2016v3.0,2016,F,T,,
/Return/ReturnData/IRS990ScheduleF/TotalNumberOfEmployees,SF_01_FRGN_REG_NUM_EMPL_TOT,Total employees working on activities outside the US,[TotalNumberOfEmployees] Part I Line 3c Column (c),SCHED-F-PART-01-LINE-03C-COL-C,SCHED-F,SZ,PART-01,Line 03c Column (C),PC,IntegerNNType,numeric,ONE,SF-P01-T00-FRGN-ACTS,,2010v3.2;2010v3.4;2010v3.6;2010v3.7;2011v1.2;2011v1.3;2011v1.4;2011v1.5;2012v2.0;2012v2.1;2012v2.2;2012v2.3;2012v3.0,2012,T,T,,
/Return/ReturnData/IRS990ScheduleF/Form990ScheduleFPartI/TotalAmountSpent,SF_01_FRGN_REG_TOT_EXP_TOT,Total expenditures on activities outside the US,,SCHED-F-PART-01-LINE-03C-COL-F,SCHED-F,SZ,PART-01,Line 03c Column (F),PC,,numeric,ONE,SF-P01-T00-FRGN-ACTS,,,,,,,
/Return/ReturnData/IRS990ScheduleF/TotalAmountSpent,SF_01_FRGN_REG_TOT_EXP_TOT,Total expenditures on activities outside the US,[TotalAmountSpent] Part I Line 3c Column (f),SCHED-F-PART-01-LINE-03C-COL-F,SCHED-F,SZ,PART-01,Line 03c Column (F),PC,USAmountType,numeric,ONE,SF-P01-T00-FRGN-ACTS,,2010v3.2;2010v3.4;2010v3.6;2010v3.7;2011v1.2;2011v1.3;2011v1.4;2011v1.5;2012v2.0;2012v2.1;2012v2.2;2012v2.3;2012v3.0,2012,T,T,,
/Return/ReturnData/IRS990ScheduleF/TotalSpentAmt,SF_01_FRGN_REG_TOT_EXP_TOT,Total expenditures on activities outside the US,[TotalSpentAmt] Part I Line 3c Column (f),SCHED-F-PART-01-LINE-03C-COL-F,SCHED-F,SZ,PART-01,Line 03c Column (F),PC,USAmountType,numeric,ONE,SF-P01-T00-FRGN-ACTS,,2013v3.0;2013v3.1;2013v4.0;2014v5.0;2014v6.0;2015v2.0;2015v2.1;2015v3.0;2016v3.0,2016,F,T,,
/Return/ReturnData/IRS990ScheduleF/AccountActivitiesOutsideUSGrp/RegionTxt,SF_01_FRGN_REG_REGION,Region outside the US where activities are conducted,[AccountActivitiesOutsideUSGrp] Part I; [RegionTxt] Part I Line 3 Column (a),SCHED-F-PART-01-LINE-03-COL-A,SCHED-F,SZ,PART-01,Line 03 Column (A),PC,LineExplanationType,text,MANY,SF-P01-T01-FRGN-ACTS-BY-REGION,,2013v3.0;2013v3.1;2013v4.0;2014v5.0;2014v6.0;2015v2.0;2015v2.1;2015v3.0;2016v3.0,2016,F,T,,
/Return/ReturnData/IRS990ScheduleF/AcctsActvsOutUSTable/Region,SF_01_FRGN_REG_REGION,Region outside the US where activities are conducted,[AcctsActvsOutUSTable] Part I; [Region] Part I Line 3 Column (a),SCHED-F-PART-01-LINE-03-COL-A,SCHED-F,SZ,PART-01,Line 03 Column (A),PC,LineExplanationType,text,MANY,SF-P01-T01-FRGN-ACTS-BY-REGION,,2009v1.0;2009v1.1;2009v1.2;2009v1.3;2009v1.4;2009v1.7;2010v3.2;2010v3.4;2010v3.6;2010v3.7;2011v1.2;2011v1.3;2011v1.4;2011v1.5;2012v2.0;2012v2.1;2012v2.2;2012v2.3;2012v3.0,2012,F,T,,
/Return/ReturnData/IRS990ScheduleF/Form990ScheduleFPartI/AcctsActvsOutUSTable/Region,SF_01_FRGN_REG_REGION,Region outside the US where activities are conducted,,SCHED-F-PART-01-LINE-03-COL-A,SCHED-F,SZ,PART-01,Line 03 Column (A),PC,,text,MANY,SF-P01-T01-FRGN-ACTS-BY-REGION,,,,,,,
/Return/ReturnData/IRS990ScheduleF/AccountActivitiesOutsideUSGrp/OfficesCnt,SF_01_FRGN_REG_NUM_OFFICE,Number of offices in the region outside the US,[AccountActivitiesOutsideUSGrp] Part I; [OfficesCnt] Part I Line 3 Column (b),SCHED-F-PART-01-LINE-03-COL-B,SCHED-F,SZ,PART-01,Line 03 Column (B),PC,IntegerNNType,numeric,MANY,SF-P01-T01-FRGN-ACTS-BY-REGION,,2013v3.0;2013v3.1;2013v4.0;2014v5.0;2014v6.0;2015v2.0;2015v2.1;2015v3.0;2016v3.0,2016,F,T,,
/Return/ReturnData/IRS990ScheduleF/AcctsActvsOutUSTable/NumberOfOffices,SF_01_FRGN_REG_NUM_OFFICE,Number of offices in the region outside the US,[AcctsActvsOutUSTable] Part I; [NumberOfOffices] Part I Line 3 Column (b),SCHED-F-PART-01-LINE-03-COL-B,SCHED-F,SZ,PART-01,Line 03 Column (B),PC,IntegerNNType,numeric,MANY,SF-P01-T01-FRGN-ACTS-BY-REGION,,2009v1.0;2009v1.1;2009v1.2;2009v1.3;2009v1.4;2009v1.7;2010v3.2;2010v3.4;2010v3.6;2010v3.7;2011v1.2;2011v1.3;2011v1.4;2011v1.5;2012v2.0;2012v2.1;2012v2.2;2012v2.3;2012v3.0,2012,F,T,,
/Return/ReturnData/IRS990ScheduleF/Form990ScheduleFPartI/AcctsActvsOutUSTable/NumberOfOffices,SF_01_FRGN_REG_NUM_OFFICE,Number of offices in the region outside the US,,SCHED-F-PART-01-LINE-03-COL-B,SCHED-F,SZ,PART-01,Line 03 Column (B),PC,,numeric,MANY,SF-P01-T01-FRGN-ACTS-BY-REGION,,,,,,,
/Return/ReturnData/IRS990ScheduleF/AccountActivitiesOutsideUSGrp/EmployeeCnt,SF_01_FRGN_REG_NUM_EMPL,Number of employees or agents working in the region outside the US,[AccountActivitiesOutsideUSGrp] Part I; [EmployeeCnt] Part I Line 3 Column (c),SCHED-F-PART-01-LINE-03-COL-C,SCHED-F,SZ,PART-01,Line 03 Column (C),PC,IntegerNNType,numeric,MANY,SF-P01-T01-FRGN-ACTS-BY-REGION,,2013v3.0;2013v3.1;2013v4.0;2014v5.0;2014v6.0;2015v2.0;2015v2.1;2015v3.0;2016v3.0,2016,F,T,,
/Return/ReturnData/IRS990ScheduleF/AcctsActvsOutUSTable/NumberOfEmployees,SF_01_FRGN_REG_NUM_EMPL,Number of employees or agents working in the region outside the US,[AcctsActvsOutUSTable] Part I; [NumberOfEmployees] Part I Line 3 Column (c),SCHED-F-PART-01-LINE-03-COL-C,SCHED-F,SZ,PART-01,Line 03 Column (C),PC,IntegerNNType,numeric,MANY,SF-P01-T01-FRGN-ACTS-BY-REGION,,2009v1.0;2009v1.1;2009v1.2;2009v1.3;2009v1.4;2009v1.7;2010v3.2;2010v3.4;2010v3.6;2010v3.7;2011v1.2;2011v1.3;2011v1.4;2011v1.5;2012v2.0;2012v2.1;2012v2.2;2012v2.3;2012v3.0,2012,F,T,,
/Return/ReturnData/IRS990ScheduleF/Form990ScheduleFPartI/AcctsActvsOutUSTable/NumberOfEmployees,SF_01_FRGN_REG_NUM_EMPL,Number of employees or agents working in the region outside the US,,SCHED-F-PART-01-LINE-03-COL-C,SCHED-F,SZ,PART-01,Line 03 Column (C),PC,,numeric,MANY,SF-P01-T01-FRGN-ACTS-BY-REGION,,,,,,,
/Return/ReturnData/IRS990ScheduleF/AccountActivitiesOutsideUSGrp/TypeOfActivitiesConductedTxt,SF_01_FRGN_REG_ACT,Activities conducted in the region outside the US (by type) (i.e.; fundraising; program services; grants to recipients located in the region),[AccountActivitiesOutsideUSGrp] Part I; [TypeOfActivitiesConductedTxt] Part I Line 3 Column (d),SCHED-F-PART-01-LINE-03-COL-D,SCHED-F,SZ,PART-01,Line 03 Column (D),PC,LineExplanationType,text,MANY,SF-P01-T01-FRGN-ACTS-BY-REGION,,2013v3.0;2013v3.1;2013v4.0;2014v5.0;2014v6.0;2015v2.0;2015v2.1;2015v3.0;2016v3.0,2016,F,T,,
/Return/ReturnData/IRS990ScheduleF/AcctsActvsOutUSTable/TypeOfActivitiesConducted,SF_01_FRGN_REG_ACT,Activities conducted in the region outside the US (by type) (i.e.; fundraising; program services; grants to recipients located in the region),[AcctsActvsOutUSTable] Part I; [TypeOfActivitiesConducted] Part I Line 3 Column (d),SCHED-F-PART-01-LINE-03-COL-D,SCHED-F,SZ,PART-01,Line 03 Column (D),PC,LineExplanationType,text,MANY,SF-P01-T01-FRGN-ACTS-BY-REGION,,2009v1.0;2009v1.1;2009v1.2;2009v1.3;2009v1.4;2009v1.7;2010v3.2;2010v3.4;2010v3.6;2010v3.7;2011v1.2;2011v1.3;2011v1.4;2011v1.5;2012v2.0;2012v2.1;2012v2.2;2012v2.3;2012v3.0,2012,F,T,,
/Return/ReturnData/IRS990ScheduleF/Form990ScheduleFPartI/AcctsActvsOutUSTable/TypeOfActivitiesConducted,SF_01_FRGN_REG_ACT,Activities conducted in the region outside the US (by type) (i.e.; fundraising; program services; grants to recipients located in the region),,SCHED-F-PART-01-LINE-03-COL-D,SCHED-F,SZ,PART-01,Line 03 Column (D),PC,,text,MANY,SF-P01-T01-FRGN-ACTS-BY-REGION,,,,,,,
/Return/ReturnData/IRS990ScheduleF/AccountActivitiesOutsideUSGrp/SpecificServicesProvidedTxt,SF_01_FRGN_REG_SVC_SPECIFIC,"If the activity in the region outside the US is program service, specific information about the service",[AccountActivitiesOutsideUSGrp] Part I; [SpecificServicesProvidedTxt] Part I Line 3 Column (e),SCHED-F-PART-01-LINE-03-COL-E,SCHED-F,SZ,PART-01,Line 03 Column (E),PC,ShortExplanationType,text,MANY,SF-P01-T01-FRGN-ACTS-BY-REGION,,2013v3.0;2013v3.1;2013v4.0;2014v5.0;2014v6.0;2015v2.0;2015v2.1;2015v3.0;2016v3.0,2016,F,T,,
/Return/ReturnData/IRS990ScheduleF/AcctsActvsOutUSTable/SpecificServicesProvided,SF_01_FRGN_REG_SVC_SPECIFIC,"If the activity in the region outside the US is program service, specific information about the service",[AcctsActvsOutUSTable] Part I; [SpecificServicesProvided] Part I Line 3 Column (e),SCHED-F-PART-01-LINE-03-COL-E,SCHED-F,SZ,PART-01,Line 03 Column (E),PC,ShortExplanationType,text,MANY,SF-P01-T01-FRGN-ACTS-BY-REGION,,2009v1.0;2009v1.1;2009v1.2;2009v1.3;2009v1.4;2009v1.7;2010v3.2;2010v3.4;2010v3.6;2010v3.7;2011v1.2;2011v1.3;2011v1.4;2011v1.5;2012v2.0;2012v2.1;2012v2.2;2012v2.3;2012v3.0,2012,F,T,,
/Return/ReturnData/IRS990ScheduleF/Form990ScheduleFPartI/AcctsActvsOutUSTable/SpecificServicesProvided,SF_01_FRGN_REG_SVC_SPECIFIC,"If the activity in the region outside the US is program service, specific information about the service",,SCHED-F-PART-01-LINE-03-COL-E,SCHED-F,SZ,PART-01,Line 03 Column (E),PC,,text,MANY,SF-P01-T01-FRGN-ACTS-BY-REGION,,,,,,,
/Return/ReturnData/IRS990ScheduleF/AccountActivitiesOutsideUSGrp/RegionTotalExpendituresAmt,SF_01_FRGN_REG_TOT_EXP,Total expenditures in the region outside the US,[AccountActivitiesOutsideUSGrp] Part I; [RegionTotalExpendituresAmt] Part I Line 3 Column (f),SCHED-F-PART-01-LINE-03-COL-F,SCHED-F,SZ,PART-01,Line 03 Column (F),PC,USAmountType,numeric,MANY,SF-P01-T01-FRGN-ACTS-BY-REGION,,2013v3.0;2013v3.1;2013v4.0;2014v5.0;2014v6.0;2015v2.0;2015v2.1;2015v3.0;2016v3.0,2016,F,T,,
/Return/ReturnData/IRS990ScheduleF/AcctsActvsOutUSTable/TotalExpenditures,SF_01_FRGN_REG_TOT_EXP,Total expenditures in the region outside the US,[AcctsActvsOutUSTable] Part I; [TotalExpenditures] Part I Line 3 Column (f),SCHED-F-PART-01-LINE-03-COL-F,SCHED-F,SZ,PART-01,Line 03 Column (F),PC,USAmountType,numeric,MANY,SF-P01-T01-FRGN-ACTS-BY-REGION,,2009v1.0;2009v1.1;2009v1.2;2009v1.3;2009v1.4;2009v1.7;2010v3.2;2010v3.4;2010v3.6;2010v3.7;2011v1.2;2011v1.3;2011v1.4;2011v1.5;2012v2.0;2012v2.1;2012v2.2;2012v2.3;2012v3.0,2012,F,T,,
/Return/ReturnData/IRS990ScheduleF/Form990ScheduleFPartI/AcctsActvsOutUSTable/TotalExpenditures,SF_01_FRGN_REG_TOT_EXP,Total expenditures in the region outside the US,,SCHED-F-PART-01-LINE-03-COL-F,SCHED-F,SZ,PART-01,Line 03 Column (F),PC,,numeric,MANY,SF-P01-T01-FRGN-ACTS-BY-REGION,,,,,,,
/Return/ReturnData/IRS990ScheduleF/Form990ScheduleFPartII/GrantsToOrgsOutsideUS/Region,SF_02_FRGN_ORG_GRANT_REGION,Region of the grant to the organization outside the US,,SCHED-F-PART-02-LINE-01-COL-C,SCHED-F,SZ,PART-02,Line 01 Column (C) ,PC,,text,MANY,SF-P02-T01-FRGN-ORG-GRANTS,,,,,,,
/Return/ReturnData/IRS990ScheduleF/GrantsToOrgOutsideUSGrp/RegionTxt,SF_02_FRGN_ORG_GRANT_REGION,Region of the grant to the organization outside the US,[GrantsToOrgOutsideUSGrp] Part II Line 1; [RegionTxt] Column (c),SCHED-F-PART-02-LINE-01-COL-C,SCHED-F,SZ,PART-02,Line 01 Column (C) ,PC,LineExplanationType,text,MANY,SF-P02-T01-FRGN-ORG-GRANTS,,2013v3.0;2013v3.1;2013v4.0;2014v5.0;2014v6.0;2015v2.0;2015v2.1;2015v3.0;2016v3.0,2016,F,T,,
/Return/ReturnData/IRS990ScheduleF/GrantsToOrgsOutsideUS/Region,SF_02_FRGN_ORG_GRANT_REGION,Region of the grant to the organization outside the US,[GrantsToOrgsOutsideUS] Part II Line 1; [Region] Column (c),SCHED-F-PART-02-LINE-01-COL-C,SCHED-F,SZ,PART-02,Line 01 Column (C) ,PC,LineExplanationType,text,MANY,SF-P02-T01-FRGN-ORG-GRANTS,,2009v1.0;2009v1.1;2009v1.2;2009v1.3;2009v1.4;2009v1.7;2010v3.2;2010v3.4;2010v3.6;2010v3.7;2011v1.2;2011v1.3;2011v1.4;2011v1.5;2012v2.0;2012v2.1;2012v2.2;2012v2.3;2012v3.0,2012,F,T,,
/Return/ReturnData/IRS990ScheduleF/Form990ScheduleFPartII/GrantsToOrgsOutsideUS/PurposeOfGrant,SF_02_FRGN_ORG_GRANT_PURPOSE,Purpose of the grant to the organization outside the US,,SCHED-F-PART-02-LINE-01-COL-D,SCHED-F,SZ,PART-02,Line 01 Column (D) ,PC,,text,MANY,SF-P02-T01-FRGN-ORG-GRANTS,,,,,,,
/Return/ReturnData/IRS990ScheduleF/GrantsToOrgOutsideUSGrp/PurposeOfGrantTxt,SF_02_FRGN_ORG_GRANT_PURPOSE,Purpose of the grant to the organization outside the US,[GrantsToOrgOutsideUSGrp] Part II Line 1; [PurposeOfGrantTxt] Column (d),SCHED-F-PART-02-LINE-01-COL-D,SCHED-F,SZ,PART-02,Line 01 Column (D) ,PC,ShortExplanationType,text,MANY,SF-P02-T01-FRGN-ORG-GRANTS,,2013v3.0;2013v3.1;2013v4.0;2014v5.0;2014v6.0;2015v2.0;2015v2.1;2015v3.0;2016v3.0,2016,F,T,,
/Return/ReturnData/IRS990ScheduleF/GrantsToOrgsOutsideUS/PurposeOfGrant,SF_02_FRGN_ORG_GRANT_PURPOSE,Purpose of the grant to the organization outside the US,[GrantsToOrgsOutsideUS] Part II Line 1; [PurposeOfGrant] Column (d),SCHED-F-PART-02-LINE-01-COL-D,SCHED-F,SZ,PART-02,Line 01 Column (D) ,PC,ShortExplanationType,text,MANY,SF-P02-T01-FRGN-ORG-GRANTS,,2009v1.0;2009v1.1;2009v1.2;2009v1.3;2009v1.4;2009v1.7;2010v3.2;2010v3.4;2010v3.6;2010v3.7;2011v1.2;2011v1.3;2011v1.4;2011v1.5;2012v2.0;2012v2.1;2012v2.2;2012v2.3;2012v3.0,2012,F,T,,
/Return/ReturnData/IRS990ScheduleF/Form990ScheduleFPartII/GrantsToOrgsOutsideUS/AmountOfCashGrant,SF_02_FRGN_ORG_GRANT_AMT,Amount of cash granted to the organization outside the US,,SCHED-F-PART-02-LINE-01-COL-E,SCHED-F,SZ,PART-02,Line 01 Column (E) ,PC,,numeric,MANY,SF-P02-T01-FRGN-ORG-GRANTS,,,,,,,
/Return/ReturnData/IRS990ScheduleF/GrantsToOrgOutsideUSGrp/CashGrantAmt,SF_02_FRGN_ORG_GRANT_AMT,Amount of cash granted to the organization outside the US,[GrantsToOrgOutsideUSGrp] Part II Line 1; [CashGrantAmt] Column (e),SCHED-F-PART-02-LINE-01-COL-E,SCHED-F,SZ,PART-02,Line 01 Column (E) ,PC,USAmountType,numeric,MANY,SF-P02-T01-FRGN-ORG-GRANTS,,2013v3.0;2013v3.1;2013v4.0;2014v5.0;2014v6.0;2015v2.0;2015v2.1;2015v3.0;2016v3.0,2016,F,T,,
/Return/ReturnData/IRS990ScheduleF/GrantsToOrgsOutsideUS/AmountOfCashGrant,SF_02_FRGN_ORG_GRANT_AMT,Amount of cash granted to the organization outside the US,[GrantsToOrgsOutsideUS] Part II Line 1; [AmountOfCashGrant] Column (e),SCHED-F-PART-02-LINE-01-COL-E,SCHED-F,SZ,PART-02,Line 01 Column (E) ,PC,USAmountType,numeric,MANY,SF-P02-T01-FRGN-ORG-GRANTS,,2009v1.0;2009v1.1;2009v1.2;2009v1.3;2009v1.4;2009v1.7;2010v3.2;2010v3.4;2010v3.6;2010v3.7;2011v1.2;2011v1.3;2011v1.4;2011v1.5;2012v2.0;2012v2.1;2012v2.2;2012v2.3;2012v3.0,2012,F,T,,
/Return/ReturnData/IRS990ScheduleF/Form990ScheduleFPartII/GrantsToOrgsOutsideUS/MannerOfCashDisbursement,SF_02_FRGN_ORG_GRANT_DISBMT,Way the cash was disbursed to the grantee organization outside the US,,SCHED-F-PART-02-LINE-01-COL-F,SCHED-F,SZ,PART-02,Line 01 Column (F) ,PC,,text,MANY,SF-P02-T01-FRGN-ORG-GRANTS,,,,,,,
/Return/ReturnData/IRS990ScheduleF/GrantsToOrgOutsideUSGrp/MannerOfCashDisbursementTxt,SF_02_FRGN_ORG_GRANT_DISBMT,Way the cash was disbursed to the grantee organization outside the US,[GrantsToOrgOutsideUSGrp] Part II Line 1; [MannerOfCashDisbursementTxt] Column (f),SCHED-F-PART-02-LINE-01-COL-F,SCHED-F,SZ,PART-02,Line 01 Column (F) ,PC,LineExplanationType,text,MANY,SF-P02-T01-FRGN-ORG-GRANTS,,2013v3.0;2013v3.1;2013v4.0;2014v5.0;2014v6.0;2015v2.0;2015v2.1;2015v3.0;2016v3.0,2016,F,T,,
/Return/ReturnData/IRS990ScheduleF/GrantsToOrgsOutsideUS/MannerOfCashDisbursement,SF_02_FRGN_ORG_GRANT_DISBMT,Way the cash was disbursed to the grantee organization outside the US,[GrantsToOrgsOutsideUS] Part II Line 1; [MannerOfCashDisbursement] Column (f),SCHED-F-PART-02-LINE-01-COL-F,SCHED-F,SZ,PART-02,Line 01 Column (F) ,PC,LineExplanationType,text,MANY,SF-P02-T01-FRGN-ORG-GRANTS,,2009v1.0;2009v1.1;2009v1.2;2009v1.3;2009v1.4;2009v1.7;2010v3.2;2010v3.4;2010v3.6;2010v3.7;2011v1.2;2011v1.3;2011v1.4;2011v1.5;2012v2.0;2012v2.1;2012v2.2;2012v2.3;2012v3.0,2012,F,T,,
/Return/ReturnData/IRS990ScheduleF/Form990ScheduleFPartII/GrantsToOrgsOutsideUS/AmountOfNonCashAssistance,SF_02_FRGN_ORG_GRANT_NC_AMT,Value of noncash assistance to the grantee organization outside the US,,SCHED-F-PART-02-LINE-01-COL-G,SCHED-F,SZ,PART-02,Line 01 Column (G) ,PC,,numeric,MANY,SF-P02-T01-FRGN-ORG-GRANTS,,,,,,,
/Return/ReturnData/IRS990ScheduleF/GrantsToOrgOutsideUSGrp/NonCashAssistanceAmt,SF_02_FRGN_ORG_GRANT_NC_AMT,Value of noncash assistance to the grantee organization outside the US,[GrantsToOrgOutsideUSGrp] Part II Line 1; [NonCashAssistanceAmt] Column (g),SCHED-F-PART-02-LINE-01-COL-G,SCHED-F,SZ,PART-02,Line 01 Column (G) ,PC,USAmountType,numeric,MANY,SF-P02-T01-FRGN-ORG-GRANTS,,2013v3.0;2013v3.1;2013v4.0;2014v5.0;2014v6.0;2015v2.0;2015v2.1;2015v3.0;2016v3.0,2016,F,T,,
/Return/ReturnData/IRS990ScheduleF/GrantsToOrgsOutsideUS/AmountOfNonCashAssistance,SF_02_FRGN_ORG_GRANT_NC_AMT,Value of noncash assistance to the grantee organization outside the US,[GrantsToOrgsOutsideUS] Part II Line 1; [AmountOfNonCashAssistance] Column (g),SCHED-F-PART-02-LINE-01-COL-G,SCHED-F,SZ,PART-02,Line 01 Column (G) ,PC,USAmountType,numeric,MANY,SF-P02-T01-FRGN-ORG-GRANTS,,2009v1.0;2009v1.1;2009v1.2;2009v1.3;2009v1.4;2009v1.7;2010v3.2;2010v3.4;2010v3.6;2010v3.7;2011v1.2;2011v1.3;2011v1.4;2011v1.5;2012v2.0;2012v2.1;2012v2.2;2012v2.3;2012v3.0,2012,F,T,,
/Return/ReturnData/IRS990ScheduleF/Form990ScheduleFPartII/GrantsToOrgsOutsideUS/DescriptionOfNonCashAssistance,SF_02_FRGN_ORG_GRANT_NC_DESC,Description of non-cash assistance to the grantee organizations outside the US,,SCHED-F-PART-02-LINE-01-COL-H,SCHED-F,SZ,PART-02,Line 01 Column (H) ,PC,,text,MANY,SF-P02-T01-FRGN-ORG-GRANTS,,,,,,,
/Return/ReturnData/IRS990ScheduleF/GrantsToOrgOutsideUSGrp/DescriptionOfNonCashAsstTxt,SF_02_FRGN_ORG_GRANT_NC_DESC,Description of noncash assistance to the grantee organization ouside the US,[GrantsToOrgOutsideUSGrp] Part II Line 1; [DescriptionOfNonCashAsstTxt] Column (h),SCHED-F-PART-02-LINE-01-COL-H,SCHED-F,SZ,PART-02,Line 01 Column (H) ,PC,ShortExplanationType,text,MANY,SF-P02-T01-FRGN-ORG-GRANTS,,2013v3.0;2013v3.1;2013v4.0;2014v5.0;2014v6.0;2015v2.0;2015v2.1;2015v3.0;2016v3.0,2016,F,T,,
/Return/ReturnData/IRS990ScheduleF/GrantsToOrgsOutsideUS/DescriptionOfNonCashAssistance,SF_02_FRGN_ORG_GRANT_NC_DESC,Description of non-cash assistance to the grantee organizations outside the US,[GrantsToOrgsOutsideUS] Part II Line 1; [DescriptionOfNonCashAssistance] Column (h),SCHED-F-PART-02-LINE-01-COL-H,SCHED-F,SZ,PART-02,Line 01 Column (H) ,PC,ShortExplanationType,text,MANY,SF-P02-T01-FRGN-ORG-GRANTS,,2009v1.0;2009v1.1;2009v1.2;2009v1.3;2009v1.4;2009v1.7;2010v3.2;2010v3.4;2010v3.6;2010v3.7;2011v1.2;2011v1.3;2011v1.4;2011v1.5;2012v2.0;2012v2.1;2012v2.2;2012v2.3;2012v3.0,2012,F,T,,
/Return/ReturnData/IRS990ScheduleF/Form990ScheduleFPartII/GrantsToOrgsOutsideUS/MethodOfValuation,SF_02_FRGN_ORG_GRANT_NC_MOV,"Way the value of noncash assistance was calculated (ex. book, fair-market value, appraisal, other)",,SCHED-F-PART-02-LINE-01-COL-I,SCHED-F,SZ,PART-02,Line 01 Column (I) ,PC,,text,MANY,SF-P02-T01-FRGN-ORG-GRANTS,,,,,,,
/Return/ReturnData/IRS990ScheduleF/GrantsToOrgOutsideUSGrp/ValuationMethodUsedDesc,SF_02_FRGN_ORG_GRANT_NC_MOV,"Way the value of noncash assistance was calculated (ex. book, fair-market value, appraisal, other)",[GrantsToOrgOutsideUSGrp] Part II Line 1; [ValuationMethodUsedDesc] Column (i),SCHED-F-PART-02-LINE-01-COL-I,SCHED-F,SZ,PART-02,Line 01 Column (I) ,PC,LineExplanationType,text,MANY,SF-P02-T01-FRGN-ORG-GRANTS,,2013v3.0;2013v3.1;2013v4.0;2014v5.0;2014v6.0;2015v2.0;2015v2.1;2015v3.0;2016v3.0,2016,F,T,,
/Return/ReturnData/IRS990ScheduleF/GrantsToOrgsOutsideUS/MethodOfValuation,SF_02_FRGN_ORG_GRANT_NC_MOV,"Way the value of noncash assistance was calculated (ex. book, fair-market value, appraisal, other)",[GrantsToOrgsOutsideUS] Part II Line 1; [MethodOfValuation] Column (i),SCHED-F-PART-02-LINE-01-COL-I,SCHED-F,SZ,PART-02,Line 01 Column (I) ,PC,LineExplanationType,text,MANY,SF-P02-T01-FRGN-ORG-GRANTS,,2009v1.0;2009v1.1;2009v1.2;2009v1.3;2009v1.4;2009v1.7;2010v3.2;2010v3.4;2010v3.6;2010v3.7;2011v1.2;2011v1.3;2011v1.4;2011v1.5;2012v2.0;2012v2.1;2012v2.2;2012v2.3;2012v3.0,2012,F,T,,
/Return/ReturnData/IRS990ScheduleF/Form990ScheduleFPartII/TotalNumberOf501c3Orgs,SF_02_FRGN_ORG_GRANT_501C3_TOT,"Total number of organizations with some 501(c)(3) equivalency outside of the US given grants (recognized as charities by the foreign country, recognized as tax-exempt by the IRS, or an equivalency letter has been been provided)",,SCHED-F-PART-02-LINE-02,SCHED-F,SZ,PART-02,Line 02,PC,,numeric,ONE,SF-P02-T00-FRGN-ORG-GRANTS,,,,,,,
/Return/ReturnData/IRS990ScheduleF/Total501c3OrgCnt,SF_02_FRGN_ORG_GRANT_501C3_TOT,"Total number of organizations with some 501(c)(3) equivalency outside of the US given grants (recognized as charities by the foreign country, recognized as tax-exempt by the IRS, or an equivalency letter has been been provided)",[Total501c3OrgCnt] Part II line 2,SCHED-F-PART-02-LINE-02,SCHED-F,SZ,PART-02,Line 02,PC,IntegerNNType,numeric,ONE,SF-P02-T00-FRGN-ORG-GRANTS,,2013v3.0;2013v3.1;2013v4.0;2014v5.0;2014v6.0;2015v2.0;2015v2.1;2015v3.0;2016v3.0,2016,F,T,,
/Return/ReturnData/IRS990ScheduleF/TotalNumberOf501c3Orgs,SF_02_FRGN_ORG_GRANT_501C3_TOT,"Total number of organizations with some 501(c)(3) equivalency outside of the US given grants (recognized as charities by the foreign country, recognized as tax-exempt by the IRS, or an equivalency letter has been been provided)",[TotalNumberOf501c3Orgs] Part II line 2,SCHED-F-PART-02-LINE-02,SCHED-F,SZ,PART-02,Line 02,PC,IntegerNNType,numeric,ONE,SF-P02-T00-FRGN-ORG-GRANTS,,2009v1.0;2009v1.1;2009v1.2;2009v1.3;2009v1.4;2009v1.7;2010v3.2;2010v3.4;2010v3.6;2010v3.7;2011v1.2;2011v1.3;2011v1.4;2011v1.5;2012v2.0;2012v2.1;2012v2.2;2012v2.3;2012v3.0,2012,F,T,,
/Return/ReturnData/IRS990ScheduleF/Form990ScheduleFPartII/TotalNumberOfOtherOrgs,SF_02_FRGN_ORG_GRANT_OTH_ORG_TOT,"Total number of organizations or entities granted to outside of the US that lack some 501(c)(3) equivalency (not recognized as charities by the foreign country, not recognized as tax-exempt by the IRS, and have not provided an equivalency letter)",,SCHED-F-PART-02-LINE-03,SCHED-F,SZ,PART-02,Line 03,PC,,numeric,ONE,SF-P02-T00-FRGN-ORG-GRANTS,,,,,,,
/Return/ReturnData/IRS990ScheduleF/TotalNumberOfOtherOrgs,SF_02_FRGN_ORG_GRANT_OTH_ORG_TOT,"Total number of organizations or entities granted to outside of the US that lack some 501(c)(3) equivalency (not recognized as charities by the foreign country, not recognized as tax-exempt by the IRS, and have not provided an equivalency letter)",[TotalNumberOfOtherOrgs] Part II line 3,SCHED-F-PART-02-LINE-03,SCHED-F,SZ,PART-02,Line 03,PC,IntegerNNType,numeric,ONE,SF-P02-T00-FRGN-ORG-GRANTS,,2009v1.0;2009v1.1;2009v1.2;2009v1.3;2009v1.4;2009v1.7;2010v3.2;2010v3.4;2010v3.6;2010v3.7;2011v1.2;2011v1.3;2011v1.4;2011v1.5;2012v2.0;2012v2.1;2012v2.2;2012v2.3;2012v3.0,2012,F,T,,
/Return/ReturnData/IRS990ScheduleF/TotalOtherOrgCnt,SF_02_FRGN_ORG_GRANT_OTH_ORG_TOT,"Total number of organizations or entities granted to outside of the US that lack some 501(c)(3) equivalency (not recognized as charities by the foreign country, not recognized as tax-exempt by the IRS, and have not provided an equivalency letter)",[TotalOtherOrgCnt] Part II line 3,SCHED-F-PART-02-LINE-03,SCHED-F,SZ,PART-02,Line 03,PC,IntegerNNType,numeric,ONE,SF-P02-T00-FRGN-ORG-GRANTS,,2013v3.0;2013v3.1;2013v4.0;2014v5.0;2014v6.0;2015v2.0;2015v2.1;2015v3.0;2016v3.0,2016,F,T,,
/Return/ReturnData/IRS990ScheduleF/ForeignIndividualsGrantsGrp/TypeOfAssistanceTxt,SF_03_FRGN_INDIV_GRANT_TYPE,Type of grant or assistance to the individuals outside the US,[ForeignIndividualsGrantsGrp] Part III; [TypeOfAssistanceTxt] Column (a),SCHED-F-PART-03-COL-A,SCHED-F,SZ,PART-03,Column (A),PC,ShortExplanationType,text,MANY,SF-P03-T01-FRGN-INDIV-GRANTS,,2013v3.0;2013v3.1;2013v4.0;2014v5.0;2014v6.0;2015v2.0;2015v2.1;2015v3.0;2016v3.0,2016,F,T,,
/Return/ReturnData/IRS990ScheduleF/Form990ScheduleFPartIII/GrantsToIndOutsideUS/TypeOfAssistance,SF_03_FRGN_INDIV_GRANT_TYPE,Type of grant or assistance to the individuals outside the US,,SCHED-F-PART-03-COL-A,SCHED-F,SZ,PART-03,Column (A),PC,,text,MANY,SF-P03-T01-FRGN-INDIV-GRANTS,,,,,,,
/Return/ReturnData/IRS990ScheduleF/GrantsToIndOutsideUS/TypeOfAssistance,SF_03_FRGN_INDIV_GRANT_TYPE,Type of grant or assistance to the individuals outside the US,[GrantsToIndOutsideUS] Part III; [TypeOfAssistance] Column (a),SCHED-F-PART-03-COL-A,SCHED-F,SZ,PART-03,Column (A),PC,ShortExplanationType,text,MANY,SF-P03-T01-FRGN-INDIV-GRANTS,,2009v1.0;2009v1.1;2009v1.2;2009v1.3;2009v1.4;2009v1.7;2010v3.2;2010v3.4;2010v3.6;2010v3.7;2011v1.2;2011v1.3;2011v1.4;2011v1.5;2012v2.0;2012v2.1;2012v2.2;2012v2.3;2012v3.0,2012,F,T,,
/Return/ReturnData/IRS990ScheduleF/ForeignIndividualsGrantsGrp/RegionTxt,SF_03_FRGN_INDIV_GRANT_REGION,Region of the grant to the individuals outside the US,[ForeignIndividualsGrantsGrp] Part III; [RegionTxt] Column (b),SCHED-F-PART-03-COL-B,SCHED-F,SZ,PART-03,Column (B),PC,LineExplanationType,text,MANY,SF-P03-T01-FRGN-INDIV-GRANTS,,2013v3.0;2013v3.1;2013v4.0;2014v5.0;2014v6.0;2015v2.0;2015v2.1;2015v3.0;2016v3.0,2016,F,T,,
/Return/ReturnData/IRS990ScheduleF/Form990ScheduleFPartIII/GrantsToIndOutsideUS/Region,SF_03_FRGN_INDIV_GRANT_REGION,Region of the grant to the individuals outside the US,,SCHED-F-PART-03-COL-B,SCHED-F,SZ,PART-03,Column (B),PC,,text,MANY,SF-P03-T01-FRGN-INDIV-GRANTS,,,,,,,
/Return/ReturnData/IRS990ScheduleF/GrantsToIndOutsideUS/Region,SF_03_FRGN_INDIV_GRANT_REGION,Region of the grant to the individuals outside the US,[GrantsToIndOutsideUS] Part III; [Region] Column (b),SCHED-F-PART-03-COL-B,SCHED-F,SZ,PART-03,Column (B),PC,LineExplanationType,text,MANY,SF-P03-T01-FRGN-INDIV-GRANTS,,2009v1.0;2009v1.1;2009v1.2;2009v1.3;2009v1.4;2009v1.7;2010v3.2;2010v3.4;2010v3.6;2010v3.7;2011v1.2;2011v1.3;2011v1.4;2011v1.5;2012v2.0;2012v2.1;2012v2.2;2012v2.3;2012v3.0,2012,F,T,,
/Return/ReturnData/IRS990ScheduleF/ForeignIndividualsGrantsGrp/RecipientCnt,SF_03_FRGN_INDIV_GRANT_NUM_INDIV,"Number of individuals outside the US in the region, given the type of grant",[ForeignIndividualsGrantsGrp] Part III; [RecipientCnt] Column (c),SCHED-F-PART-03-COL-C,SCHED-F,SZ,PART-03,Column (C),PC,IntegerNNType,numeric,MANY,SF-P03-T01-FRGN-INDIV-GRANTS,,2013v3.0;2013v3.1;2013v4.0;2014v5.0;2014v6.0;2015v2.0;2015v2.1;2015v3.0;2016v3.0,2016,F,T,,
/Return/ReturnData/IRS990ScheduleF/Form990ScheduleFPartIII/GrantsToIndOutsideUS/NumberOfRecipients,SF_03_FRGN_INDIV_GRANT_NUM_INDIV,"Number of individuals outside the US in the region, given the type of grant",,SCHED-F-PART-03-COL-C,SCHED-F,SZ,PART-03,Column (C),PC,,numeric,MANY,SF-P03-T01-FRGN-INDIV-GRANTS,,,,,,,
/Return/ReturnData/IRS990ScheduleF/GrantsToIndOutsideUS/NumberOfRecipients,SF_03_FRGN_INDIV_GRANT_NUM_INDIV,"Number of individuals outside the US in the region, given the type of grant",[GrantsToIndOutsideUS] Part III; [NumberOfRecipients] Column (c),SCHED-F-PART-03-COL-C,SCHED-F,SZ,PART-03,Column (C),PC,IntegerNNType,numeric,MANY,SF-P03-T01-FRGN-INDIV-GRANTS,,2009v1.0;2009v1.1;2009v1.2;2009v1.3;2009v1.4;2009v1.7;2010v3.2;2010v3.4;2010v3.6;2010v3.7;2011v1.2;2011v1.3;2011v1.4;2011v1.5;2012v2.0;2012v2.1;2012v2.2;2012v2.3;2012v3.0,2012,F,T,,
/Return/ReturnData/IRS990ScheduleF/ForeignIndividualsGrantsGrp/CashGrantAmt,SF_03_FRGN_INDIV_GRANT_AMT,Amount of cash granted to the individuals outside the US,[ForeignIndividualsGrantsGrp] Part III; [CashGrantAmt] Column (d),SCHED-F-PART-03-COL-D,SCHED-F,SZ,PART-03,Column (D),PC,USAmountType,numeric,MANY,SF-P03-T01-FRGN-INDIV-GRANTS,,2013v3.0;2013v3.1;2013v4.0;2014v5.0;2014v6.0;2015v2.0;2015v2.1;2015v3.0;2016v3.0,2016,F,T,,
/Return/ReturnData/IRS990ScheduleF/Form990ScheduleFPartIII/GrantsToIndOutsideUS/AmountOfCashGrant,SF_03_FRGN_INDIV_GRANT_AMT,Amount of cash granted to the individuals outside the US,,SCHED-F-PART-03-COL-D,SCHED-F,SZ,PART-03,Column (D),PC,,numeric,MANY,SF-P03-T01-FRGN-INDIV-GRANTS,,,,,,,
/Return/ReturnData/IRS990ScheduleF/GrantsToIndOutsideUS/AmountOfCashGrant,SF_03_FRGN_INDIV_GRANT_AMT,Amount of cash granted to the individuals outside the US,[GrantsToIndOutsideUS] Part III; [AmountOfCashGrant] Column (d),SCHED-F-PART-03-COL-D,SCHED-F,SZ,PART-03,Column (D),PC,USAmountType,numeric,MANY,SF-P03-T01-FRGN-INDIV-GRANTS,,2009v1.0;2009v1.1;2009v1.2;2009v1.3;2009v1.4;2009v1.7;2010v3.2;2010v3.4;2010v3.6;2010v3.7;2011v1.2;2011v1.3;2011v1.4;2011v1.5;2012v2.0;2012v2.1;2012v2.2;2012v2.3;2012v3.0,2012,F,T,,
/Return/ReturnData/IRS990ScheduleF/ForeignIndividualsGrantsGrp/MannerOfCashDisbursementTxt,SF_03_FRGN_INDIV_GRANT_DISBMT,Way the cash was disbursed to the individuals outside the US,[ForeignIndividualsGrantsGrp] Part III; [MannerOfCashDisbursementTxt] Column (e),SCHED-F-PART-03-COL-E,SCHED-F,SZ,PART-03,Column (E),PC,LineExplanationType,text,MANY,SF-P03-T01-FRGN-INDIV-GRANTS,,2013v3.0;2013v3.1;2013v4.0;2014v5.0;2014v6.0;2015v2.0;2015v2.1;2015v3.0;2016v3.0,2016,F,T,,
/Return/ReturnData/IRS990ScheduleF/Form990ScheduleFPartIII/GrantsToIndOutsideUS/MannerOfCashDisbursement,SF_03_FRGN_INDIV_GRANT_DISBMT,Way the cash was disbursed to the individuals outside the US,,SCHED-F-PART-03-COL-E,SCHED-F,SZ,PART-03,Column (E),PC,,text,MANY,SF-P03-T01-FRGN-INDIV-GRANTS,,,,,,,
/Return/ReturnData/IRS990ScheduleF/GrantsToIndOutsideUS/MannerOfCashDisbursement,SF_03_FRGN_INDIV_GRANT_DISBMT,Way the cash was disbursed to the individuals outside the US,[GrantsToIndOutsideUS] Part III; [MannerOfCashDisbursement] Column (e),SCHED-F-PART-03-COL-E,SCHED-F,SZ,PART-03,Column (E),PC,LineExplanationType,text,MANY,SF-P03-T01-FRGN-INDIV-GRANTS,,2009v1.0;2009v1.1;2009v1.2;2009v1.3;2009v1.4;2009v1.7;2010v3.2;2010v3.4;2010v3.6;2010v3.7;2011v1.2;2011v1.3;2011v1.4;2011v1.5;2012v2.0;2012v2.1;2012v2.2;2012v2.3;2012v3.0,2012,F,T,,
/Return/ReturnData/IRS990ScheduleF/ForeignIndividualsGrantsGrp/NonCashAssistanceAmt,SF_03_FRGN_INDIV_GRANT_NC_AMT,Value of noncash assistance to the individuals outside the US,[ForeignIndividualsGrantsGrp] Part III; [NonCashAssistanceAmt] Column (f),SCHED-F-PART-03-COL-F,SCHED-F,SZ,PART-03,Column (F),PC,USAmountType,numeric,MANY,SF-P03-T01-FRGN-INDIV-GRANTS,,2013v3.0;2013v3.1;2013v4.0;2014v5.0;2014v6.0;2015v2.0;2015v2.1;2015v3.0;2016v3.0,2016,F,T,,
/Return/ReturnData/IRS990ScheduleF/Form990ScheduleFPartIII/GrantsToIndOutsideUS/AmountOfNonCashAssistance,SF_03_FRGN_INDIV_GRANT_NC_AMT,Value of noncash assistance to the individuals outside the US,,SCHED-F-PART-03-COL-F,SCHED-F,SZ,PART-03,Column (F),PC,,numeric,MANY,SF-P03-T01-FRGN-INDIV-GRANTS,,,,,,,
/Return/ReturnData/IRS990ScheduleF/GrantsToIndOutsideUS/AmountOfNonCashAssistance,SF_03_FRGN_INDIV_GRANT_NC_AMT,Value of noncash assistance to the individuals outside the US,[GrantsToIndOutsideUS] Part III; [AmountOfNonCashAssistance] Column (f),SCHED-F-PART-03-COL-F,SCHED-F,SZ,PART-03,Column (F),PC,USAmountType,numeric,MANY,SF-P03-T01-FRGN-INDIV-GRANTS,,2009v1.0;2009v1.1;2009v1.2;2009v1.3;2009v1.4;2009v1.7;2010v3.2;2010v3.4;2010v3.6;2010v3.7;2011v1.2;2011v1.3;2011v1.4;2011v1.5;2012v2.0;2012v2.1;2012v2.2;2012v2.3;2012v3.0,2012,F,T,,
/Return/ReturnData/IRS990ScheduleF/ForeignIndividualsGrantsGrp/DescriptionOfNonCashAsstTxt,SF_03_FRGN_INDIV_GRANT_NC_DESC,Description of noncash assistance to the individuals outside the US,[ForeignIndividualsGrantsGrp] Part III; [DescriptionOfNonCashAsstTxt] Column (g),SCHED-F-PART-03-COL-G,SCHED-F,SZ,PART-03,Column (G),PC,ShortExplanationType,text,MANY,SF-P03-T01-FRGN-INDIV-GRANTS,,2013v3.0;2013v3.1;2013v4.0;2014v5.0;2014v6.0;2015v2.0;2015v2.1;2015v3.0;2016v3.0,2016,F,T,,
/Return/ReturnData/IRS990ScheduleF/Form990ScheduleFPartIII/GrantsToIndOutsideUS/DescriptionOfNonCashAssistance,SF_03_FRGN_INDIV_GRANT_NC_DESC,Description of noncash assistance to the individuals outside the US,,SCHED-F-PART-03-COL-G,SCHED-F,SZ,PART-03,Column (G),PC,,text,MANY,SF-P03-T01-FRGN-INDIV-GRANTS,,,,,,,
/Return/ReturnData/IRS990ScheduleF/GrantsToIndOutsideUS/DescriptionOfNonCashAssistance,SF_03_FRGN_INDIV_GRANT_NC_DESC,Description of noncash assistance to the individuals outside the US,[GrantsToIndOutsideUS] Part III; [DescriptionOfNonCashAssistance] Column (g),SCHED-F-PART-03-COL-G,SCHED-F,SZ,PART-03,Column (G),PC,ShortExplanationType,text,MANY,SF-P03-T01-FRGN-INDIV-GRANTS,,2009v1.0;2009v1.1;2009v1.2;2009v1.3;2009v1.4;2009v1.7;2010v3.2;2010v3.4;2010v3.6;2010v3.7;2011v1.2;2011v1.3;2011v1.4;2011v1.5;2012v2.0;2012v2.1;2012v2.2;2012v2.3;2012v3.0,2012,F,T,,
/Return/ReturnData/IRS990ScheduleF/ForeignIndividualsGrantsGrp/ValuationMethodUsedDesc,SF_03_FRGN_INDIV_GRANT_NC_MOV,"Way the value of noncash assistance was calculated (ex. book, fair-market value, appraisal, other)",[ForeignIndividualsGrantsGrp] Part III; [ValuationMethodUsedDesc] Column (h),SCHED-F-PART-03-COL-H,SCHED-F,SZ,PART-03,Column (H),PC,LineExplanationType,text,MANY,SF-P03-T01-FRGN-INDIV-GRANTS,,2013v3.0;2013v3.1;2013v4.0;2014v5.0;2014v6.0;2015v2.0;2015v2.1;2015v3.0;2016v3.0,2016,F,T,,
/Return/ReturnData/IRS990ScheduleF/Form990ScheduleFPartIII/GrantsToIndOutsideUS/MethodOfValuation,SF_03_FRGN_INDIV_GRANT_NC_MOV,"Way the value of noncash assistance was calculated (ex. book, fair-market value, appraisal, other)",,SCHED-F-PART-03-COL-H,SCHED-F,SZ,PART-03,Column (H),PC,,text,MANY,SF-P03-T01-FRGN-INDIV-GRANTS,,,,,,,
/Return/ReturnData/IRS990ScheduleF/GrantsToIndOutsideUS/MethodOfValuation,SF_03_FRGN_INDIV_GRANT_NC_MOV,"Way the value of noncash assistance was calculated (ex. book, fair-market value, appraisal, other)",[GrantsToIndOutsideUS] Part III; [MethodOfValuation] Column (h),SCHED-F-PART-03-COL-H,SCHED-F,SZ,PART-03,Column (H),PC,LineExplanationType,text,MANY,SF-P03-T01-FRGN-INDIV-GRANTS,,2009v1.0;2009v1.1;2009v1.2;2009v1.3;2009v1.4;2009v1.7;2010v3.2;2010v3.4;2010v3.6;2010v3.7;2011v1.2;2011v1.3;2011v1.4;2011v1.5;2012v2.0;2012v2.1;2012v2.2;2012v2.3;2012v3.0,2012,F,T,,
/Return/ReturnData/IRS990ScheduleF/TransferToForeignCorp,SF_04_FRGN_CORP_TRANSFEROR_X,Was the organization a U.S. transferor of property to a foreign corporation during the tax year?,[TransferToForeignCorp] Part IV Line 1,SCHED-F-PART-04-LINE-01,SCHED-F,SZ,PART-04,Line 01,PC,BooleanType,checkbox,ONE,SF-P04-T00-FRGN-INTERESTS,,2010v3.2;2010v3.4;2010v3.6;2010v3.7;2011v1.2;2011v1.3;2011v1.4;2011v1.5;2012v2.0;2012v2.1;2012v2.2;2012v2.3;2012v3.0,2012,F,T,,
/Return/ReturnData/IRS990ScheduleF/TransferToForeignCorpInd,SF_04_FRGN_CORP_TRANSFEROR_X,Was the organization a U.S. transferor of property to a foreign corporation during the tax year?,[TransferToForeignCorpInd] Part IV Line 1,SCHED-F-PART-04-LINE-01,SCHED-F,SZ,PART-04,Line 01,PC,BooleanType,checkbox,ONE,SF-P04-T00-FRGN-INTERESTS,,2013v3.0;2013v3.1;2013v4.0;2014v5.0;2014v6.0;2015v2.0;2015v2.1;2015v3.0;2016v3.0,2016,F,T,,
/Return/ReturnData/IRS990ScheduleF/InterestInForeignTrust,SF_04_FRGN_TRUST_INT_X,Did the organization have an interest in a foreign trust during the tax year?,[InterestInForeignTrust] Part IV Line 2,SCHED-F-PART-04-LINE-02,SCHED-F,SZ,PART-04,Line 02,PC,BooleanType,checkbox,ONE,SF-P04-T00-FRGN-INTERESTS,,2010v3.2;2010v3.4;2010v3.6;2010v3.7;2011v1.2;2011v1.3;2011v1.4;2011v1.5;2012v2.0;2012v2.1;2012v2.2;2012v2.3;2012v3.0,2012,F,T,,
/Return/ReturnData/IRS990ScheduleF/InterestInForeignTrustInd,SF_04_FRGN_TRUST_INT_X,Did the organization have an interest in a foreign trust during the tax year?,[InterestInForeignTrustInd] Part IV Line 2,SCHED-F-PART-04-LINE-02,SCHED-F,SZ,PART-04,Line 02,PC,BooleanType,checkbox,ONE,SF-P04-T00-FRGN-INTERESTS,,2013v3.0;2013v3.1;2013v4.0;2014v5.0;2014v6.0;2015v2.0;2015v2.1;2015v3.0;2016v3.0,2016,F,T,,
/Return/ReturnData/IRS990ScheduleF/ForeignCorpOwnershipInd,SF_04_FRGN_CORP_OWNERSHIP_INT_X,Did the organization have an ownership interest in a foreign corporation during the tax year?,[ForeignCorpOwnershipInd] Part IV Line 3,SCHED-F-PART-04-LINE-03,SCHED-F,SZ,PART-04,Line 03,PC,BooleanType,checkbox,ONE,SF-P04-T00-FRGN-INTERESTS,,2013v3.0;2013v3.1;2013v4.0;2014v5.0;2014v6.0;2015v2.0;2015v2.1;2015v3.0;2016v3.0,2016,F,T,,
/Return/ReturnData/IRS990ScheduleF/OwnForeignCorp,SF_04_FRGN_CORP_OWNERSHIP_INT_X,Did the organization have an ownership interest in a foreign corporation during the tax year?,[OwnForeignCorp] Part IV Line 3,SCHED-F-PART-04-LINE-03,SCHED-F,SZ,PART-04,Line 03,PC,BooleanType,checkbox,ONE,SF-P04-T00-FRGN-INTERESTS,,2010v3.2;2010v3.4;2010v3.6;2010v3.7;2011v1.2;2011v1.3;2011v1.4;2011v1.5;2012v2.0;2012v2.1;2012v2.2;2012v2.3;2012v3.0,2012,F,T,,
/Return/ReturnData/IRS990ScheduleF/PassiveForeignInvestCo,SF_04_FRGN_FUND_SHAREHOLDER_X,Was the organization a direct or indirect shareholder of a passive foreign investment company or a qualified electing fund during the tax year?,[PassiveForeignInvestCo] Part IV Line 4,SCHED-F-PART-04-LINE-04,SCHED-F,SZ,PART-04,Line 04,PC,BooleanType,checkbox,ONE,SF-P04-T00-FRGN-INTERESTS,,2010v3.2;2010v3.4;2010v3.6;2010v3.7;2011v1.2;2011v1.3;2011v1.4;2011v1.5;2012v2.0;2012v2.1;2012v2.2;2012v2.3;2012v3.0,2012,F,T,,
/Return/ReturnData/IRS990ScheduleF/PassiveForeignInvestmestCoInd,SF_04_FRGN_FUND_SHAREHOLDER_X,Was the organization a direct or indirect shareholder of a passive foreign investment company or a qualified electing fund during the tax year?,[PassiveForeignInvestmestCoInd] Part IV Line 4,SCHED-F-PART-04-LINE-04,SCHED-F,SZ,PART-04,Line 04,PC,BooleanType,checkbox,ONE,SF-P04-T00-FRGN-INTERESTS,,2013v3.0;2013v3.1;2013v4.0;2014v5.0;2014v6.0;2015v2.0;2015v2.1;2015v3.0;2016v3.0,2016,F,T,,
/Return/ReturnData/IRS990ScheduleF/ForeignPartnership,SF_04_FRGN_PTR_OWNERSHIP_INT_X,Did the organization have an ownership interest in a foreign partnership during the tax year?,[ForeignPartnership] Part IV Line 5,SCHED-F-PART-04-LINE-05,SCHED-F,SZ,PART-04,Line 05,PC,BooleanType,checkbox,ONE,SF-P04-T00-FRGN-INTERESTS,,2010v3.2;2010v3.4;2010v3.6;2010v3.7;2011v1.2;2011v1.3;2011v1.4;2011v1.5;2012v2.0;2012v2.1;2012v2.2;2012v2.3;2012v3.0,2012,F,T,,
/Return/ReturnData/IRS990ScheduleF/ForeignPartnershipInd,SF_04_FRGN_PTR_OWNERSHIP_INT_X,Did the organization have an ownership interest in a foreign partnership during the tax year?,[ForeignPartnershipInd] Part IV Line 5,SCHED-F-PART-04-LINE-05,SCHED-F,SZ,PART-04,Line 05,PC,BooleanType,checkbox,ONE,SF-P04-T00-FRGN-INTERESTS,,2013v3.0;2013v3.1;2013v4.0;2014v5.0;2014v6.0;2015v2.0;2015v2.1;2015v3.0;2016v3.0,2016,F,T,,
/Return/ReturnData/IRS990ScheduleF/BoycottCountries,SF_04_BOYCOTTING_CNTR_ACT_X,Did the organization have any operations in or related to any boycotting countries during the tax year?,[BoycottCountries] Part IV Line 6,SCHED-F-PART-04-LINE-06,SCHED-F,SZ,PART-04,Line 06,PC,BooleanType,checkbox,ONE,SF-P04-T00-FRGN-INTERESTS,,2010v3.2;2010v3.4;2010v3.6;2010v3.7;2011v1.2;2011v1.3;2011v1.4;2011v1.5;2012v2.0;2012v2.1;2012v2.2;2012v2.3;2012v3.0,2012,F,T,,
/Return/ReturnData/IRS990ScheduleF/BoycottCountriesInd,SF_04_BOYCOTTING_CNTR_ACT_X,Did the organization have any operations in or related to any boycotting countries during the tax year?,[BoycottCountriesInd] Part IV Line 6,SCHED-F-PART-04-LINE-06,SCHED-F,SZ,PART-04,Line 06,PC,BooleanType,checkbox,ONE,SF-P04-T00-FRGN-INTERESTS,,2013v3.0;2013v3.1;2013v4.0;2014v5.0;2014v6.0;2015v2.0;2015v2.1;2015v3.0;2016v3.0,2016,F,T,,
/Return/ReturnData/IRS990ScheduleF/Form990ScheduleFPartIV/Explanation,SF_05_EXPLANATION_TEXT,Form990 Schedule FPart IV - Explanation,[Explanation] Part IV,SCHED-F-PART-05,SCHED-F,SZ,PART-05,Part 05,PC,ExplanationType,text,ONE,SF-P05-T99-EXPLANATION-TEXT,,2009v1.0;2009v1.1;2009v1.2;2009v1.3;2009v1.4;2009v1.7,2009,F,T,,
/Return/ReturnData/IRS990ScheduleF/Form990ScheduleFPartV/Explanation,SF_05_EXPLANATION_TEXT,Form990 Schedule FPart V - Explanation,[Explanation] Part V,SCHED-F-PART-05,SCHED-F,SZ,PART-05,Part 05,PC,ExplanationType,text,ONE,SF-P05-T99-EXPLANATION-TEXT,,2010v3.2;2010v3.4;2010v3.6;2010v3.7;2011v1.2;2011v1.3;2011v1.4;2011v1.5;2012v2.0;2012v2.1;2012v2.2;2012v2.3;2012v3.0,2012,F,T,,
/Return/ReturnData/IRS990ScheduleF/SupplementalInformationDetail/ExplanationTxt,SF_05_EXPLANATION_TEXT,Form; part and line number reference explanation,[ExplanationTxt] Part V,SCHED-F-PART-05,SCHED-F,SZ,PART-05,Part 05,PC,ExplanationType,text,ONE,SF-P05-T99-EXPLANATION-TEXT,,2013v3.0;2013v3.1;2013v4.0;2014v5.0;2014v6.0;2015v2.0;2015v2.1;2015v3.0;2016v3.0,2016,F,T,,
/Return/ReturnData/IRS990ScheduleF/SupplementalInformationDetail/FormAndLineReferenceDesc,SF_05_FORM_LINE_REFERENCE,Form; part and line number reference,[FormAndLineReferenceDesc] Part V,SCHED-F-PART-05,SCHED-F,SZ,PART-05,Part 05,PC,LineExplanationType,text,ONE,SF-P05-T99-EXPLANATION-TEXT,,2013v3.0;2013v3.1;2013v4.0;2014v5.0;2014v6.0;2015v2.0;2015v2.1;2015v3.0;2016v3.0,2016,F,T,,
/Return/ReturnData/IRS990ScheduleF/Form990ScheduleFPartIV/Identifier,SF_05_IDENTIFIER,Form990 Schedule FPart IV - Identifier,[Identifier] Part IV,SCHED-F-PART-05,SCHED-F,SZ,PART-05,Part 05,PC,LineExplanationType,text,ONE,SF-P05-T99-EXPLANATION-TEXT,,2009v1.0;2009v1.1;2009v1.2;2009v1.3;2009v1.4;2009v1.7,2009,F,T,,
/Return/ReturnData/IRS990ScheduleF/Form990ScheduleFPartV/Identifier,SF_05_IDENTIFIER,Form990 Schedule FPart V - Identifier,[Identifier] Part V,SCHED-F-PART-05,SCHED-F,SZ,PART-05,Part 05,PC,LineExplanationType,text,ONE,SF-P05-T99-EXPLANATION-TEXT,,2010v3.2;2010v3.4;2010v3.6;2010v3.7;2011v1.2;2011v1.3;2011v1.4;2011v1.5;2012v2.0;2012v2.1;2012v2.2;2012v2.3;2012v3.0,2012,F,T,,
/Return/ReturnData/IRS990ScheduleF/SupplementalInformationDetail/IdentifierTxt,SF_05_IDENTIFIER,Supplemental Information Detail - Identifier,,SCHED-F-PART-05,SCHED-F,SZ,PART-05,Part 05,PC,,text,ONE,SF-P05-T99-EXPLANATION-TEXT,,,,,,,
/Return/ReturnData/IRS990ScheduleF/Form990ScheduleFPartIV/ReturnReference,SF_05_RETURN_REFERENCE,Return reference,[ReturnReference] Part IV,SCHED-F-PART-05,SCHED-F,SZ,PART-05,Part 05,PC,LineExplanationType,text,ONE,SF-P05-T99-EXPLANATION-TEXT,,2009v1.0;2009v1.1;2009v1.2;2009v1.3;2009v1.4;2009v1.7,2009,F,T,,
/Return/ReturnData/IRS990ScheduleF/Form990ScheduleFPartV/ReturnReference,SF_05_RETURN_REFERENCE,Return reference,[ReturnReference] Part V,SCHED-F-PART-05,SCHED-F,SZ,PART-05,Part 05,PC,LineExplanationType,text,ONE,SF-P05-T99-EXPLANATION-TEXT,,2010v3.2;2010v3.4;2010v3.6;2010v3.7;2011v1.2;2011v1.3;2011v1.4;2011v1.5;2012v2.0;2012v2.1;2012v2.2;2012v2.3;2012v3.0,2012,F,T,,
/Return/ReturnData/IRS990ScheduleF/Form990ScheduleFPartII/GrantRecordsMaintained,SF_99_FRGN_ORG_GRANT_LT_5K_X,Check this box if no one recipient received more than $5;000 (see SF-FORM-VERSION-2011-PART-02),,SCHED-F-PART-99-LINE-00,SCHED-F,SZ,PART-99,Line 00,PC,,checkbox,ONE,SF-P99-T00-FRGN-ORG-GRANTS,,,,,,,
/Return/ReturnData/IRS990ScheduleF/NoRecipientOver5K,SF_99_FRGN_ORG_GRANT_LT_5K_X,Checked if no one recipient organization outside the US received more than $5;000  (see SF-FORM-VERSION-2011-PART-02),[NoRecipientOver5K] Part II,SCHED-F-PART-99-LINE-00,SCHED-F,SZ,PART-99,Line 00,PC,CheckboxType,checkbox,ONE,SF-P99-T00-FRGN-ORG-GRANTS,,2009v1.0;2009v1.1;2009v1.2;2009v1.3;2009v1.4;2009v1.7;2010v3.2;2010v3.4;2010v3.6;2010v3.7;2011v1.2;2011v1.3;2011v1.4;2011v1.5,2011,F,T,,
