rownum,year,type,url
1,1992,f990-w-fy,https://www.irs.gov/pub/irs-prior/f990wfy--1992.pdf
2,2022,f990-w,https://www.irs.gov/pub/irs-prior/f990w--2022.pdf
3,2021,f990-w,https://www.irs.gov/pub/irs-prior/f990w--2021.pdf
4,2020,f990-w,https://www.irs.gov/pub/irs-prior/f990w--2020.pdf
5,2019,f990-w,https://www.irs.gov/pub/irs-prior/f990w--2019.pdf
6,2018,f990-w,https://www.irs.gov/pub/irs-prior/f990w--2018.pdf
7,2017,f990-w,https://www.irs.gov/pub/irs-prior/f990w--2017.pdf
8,2016,f990-w,https://www.irs.gov/pub/irs-prior/f990w--2016.pdf
9,2015,f990-w,https://www.irs.gov/pub/irs-prior/f990w--2015.pdf
10,2014,f990-w,https://www.irs.gov/pub/irs-prior/f990w--2014.pdf
11,2013,f990-w,https://www.irs.gov/pub/irs-prior/f990w--2013.pdf
12,2012,f990-w,https://www.irs.gov/pub/irs-prior/f990w--2012.pdf
13,2011,f990-w,https://www.irs.gov/pub/irs-prior/f990w--2011.pdf
14,2010,f990-w,https://www.irs.gov/pub/irs-prior/f990w--2010.pdf
15,2009,f990-w,https://www.irs.gov/pub/irs-prior/f990w--2009.pdf
16,2008,f990-w,https://www.irs.gov/pub/irs-prior/f990w--2008.pdf
17,2007,f990-w,https://www.irs.gov/pub/irs-prior/f990w--2007.pdf
18,2006,f990-w,https://www.irs.gov/pub/irs-prior/f990w--2006.pdf
19,2005,f990-w,https://www.irs.gov/pub/irs-prior/f990w--2005.pdf
20,2004,f990-w,https://www.irs.gov/pub/irs-prior/f990w--2004.pdf
21,2003,f990-w,https://www.irs.gov/pub/irs-prior/f990w--2003.pdf
22,2001,f990-w,https://www.irs.gov/pub/irs-prior/f990w--2001.pdf
23,2000,f990-w,https://www.irs.gov/pub/irs-prior/f990w--2000.pdf
24,1999,f990-w,https://www.irs.gov/pub/irs-prior/f990w--1999.pdf
25,1998,f990-w,https://www.irs.gov/pub/irs-prior/f990w--1998.pdf
26,1997,f990-w,https://www.irs.gov/pub/irs-prior/f990w--1997.pdf
27,1996,f990-w,https://www.irs.gov/pub/irs-prior/f990w--1996.pdf
28,1995,f990-w,https://www.irs.gov/pub/irs-prior/f990w--1995.pdf
29,1994,f990-w,https://www.irs.gov/pub/irs-prior/f990w--1994.pdf
30,1993,f990-w,https://www.irs.gov/pub/irs-prior/f990w--1993.pdf
31,1992,f990-w,https://www.irs.gov/pub/irs-prior/f990w--1992.pdf
32,1990,f990-w,https://www.irs.gov/pub/irs-prior/f990w--1990.pdf
33,2019,f990-t-schedule-m,https://www.irs.gov/pub/irs-prior/f990tsm--2019.pdf
34,2018,f990-t-schedule-m,https://www.irs.gov/pub/irs-prior/f990tsm--2018.pdf
35,2022,f990-t-schedule-a,https://www.irs.gov/pub/irs-prior/f990tsa--2022.pdf
36,2021,f990-t-schedule-a,https://www.irs.gov/pub/irs-prior/f990tsa--2021.pdf
37,2020,f990-t-schedule-a,https://www.irs.gov/pub/irs-prior/f990tsa--2020.pdf
38,2022,f990-t,https://www.irs.gov/pub/irs-prior/f990t--2022.pdf
39,2021,f990-t,https://www.irs.gov/pub/irs-prior/f990t--2021.pdf
40,2020,f990-t,https://www.irs.gov/pub/irs-prior/f990t--2020.pdf
41,2019,f990-t,https://www.irs.gov/pub/irs-prior/f990t--2019.pdf
42,2018,f990-t,https://www.irs.gov/pub/irs-prior/f990t--2018.pdf
43,2017,f990-t,https://www.irs.gov/pub/irs-prior/f990t--2017.pdf
44,2016,f990-t,https://www.irs.gov/pub/irs-prior/f990t--2016.pdf
45,2015,f990-t,https://www.irs.gov/pub/irs-prior/f990t--2015.pdf
46,2014,f990-t,https://www.irs.gov/pub/irs-prior/f990t--2014.pdf
47,2013,f990-t,https://www.irs.gov/pub/irs-prior/f990t--2013.pdf
48,2012,f990-t,https://www.irs.gov/pub/irs-prior/f990t--2012.pdf
49,2011,f990-t,https://www.irs.gov/pub/irs-prior/f990t--2011.pdf
50,2010,f990-t,https://www.irs.gov/pub/irs-prior/f990t--2010.pdf
51,2009,f990-t,https://www.irs.gov/pub/irs-prior/f990t--2009.pdf
52,2008,f990-t,https://www.irs.gov/pub/irs-prior/f990t--2008.pdf
53,2007,f990-t,https://www.irs.gov/pub/irs-prior/f990t--2007.pdf
54,2006,f990-t,https://www.irs.gov/pub/irs-prior/f990t--2006.pdf
55,2005,f990-t,https://www.irs.gov/pub/irs-prior/f990t--2005.pdf
56,2004,f990-t,https://www.irs.gov/pub/irs-prior/f990t--2004.pdf
57,2003,f990-t,https://www.irs.gov/pub/irs-prior/f990t--2003.pdf
58,2002,f990-t,https://www.irs.gov/pub/irs-prior/f990t--2002.pdf
59,2001,f990-t,https://www.irs.gov/pub/irs-prior/f990t--2001.pdf
60,2000,f990-t,https://www.irs.gov/pub/irs-prior/f990t--2000.pdf
61,1999,f990-t,https://www.irs.gov/pub/irs-prior/f990t--1999.pdf
62,1998,f990-t,https://www.irs.gov/pub/irs-prior/f990t--1998.pdf
63,1997,f990-t,https://www.irs.gov/pub/irs-prior/f990t--1997.pdf
64,1996,f990-t,https://www.irs.gov/pub/irs-prior/f990t--1996.pdf
65,1995,f990-t,https://www.irs.gov/pub/irs-prior/f990t--1995.pdf
66,1994,f990-t,https://www.irs.gov/pub/irs-prior/f990t--1994.pdf
67,1993,f990-t,https://www.irs.gov/pub/irs-prior/f990t--1993.pdf
68,1992,f990-t,https://www.irs.gov/pub/irs-prior/f990t--1992.pdf
69,1991,f990-t,https://www.irs.gov/pub/irs-prior/f990t--1991.pdf
70,1990,f990-t,https://www.irs.gov/pub/irs-prior/f990t--1990.pdf
71,1989,f990-t,https://www.irs.gov/pub/irs-prior/f990t--1989.pdf
72,1988,f990-t,https://www.irs.gov/pub/irs-prior/f990t--1988.pdf
73,1987,f990-t,https://www.irs.gov/pub/irs-prior/f990t--1987.pdf
74,1986,f990-t,https://www.irs.gov/pub/irs-prior/f990t--1986.pdf
75,1985,f990-t,https://www.irs.gov/pub/irs-prior/f990t--1985.pdf
76,1984,f990-t,https://www.irs.gov/pub/irs-prior/f990t--1984.pdf
77,1983,f990-t,https://www.irs.gov/pub/irs-prior/f990t--1983.pdf
78,1982,f990-t,https://www.irs.gov/pub/irs-prior/f990t--1982.pdf
79,1981,f990-t,https://www.irs.gov/pub/irs-prior/f990t--1981.pdf
80,1980,f990-t,https://www.irs.gov/pub/irs-prior/f990t--1980.pdf
81,1979,f990-t,https://www.irs.gov/pub/irs-prior/f990t--1979.pdf
82,1978,f990-t,https://www.irs.gov/pub/irs-prior/f990t--1978.pdf
83,1977,f990-t,https://www.irs.gov/pub/irs-prior/f990t--1977.pdf
84,1976,f990-t,https://www.irs.gov/pub/irs-prior/f990t--1976.pdf
85,1975,f990-t,https://www.irs.gov/pub/irs-prior/f990t--1975.pdf
86,1974,f990-t,https://www.irs.gov/pub/irs-prior/f990t--1974.pdf
87,1973,f990-t,https://www.irs.gov/pub/irs-prior/f990t--1973.pdf
88,1972,f990-t,https://www.irs.gov/pub/irs-prior/f990t--1972.pdf
89,1971,f990-t,https://www.irs.gov/pub/irs-prior/f990t--1971.pdf
90,1970,f990-t,https://www.irs.gov/pub/irs-prior/f990t--1970.pdf
91,1969,f990-t,https://www.irs.gov/pub/irs-prior/f990t--1969.pdf
92,1968,f990-t,https://www.irs.gov/pub/irs-prior/f990t--1968.pdf
93,1967,f990-t,https://www.irs.gov/pub/irs-prior/f990t--1967.pdf
94,1966,f990-t,https://www.irs.gov/pub/irs-prior/f990t--1966.pdf
95,1965,f990-t,https://www.irs.gov/pub/irs-prior/f990t--1965.pdf
96,1964,f990-t,https://www.irs.gov/pub/irs-prior/f990t--1964.pdf
97,1963,f990-t,https://www.irs.gov/pub/irs-prior/f990t--1963.pdf
98,1962,f990-t,https://www.irs.gov/pub/irs-prior/f990t--1962.pdf
99,1961,f990-t,https://www.irs.gov/pub/irs-prior/f990t--1961.pdf
100,1960,f990-t,https://www.irs.gov/pub/irs-prior/f990t--1960.pdf
101,1959,f990-t,https://www.irs.gov/pub/irs-prior/f990t--1959.pdf
102,1958,f990-t,https://www.irs.gov/pub/irs-prior/f990t--1958.pdf
103,1957,f990-t,https://www.irs.gov/pub/irs-prior/f990t--1957.pdf
104,1956,f990-t,https://www.irs.gov/pub/irs-prior/f990t--1956.pdf
105,1954,f990-t,https://www.irs.gov/pub/irs-prior/f990t--1954.pdf
106,1952,f990-t,https://www.irs.gov/pub/irs-prior/f990t--1952.pdf
107,1951,f990-t,https://www.irs.gov/pub/irs-prior/f990t--1951.pdf
108,2009,f990-schedule-r-1,https://www.irs.gov/pub/irs-prior/f990sr1--2009.pdf
109,2008,f990-schedule-r-1,https://www.irs.gov/pub/irs-prior/f990sr1--2008.pdf
110,2022,f990-schedule-r,https://www.irs.gov/pub/irs-prior/f990sr--2022.pdf
111,2021,f990-schedule-r,https://www.irs.gov/pub/irs-prior/f990sr--2021.pdf
112,2020,f990-schedule-r,https://www.irs.gov/pub/irs-prior/f990sr--2020.pdf
113,2019,f990-schedule-r,https://www.irs.gov/pub/irs-prior/f990sr--2019.pdf
114,2018,f990-schedule-r,https://www.irs.gov/pub/irs-prior/f990sr--2018.pdf
115,2017,f990-schedule-r,https://www.irs.gov/pub/irs-prior/f990sr--2017.pdf
116,2016,f990-schedule-r,https://www.irs.gov/pub/irs-prior/f990sr--2016.pdf
117,2015,f990-schedule-r,https://www.irs.gov/pub/irs-prior/f990sr--2015.pdf
118,2014,f990-schedule-r,https://www.irs.gov/pub/irs-prior/f990sr--2014.pdf
119,2013,f990-schedule-r,https://www.irs.gov/pub/irs-prior/f990sr--2013.pdf
120,2012,f990-schedule-r,https://www.irs.gov/pub/irs-prior/f990sr--2012.pdf
121,2011,f990-schedule-r,https://www.irs.gov/pub/irs-prior/f990sr--2011.pdf
122,2010,f990-schedule-r,https://www.irs.gov/pub/irs-prior/f990sr--2010.pdf
123,2009,f990-schedule-r,https://www.irs.gov/pub/irs-prior/f990sr--2009.pdf
124,2008,f990-schedule-r,https://www.irs.gov/pub/irs-prior/f990sr--2008.pdf
125,2022,f990-schedule-o,https://www.irs.gov/pub/irs-prior/f990so--2022.pdf
126,2021,f990-schedule-o,https://www.irs.gov/pub/irs-prior/f990so--2021.pdf
127,2020,f990-schedule-o,https://www.irs.gov/pub/irs-prior/f990so--2020.pdf
128,2019,f990-schedule-o,https://www.irs.gov/pub/irs-prior/f990so--2019.pdf
129,2018,f990-schedule-o,https://www.irs.gov/pub/irs-prior/f990so--2018.pdf
130,2017,f990-schedule-o,https://www.irs.gov/pub/irs-prior/f990so--2017.pdf
131,2016,f990-schedule-o,https://www.irs.gov/pub/irs-prior/f990so--2016.pdf
132,2015,f990-schedule-o,https://www.irs.gov/pub/irs-prior/f990so--2015.pdf
133,2014,f990-schedule-o,https://www.irs.gov/pub/irs-prior/f990so--2014.pdf
134,2013,f990-schedule-o,https://www.irs.gov/pub/irs-prior/f990so--2013.pdf
135,2012,f990-schedule-o,https://www.irs.gov/pub/irs-prior/f990so--2012.pdf
136,2011,f990-schedule-o,https://www.irs.gov/pub/irs-prior/f990so--2011.pdf
137,2010,f990-schedule-o,https://www.irs.gov/pub/irs-prior/f990so--2010.pdf
138,2009,f990-schedule-o,https://www.irs.gov/pub/irs-prior/f990so--2009.pdf
139,2008,f990-schedule-o,https://www.irs.gov/pub/irs-prior/f990so--2008.pdf
140,2009,f990-schedule-n-1,https://www.irs.gov/pub/irs-prior/f990sn1--2009.pdf
141,2008,f990-schedule-n-1,https://www.irs.gov/pub/irs-prior/f990sn1--2008.pdf
142,2022,f990-schedule-n,https://www.irs.gov/pub/irs-prior/f990sn--2022.pdf
143,2021,f990-schedule-n,https://www.irs.gov/pub/irs-prior/f990sn--2021.pdf
144,2020,f990-schedule-n,https://www.irs.gov/pub/irs-prior/f990sn--2020.pdf
145,2019,f990-schedule-n,https://www.irs.gov/pub/irs-prior/f990sn--2019.pdf
146,2018,f990-schedule-n,https://www.irs.gov/pub/irs-prior/f990sn--2018.pdf
147,2017,f990-schedule-n,https://www.irs.gov/pub/irs-prior/f990sn--2017.pdf
148,2016,f990-schedule-n,https://www.irs.gov/pub/irs-prior/f990sn--2016.pdf
149,2015,f990-schedule-n,https://www.irs.gov/pub/irs-prior/f990sn--2015.pdf
150,2014,f990-schedule-n,https://www.irs.gov/pub/irs-prior/f990sn--2014.pdf
151,2013,f990-schedule-n,https://www.irs.gov/pub/irs-prior/f990sn--2013.pdf
152,2012,f990-schedule-n,https://www.irs.gov/pub/irs-prior/f990sn--2012.pdf
153,2011,f990-schedule-n,https://www.irs.gov/pub/irs-prior/f990sn--2011.pdf
154,2010,f990-schedule-n,https://www.irs.gov/pub/irs-prior/f990sn--2010.pdf
155,2009,f990-schedule-n,https://www.irs.gov/pub/irs-prior/f990sn--2009.pdf
156,2008,f990-schedule-n,https://www.irs.gov/pub/irs-prior/f990sn--2008.pdf
157,2022,f990-schedule-m,https://www.irs.gov/pub/irs-prior/f990sm--2022.pdf
158,2021,f990-schedule-m,https://www.irs.gov/pub/irs-prior/f990sm--2021.pdf
159,2020,f990-schedule-m,https://www.irs.gov/pub/irs-prior/f990sm--2020.pdf
160,2019,f990-schedule-m,https://www.irs.gov/pub/irs-prior/f990sm--2019.pdf
161,2018,f990-schedule-m,https://www.irs.gov/pub/irs-prior/f990sm--2018.pdf
162,2017,f990-schedule-m,https://www.irs.gov/pub/irs-prior/f990sm--2017.pdf
163,2016,f990-schedule-m,https://www.irs.gov/pub/irs-prior/f990sm--2016.pdf
164,2015,f990-schedule-m,https://www.irs.gov/pub/irs-prior/f990sm--2015.pdf
165,2014,f990-schedule-m,https://www.irs.gov/pub/irs-prior/f990sm--2014.pdf
166,2013,f990-schedule-m,https://www.irs.gov/pub/irs-prior/f990sm--2013.pdf
167,2012,f990-schedule-m,https://www.irs.gov/pub/irs-prior/f990sm--2012.pdf
168,2011,f990-schedule-m,https://www.irs.gov/pub/irs-prior/f990sm--2011.pdf
169,2010,f990-schedule-m,https://www.irs.gov/pub/irs-prior/f990sm--2010.pdf
170,2009,f990-schedule-m,https://www.irs.gov/pub/irs-prior/f990sm--2009.pdf
171,2008,f990-schedule-m,https://www.irs.gov/pub/irs-prior/f990sm--2008.pdf
172,2022,f990-schedule-l,https://www.irs.gov/pub/irs-prior/f990sl--2022.pdf
173,2021,f990-schedule-l,https://www.irs.gov/pub/irs-prior/f990sl--2021.pdf
174,2020,f990-schedule-l,https://www.irs.gov/pub/irs-prior/f990sl--2020.pdf
175,2019,f990-schedule-l,https://www.irs.gov/pub/irs-prior/f990sl--2019.pdf
176,2018,f990-schedule-l,https://www.irs.gov/pub/irs-prior/f990sl--2018.pdf
177,2017,f990-schedule-l,https://www.irs.gov/pub/irs-prior/f990sl--2017.pdf
178,2016,f990-schedule-l,https://www.irs.gov/pub/irs-prior/f990sl--2016.pdf
179,2015,f990-schedule-l,https://www.irs.gov/pub/irs-prior/f990sl--2015.pdf
180,2014,f990-schedule-l,https://www.irs.gov/pub/irs-prior/f990sl--2014.pdf
181,2013,f990-schedule-l,https://www.irs.gov/pub/irs-prior/f990sl--2013.pdf
182,2012,f990-schedule-l,https://www.irs.gov/pub/irs-prior/f990sl--2012.pdf
183,2011,f990-schedule-l,https://www.irs.gov/pub/irs-prior/f990sl--2011.pdf
184,2010,f990-schedule-l,https://www.irs.gov/pub/irs-prior/f990sl--2010.pdf
185,2009,f990-schedule-l,https://www.irs.gov/pub/irs-prior/f990sl--2009.pdf
186,2008,f990-schedule-l,https://www.irs.gov/pub/irs-prior/f990sl--2008.pdf
187,2022,f990-schedule-k,https://www.irs.gov/pub/irs-prior/f990sk--2022.pdf
188,2021,f990-schedule-k,https://www.irs.gov/pub/irs-prior/f990sk--2021.pdf
189,2020,f990-schedule-k,https://www.irs.gov/pub/irs-prior/f990sk--2020.pdf
190,2019,f990-schedule-k,https://www.irs.gov/pub/irs-prior/f990sk--2019.pdf
191,2018,f990-schedule-k,https://www.irs.gov/pub/irs-prior/f990sk--2018.pdf
192,2017,f990-schedule-k,https://www.irs.gov/pub/irs-prior/f990sk--2017.pdf
193,2016,f990-schedule-k,https://www.irs.gov/pub/irs-prior/f990sk--2016.pdf
194,2015,f990-schedule-k,https://www.irs.gov/pub/irs-prior/f990sk--2015.pdf
195,2014,f990-schedule-k,https://www.irs.gov/pub/irs-prior/f990sk--2014.pdf
196,2013,f990-schedule-k,https://www.irs.gov/pub/irs-prior/f990sk--2013.pdf
197,2012,f990-schedule-k,https://www.irs.gov/pub/irs-prior/f990sk--2012.pdf
198,2011,f990-schedule-k,https://www.irs.gov/pub/irs-prior/f990sk--2011.pdf
199,2010,f990-schedule-k,https://www.irs.gov/pub/irs-prior/f990sk--2010.pdf
200,2009,f990-schedule-k,https://www.irs.gov/pub/irs-prior/f990sk--2009.pdf
201,2008,f990-schedule-k,https://www.irs.gov/pub/irs-prior/f990sk--2008.pdf
202,2009,f990-schedule-j-2,https://www.irs.gov/pub/irs-prior/f990sj2--2009.pdf
203,2008,f990-schedule-j-2,https://www.irs.gov/pub/irs-prior/f990sj2--2008.pdf
204,2009,f990-schedule-j-1,https://www.irs.gov/pub/irs-prior/f990sj1--2009.pdf
205,2008,f990-schedule-j-1,https://www.irs.gov/pub/irs-prior/f990sj1--2008.pdf
206,2022,f990-schedule-j,https://www.irs.gov/pub/irs-prior/f990sj--2022.pdf
207,2021,f990-schedule-j,https://www.irs.gov/pub/irs-prior/f990sj--2021.pdf
208,2020,f990-schedule-j,https://www.irs.gov/pub/irs-prior/f990sj--2020.pdf
209,2019,f990-schedule-j,https://www.irs.gov/pub/irs-prior/f990sj--2019.pdf
210,2018,f990-schedule-j,https://www.irs.gov/pub/irs-prior/f990sj--2018.pdf
211,2017,f990-schedule-j,https://www.irs.gov/pub/irs-prior/f990sj--2017.pdf
212,2016,f990-schedule-j,https://www.irs.gov/pub/irs-prior/f990sj--2016.pdf
213,2015,f990-schedule-j,https://www.irs.gov/pub/irs-prior/f990sj--2015.pdf
214,2014,f990-schedule-j,https://www.irs.gov/pub/irs-prior/f990sj--2014.pdf
215,2013,f990-schedule-j,https://www.irs.gov/pub/irs-prior/f990sj--2013.pdf
216,2012,f990-schedule-j,https://www.irs.gov/pub/irs-prior/f990sj--2012.pdf
217,2011,f990-schedule-j,https://www.irs.gov/pub/irs-prior/f990sj--2011.pdf
218,2010,f990-schedule-j,https://www.irs.gov/pub/irs-prior/f990sj--2010.pdf
219,2009,f990-schedule-j,https://www.irs.gov/pub/irs-prior/f990sj--2009.pdf
220,2008,f990-schedule-j,https://www.irs.gov/pub/irs-prior/f990sj--2008.pdf
221,2009,f990-schedule-i-1,https://www.irs.gov/pub/irs-prior/f990si1--2009.pdf
222,2008,f990-schedule-i-1,https://www.irs.gov/pub/irs-prior/f990si1--2008.pdf
223,2022,f990-schedule-i,https://www.irs.gov/pub/irs-prior/f990si--2022.pdf
224,2021,f990-schedule-i,https://www.irs.gov/pub/irs-prior/f990si--2021.pdf
225,2020,f990-schedule-i,https://www.irs.gov/pub/irs-prior/f990si--2020.pdf
226,2019,f990-schedule-i,https://www.irs.gov/pub/irs-prior/f990si--2019.pdf
227,2018,f990-schedule-i,https://www.irs.gov/pub/irs-prior/f990si--2018.pdf
228,2017,f990-schedule-i,https://www.irs.gov/pub/irs-prior/f990si--2017.pdf
229,2016,f990-schedule-i,https://www.irs.gov/pub/irs-prior/f990si--2016.pdf
230,2015,f990-schedule-i,https://www.irs.gov/pub/irs-prior/f990si--2015.pdf
231,2014,f990-schedule-i,https://www.irs.gov/pub/irs-prior/f990si--2014.pdf
232,2013,f990-schedule-i,https://www.irs.gov/pub/irs-prior/f990si--2013.pdf
233,2012,f990-schedule-i,https://www.irs.gov/pub/irs-prior/f990si--2012.pdf
234,2011,f990-schedule-i,https://www.irs.gov/pub/irs-prior/f990si--2011.pdf
235,2010,f990-schedule-i,https://www.irs.gov/pub/irs-prior/f990si--2010.pdf
236,2009,f990-schedule-i,https://www.irs.gov/pub/irs-prior/f990si--2009.pdf
237,2008,f990-schedule-i,https://www.irs.gov/pub/irs-prior/f990si--2008.pdf
238,1969,f990-sf,https://www.irs.gov/pub/irs-prior/f990shf--1969.pdf
239,1968,f990-sf,https://www.irs.gov/pub/irs-prior/f990shf--1968.pdf
240,2022,f990-schedule-h,https://www.irs.gov/pub/irs-prior/f990sh--2022.pdf
241,2021,f990-schedule-h,https://www.irs.gov/pub/irs-prior/f990sh--2021.pdf
242,2020,f990-schedule-h,https://www.irs.gov/pub/irs-prior/f990sh--2020.pdf
243,2019,f990-schedule-h,https://www.irs.gov/pub/irs-prior/f990sh--2019.pdf
244,2018,f990-schedule-h,https://www.irs.gov/pub/irs-prior/f990sh--2018.pdf
245,2017,f990-schedule-h,https://www.irs.gov/pub/irs-prior/f990sh--2017.pdf
246,2016,f990-schedule-h,https://www.irs.gov/pub/irs-prior/f990sh--2016.pdf
247,2015,f990-schedule-h,https://www.irs.gov/pub/irs-prior/f990sh--2015.pdf
248,2014,f990-schedule-h,https://www.irs.gov/pub/irs-prior/f990sh--2014.pdf
249,2013,f990-schedule-h,https://www.irs.gov/pub/irs-prior/f990sh--2013.pdf
250,2012,f990-schedule-h,https://www.irs.gov/pub/irs-prior/f990sh--2012.pdf
251,2011,f990-schedule-h,https://www.irs.gov/pub/irs-prior/f990sh--2011.pdf
252,2010,f990-schedule-h,https://www.irs.gov/pub/irs-prior/f990sh--2010.pdf
253,2009,f990-schedule-h,https://www.irs.gov/pub/irs-prior/f990sh--2009.pdf
254,2008,f990-schedule-h,https://www.irs.gov/pub/irs-prior/f990sh--2008.pdf
255,2022,f990-schedule-g,https://www.irs.gov/pub/irs-prior/f990sg--2022.pdf
256,2021,f990-schedule-g,https://www.irs.gov/pub/irs-prior/f990sg--2021.pdf
257,2020,f990-schedule-g,https://www.irs.gov/pub/irs-prior/f990sg--2020.pdf
258,2019,f990-schedule-g,https://www.irs.gov/pub/irs-prior/f990sg--2019.pdf
259,2018,f990-schedule-g,https://www.irs.gov/pub/irs-prior/f990sg--2018.pdf
260,2017,f990-schedule-g,https://www.irs.gov/pub/irs-prior/f990sg--2017.pdf
261,2016,f990-schedule-g,https://www.irs.gov/pub/irs-prior/f990sg--2016.pdf
262,2015,f990-schedule-g,https://www.irs.gov/pub/irs-prior/f990sg--2015.pdf
263,2014,f990-schedule-g,https://www.irs.gov/pub/irs-prior/f990sg--2014.pdf
264,2013,f990-schedule-g,https://www.irs.gov/pub/irs-prior/f990sg--2013.pdf
265,2012,f990-schedule-g,https://www.irs.gov/pub/irs-prior/f990sg--2012.pdf
266,2011,f990-schedule-g,https://www.irs.gov/pub/irs-prior/f990sg--2011.pdf
267,2010,f990-schedule-g,https://www.irs.gov/pub/irs-prior/f990sg--2010.pdf
268,2009,f990-schedule-g,https://www.irs.gov/pub/irs-prior/f990sg--2009.pdf
269,2008,f990-schedule-g,https://www.irs.gov/pub/irs-prior/f990sg--2008.pdf
270,2009,f990-schedule-f-1,https://www.irs.gov/pub/irs-prior/f990sf1--2009.pdf
271,2008,f990-schedule-f-1,https://www.irs.gov/pub/irs-prior/f990sf1--2008.pdf
272,2022,f990-schedule-f,https://www.irs.gov/pub/irs-prior/f990sf--2022.pdf
273,2021,f990-schedule-f,https://www.irs.gov/pub/irs-prior/f990sf--2021.pdf
274,2020,f990-schedule-f,https://www.irs.gov/pub/irs-prior/f990sf--2020.pdf
275,2019,f990-schedule-f,https://www.irs.gov/pub/irs-prior/f990sf--2019.pdf
276,2018,f990-schedule-f,https://www.irs.gov/pub/irs-prior/f990sf--2018.pdf
277,2017,f990-schedule-f,https://www.irs.gov/pub/irs-prior/f990sf--2017.pdf
278,2016,f990-schedule-f,https://www.irs.gov/pub/irs-prior/f990sf--2016.pdf
279,2015,f990-schedule-f,https://www.irs.gov/pub/irs-prior/f990sf--2015.pdf
280,2014,f990-schedule-f,https://www.irs.gov/pub/irs-prior/f990sf--2014.pdf
281,2013,f990-schedule-f,https://www.irs.gov/pub/irs-prior/f990sf--2013.pdf
282,2012,f990-schedule-f,https://www.irs.gov/pub/irs-prior/f990sf--2012.pdf
283,2011,f990-schedule-f,https://www.irs.gov/pub/irs-prior/f990sf--2011.pdf
284,2010,f990-schedule-f,https://www.irs.gov/pub/irs-prior/f990sf--2010.pdf
285,2009,f990-schedule-f,https://www.irs.gov/pub/irs-prior/f990sf--2009.pdf
286,2008,f990-schedule-f,https://www.irs.gov/pub/irs-prior/f990sf--2008.pdf
287,2022,f990-schedule-e,https://www.irs.gov/pub/irs-prior/f990se--2022.pdf
288,2021,f990-schedule-e,https://www.irs.gov/pub/irs-prior/f990se--2021.pdf
289,2020,f990-schedule-e,https://www.irs.gov/pub/irs-prior/f990se--2020.pdf
290,2019,f990-schedule-e,https://www.irs.gov/pub/irs-prior/f990se--2019.pdf
291,2018,f990-schedule-e,https://www.irs.gov/pub/irs-prior/f990se--2018.pdf
292,2017,f990-schedule-e,https://www.irs.gov/pub/irs-prior/f990se--2017.pdf
293,2016,f990-schedule-e,https://www.irs.gov/pub/irs-prior/f990se--2016.pdf
294,2015,f990-schedule-e,https://www.irs.gov/pub/irs-prior/f990se--2015.pdf
295,2014,f990-schedule-e,https://www.irs.gov/pub/irs-prior/f990se--2014.pdf
296,2013,f990-schedule-e,https://www.irs.gov/pub/irs-prior/f990se--2013.pdf
297,2012,f990-schedule-e,https://www.irs.gov/pub/irs-prior/f990se--2012.pdf
298,2011,f990-schedule-e,https://www.irs.gov/pub/irs-prior/f990se--2011.pdf
299,2010,f990-schedule-e,https://www.irs.gov/pub/irs-prior/f990se--2010.pdf
300,2009,f990-schedule-e,https://www.irs.gov/pub/irs-prior/f990se--2009.pdf
301,2008,f990-schedule-e,https://www.irs.gov/pub/irs-prior/f990se--2008.pdf
302,2022,f990-schedule-d,https://www.irs.gov/pub/irs-prior/f990sd--2022.pdf
303,2021,f990-schedule-d,https://www.irs.gov/pub/irs-prior/f990sd--2021.pdf
304,2020,f990-schedule-d,https://www.irs.gov/pub/irs-prior/f990sd--2020.pdf
305,2019,f990-schedule-d,https://www.irs.gov/pub/irs-prior/f990sd--2019.pdf
306,2018,f990-schedule-d,https://www.irs.gov/pub/irs-prior/f990sd--2018.pdf
307,2017,f990-schedule-d,https://www.irs.gov/pub/irs-prior/f990sd--2017.pdf
308,2016,f990-schedule-d,https://www.irs.gov/pub/irs-prior/f990sd--2016.pdf
309,2015,f990-schedule-d,https://www.irs.gov/pub/irs-prior/f990sd--2015.pdf
310,2014,f990-schedule-d,https://www.irs.gov/pub/irs-prior/f990sd--2014.pdf
311,2013,f990-schedule-d,https://www.irs.gov/pub/irs-prior/f990sd--2013.pdf
312,2012,f990-schedule-d,https://www.irs.gov/pub/irs-prior/f990sd--2012.pdf
313,2011,f990-schedule-d,https://www.irs.gov/pub/irs-prior/f990sd--2011.pdf
314,2010,f990-schedule-d,https://www.irs.gov/pub/irs-prior/f990sd--2010.pdf
315,2009,f990-schedule-d,https://www.irs.gov/pub/irs-prior/f990sd--2009.pdf
316,2008,f990-schedule-d,https://www.irs.gov/pub/irs-prior/f990sd--2008.pdf
317,2022,f990-schedule-c,https://www.irs.gov/pub/irs-prior/f990sc--2022.pdf
318,2021,f990-schedule-c,https://www.irs.gov/pub/irs-prior/f990sc--2021.pdf
319,2020,f990-schedule-c,https://www.irs.gov/pub/irs-prior/f990sc--2020.pdf
320,2019,f990-schedule-c,https://www.irs.gov/pub/irs-prior/f990sc--2019.pdf
321,2018,f990-schedule-c,https://www.irs.gov/pub/irs-prior/f990sc--2018.pdf
322,2017,f990-schedule-c,https://www.irs.gov/pub/irs-prior/f990sc--2017.pdf
323,2016,f990-schedule-c,https://www.irs.gov/pub/irs-prior/f990sc--2016.pdf
324,2015,f990-schedule-c,https://www.irs.gov/pub/irs-prior/f990sc--2015.pdf
325,2014,f990-schedule-c,https://www.irs.gov/pub/irs-prior/f990sc--2014.pdf
326,2013,f990-schedule-c,https://www.irs.gov/pub/irs-prior/f990sc--2013.pdf
327,2012,f990-schedule-c,https://www.irs.gov/pub/irs-prior/f990sc--2012.pdf
328,2011,f990-schedule-c,https://www.irs.gov/pub/irs-prior/f990sc--2011.pdf
329,2010,f990-schedule-c,https://www.irs.gov/pub/irs-prior/f990sc--2010.pdf
330,2009,f990-schedule-c,https://www.irs.gov/pub/irs-prior/f990sc--2009.pdf
331,2008,f990-schedule-c,https://www.irs.gov/pub/irs-prior/f990sc--2008.pdf
332,2022,f990-schedule-a,https://www.irs.gov/pub/irs-prior/f990sa--2022.pdf
333,2021,f990-schedule-a,https://www.irs.gov/pub/irs-prior/f990sa--2021.pdf
334,2020,f990-schedule-a,https://www.irs.gov/pub/irs-prior/f990sa--2020.pdf
335,2019,f990-schedule-a,https://www.irs.gov/pub/irs-prior/f990sa--2019.pdf
336,2018,f990-schedule-a,https://www.irs.gov/pub/irs-prior/f990sa--2018.pdf
337,2017,f990-schedule-a,https://www.irs.gov/pub/irs-prior/f990sa--2017.pdf
338,2016,f990-schedule-a,https://www.irs.gov/pub/irs-prior/f990sa--2016.pdf
339,2015,f990-schedule-a,https://www.irs.gov/pub/irs-prior/f990sa--2015.pdf
340,2014,f990-schedule-a,https://www.irs.gov/pub/irs-prior/f990sa--2014.pdf
341,2013,f990-schedule-a,https://www.irs.gov/pub/irs-prior/f990sa--2013.pdf
342,2012,f990-schedule-a,https://www.irs.gov/pub/irs-prior/f990sa--2012.pdf
343,2011,f990-schedule-a,https://www.irs.gov/pub/irs-prior/f990sa--2011.pdf
344,2010,f990-schedule-a,https://www.irs.gov/pub/irs-prior/f990sa--2010.pdf
345,2009,f990-schedule-a,https://www.irs.gov/pub/irs-prior/f990sa--2009.pdf
346,2008,f990-schedule-a,https://www.irs.gov/pub/irs-prior/f990sa--2008.pdf
347,2007,f990-schedule-a,https://www.irs.gov/pub/irs-prior/f990sa--2007.pdf
348,2006,f990-schedule-a,https://www.irs.gov/pub/irs-prior/f990sa--2006.pdf
349,2005,f990-schedule-a,https://www.irs.gov/pub/irs-prior/f990sa--2005.pdf
350,2004,f990-schedule-a,https://www.irs.gov/pub/irs-prior/f990sa--2004.pdf
351,2003,f990-schedule-a,https://www.irs.gov/pub/irs-prior/f990sa--2003.pdf
352,2002,f990-schedule-a,https://www.irs.gov/pub/irs-prior/f990sa--2002.pdf
353,2001,f990-schedule-a,https://www.irs.gov/pub/irs-prior/f990sa--2001.pdf
354,2000,f990-schedule-a,https://www.irs.gov/pub/irs-prior/f990sa--2000.pdf
355,1999,f990-schedule-a,https://www.irs.gov/pub/irs-prior/f990sa--1999.pdf
356,1998,f990-schedule-a,https://www.irs.gov/pub/irs-prior/f990sa--1998.pdf
357,1997,f990-schedule-a,https://www.irs.gov/pub/irs-prior/f990sa--1997.pdf
358,1996,f990-schedule-a,https://www.irs.gov/pub/irs-prior/f990sa--1996.pdf
359,1995,f990-schedule-a,https://www.irs.gov/pub/irs-prior/f990sa--1995.pdf
360,1994,f990-schedule-a,https://www.irs.gov/pub/irs-prior/f990sa--1994.pdf
361,1993,f990-schedule-a,https://www.irs.gov/pub/irs-prior/f990sa--1993.pdf
362,1992,f990-schedule-a,https://www.irs.gov/pub/irs-prior/f990sa--1992.pdf
363,1991,f990-schedule-a,https://www.irs.gov/pub/irs-prior/f990sa--1991.pdf
364,1990,f990-schedule-a,https://www.irs.gov/pub/irs-prior/f990sa--1990.pdf
365,1974,f990-p-schedule-a,https://www.irs.gov/pub/irs-prior/f990psa--1974.pdf
366,1973,f990-p-schedule-a,https://www.irs.gov/pub/irs-prior/f990psa--1973.pdf
367,1972,f990-p-schedule-a,https://www.irs.gov/pub/irs-prior/f990psa--1972.pdf
368,1971,f990-p-schedule-a,https://www.irs.gov/pub/irs-prior/f990psa--1971.pdf
369,2022,f990-pf,https://www.irs.gov/pub/irs-prior/f990pf--2022.pdf
370,2021,f990-pf,https://www.irs.gov/pub/irs-prior/f990pf--2021.pdf
371,2020,f990-pf,https://www.irs.gov/pub/irs-prior/f990pf--2020.pdf
372,2019,f990-pf,https://www.irs.gov/pub/irs-prior/f990pf--2019.pdf
373,2018,f990-pf,https://www.irs.gov/pub/irs-prior/f990pf--2018.pdf
374,2017,f990-pf,https://www.irs.gov/pub/irs-prior/f990pf--2017.pdf
375,2016,f990-pf,https://www.irs.gov/pub/irs-prior/f990pf--2016.pdf
376,2015,f990-pf,https://www.irs.gov/pub/irs-prior/f990pf--2015.pdf
377,2014,f990-pf,https://www.irs.gov/pub/irs-prior/f990pf--2014.pdf
378,2013,f990-pf,https://www.irs.gov/pub/irs-prior/f990pf--2013.pdf
379,2012,f990-pf,https://www.irs.gov/pub/irs-prior/f990pf--2012.pdf
380,2011,f990-pf,https://www.irs.gov/pub/irs-prior/f990pf--2011.pdf
381,2010,f990-pf,https://www.irs.gov/pub/irs-prior/f990pf--2010.pdf
382,2009,f990-pf,https://www.irs.gov/pub/irs-prior/f990pf--2009.pdf
383,2008,f990-pf,https://www.irs.gov/pub/irs-prior/f990pf--2008.pdf
384,2007,f990-pf,https://www.irs.gov/pub/irs-prior/f990pf--2007.pdf
385,2006,f990-pf,https://www.irs.gov/pub/irs-prior/f990pf--2006.pdf
386,2005,f990-pf,https://www.irs.gov/pub/irs-prior/f990pf--2005.pdf
387,2004,f990-pf,https://www.irs.gov/pub/irs-prior/f990pf--2004.pdf
388,2003,f990-pf,https://www.irs.gov/pub/irs-prior/f990pf--2003.pdf
389,2002,f990-pf,https://www.irs.gov/pub/irs-prior/f990pf--2002.pdf
390,2001,f990-pf,https://www.irs.gov/pub/irs-prior/f990pf--2001.pdf
391,2000,f990-pf,https://www.irs.gov/pub/irs-prior/f990pf--2000.pdf
392,1999,f990-pf,https://www.irs.gov/pub/irs-prior/f990pf--1999.pdf
393,1998,f990-pf,https://www.irs.gov/pub/irs-prior/f990pf--1998.pdf
394,1997,f990-pf,https://www.irs.gov/pub/irs-prior/f990pf--1997.pdf
395,1996,f990-pf,https://www.irs.gov/pub/irs-prior/f990pf--1996.pdf
396,1995,f990-pf,https://www.irs.gov/pub/irs-prior/f990pf--1995.pdf
397,1994,f990-pf,https://www.irs.gov/pub/irs-prior/f990pf--1994.pdf
398,1993,f990-pf,https://www.irs.gov/pub/irs-prior/f990pf--1993.pdf
399,1992,f990-pf,https://www.irs.gov/pub/irs-prior/f990pf--1992.pdf
400,1991,f990-pf,https://www.irs.gov/pub/irs-prior/f990pf--1991.pdf
401,1990,f990-pf,https://www.irs.gov/pub/irs-prior/f990pf--1990.pdf
402,2022,f990-schedule-b,https://www.irs.gov/pub/irs-prior/f990ezb--2022.pdf
403,2021,f990-schedule-b,https://www.irs.gov/pub/irs-prior/f990ezb--2021.pdf
404,2020,f990-schedule-b,https://www.irs.gov/pub/irs-prior/f990ezb--2020.pdf
405,2019,f990-schedule-b,https://www.irs.gov/pub/irs-prior/f990ezb--2019.pdf
406,2018,f990-schedule-b,https://www.irs.gov/pub/irs-prior/f990ezb--2018.pdf
407,2017,f990-schedule-b,https://www.irs.gov/pub/irs-prior/f990ezb--2017.pdf
408,2016,f990-schedule-b,https://www.irs.gov/pub/irs-prior/f990ezb--2016.pdf
409,2015,f990-schedule-b,https://www.irs.gov/pub/irs-prior/f990ezb--2015.pdf
410,2014,f990-schedule-b,https://www.irs.gov/pub/irs-prior/f990ezb--2014.pdf
411,2013,f990-schedule-b,https://www.irs.gov/pub/irs-prior/f990ezb--2013.pdf
412,2012,f990-schedule-b,https://www.irs.gov/pub/irs-prior/f990ezb--2012.pdf
413,2011,f990-schedule-b,https://www.irs.gov/pub/irs-prior/f990ezb--2011.pdf
414,2010,f990-schedule-b,https://www.irs.gov/pub/irs-prior/f990ezb--2010.pdf
415,2009,f990-schedule-b,https://www.irs.gov/pub/irs-prior/f990ezb--2009.pdf
416,2008,f990-schedule-b,https://www.irs.gov/pub/irs-prior/f990ezb--2008.pdf
417,2007,f990-schedule-b,https://www.irs.gov/pub/irs-prior/f990ezb--2007.pdf
418,2006,f990-schedule-b,https://www.irs.gov/pub/irs-prior/f990ezb--2006.pdf
419,2005,f990-schedule-b,https://www.irs.gov/pub/irs-prior/f990ezb--2005.pdf
420,2004,f990-schedule-b,https://www.irs.gov/pub/irs-prior/f990ezb--2004.pdf
421,2003,f990-schedule-b,https://www.irs.gov/pub/irs-prior/f990ezb--2003.pdf
422,2002,f990-schedule-b,https://www.irs.gov/pub/irs-prior/f990ezb--2002.pdf
423,2001,f990-schedule-b,https://www.irs.gov/pub/irs-prior/f990ezb--2001.pdf
424,2000,f990-schedule-b,https://www.irs.gov/pub/irs-prior/f990ezb--2000.pdf
425,2022,f990-ez,https://www.irs.gov/pub/irs-prior/f990ez--2022.pdf
426,2021,f990-ez,https://www.irs.gov/pub/irs-prior/f990ez--2021.pdf
427,2020,f990-ez,https://www.irs.gov/pub/irs-prior/f990ez--2020.pdf
428,2019,f990-ez,https://www.irs.gov/pub/irs-prior/f990ez--2019.pdf
429,2018,f990-ez,https://www.irs.gov/pub/irs-prior/f990ez--2018.pdf
430,2017,f990-ez,https://www.irs.gov/pub/irs-prior/f990ez--2017.pdf
431,2016,f990-ez,https://www.irs.gov/pub/irs-prior/f990ez--2016.pdf
432,2015,f990-ez,https://www.irs.gov/pub/irs-prior/f990ez--2015.pdf
433,2014,f990-ez,https://www.irs.gov/pub/irs-prior/f990ez--2014.pdf
434,2013,f990-ez,https://www.irs.gov/pub/irs-prior/f990ez--2013.pdf
435,2012,f990-ez,https://www.irs.gov/pub/irs-prior/f990ez--2012.pdf
436,2011,f990-ez,https://www.irs.gov/pub/irs-prior/f990ez--2011.pdf
437,2010,f990-ez,https://www.irs.gov/pub/irs-prior/f990ez--2010.pdf
438,2009,f990-ez,https://www.irs.gov/pub/irs-prior/f990ez--2009.pdf
439,2008,f990-ez,https://www.irs.gov/pub/irs-prior/f990ez--2008.pdf
440,2007,f990-ez,https://www.irs.gov/pub/irs-prior/f990ez--2007.pdf
441,2006,f990-ez,https://www.irs.gov/pub/irs-prior/f990ez--2006.pdf
442,2005,f990-ez,https://www.irs.gov/pub/irs-prior/f990ez--2005.pdf
443,2004,f990-ez,https://www.irs.gov/pub/irs-prior/f990ez--2004.pdf
444,2003,f990-ez,https://www.irs.gov/pub/irs-prior/f990ez--2003.pdf
445,2002,f990-ez,https://www.irs.gov/pub/irs-prior/f990ez--2002.pdf
446,2001,f990-ez,https://www.irs.gov/pub/irs-prior/f990ez--2001.pdf
447,2000,f990-ez,https://www.irs.gov/pub/irs-prior/f990ez--2000.pdf
448,1999,f990-ez,https://www.irs.gov/pub/irs-prior/f990ez--1999.pdf
449,1998,f990-ez,https://www.irs.gov/pub/irs-prior/f990ez--1998.pdf
450,1997,f990-ez,https://www.irs.gov/pub/irs-prior/f990ez--1997.pdf
451,1996,f990-ez,https://www.irs.gov/pub/irs-prior/f990ez--1996.pdf
452,1995,f990-ez,https://www.irs.gov/pub/irs-prior/f990ez--1995.pdf
453,1994,f990-ez,https://www.irs.gov/pub/irs-prior/f990ez--1994.pdf
454,1993,f990-ez,https://www.irs.gov/pub/irs-prior/f990ez--1993.pdf
455,1992,f990-ez,https://www.irs.gov/pub/irs-prior/f990ez--1992.pdf
456,1991,f990-ez,https://www.irs.gov/pub/irs-prior/f990ez--1991.pdf
457,1990,f990-ez,https://www.irs.gov/pub/irs-prior/f990ez--1990.pdf
458,2005,f990-c,https://www.irs.gov/pub/irs-prior/f990c--2005.pdf
459,2004,f990-c,https://www.irs.gov/pub/irs-prior/f990c--2004.pdf
460,2003,f990-c,https://www.irs.gov/pub/irs-prior/f990c--2003.pdf
461,2002,f990-c,https://www.irs.gov/pub/irs-prior/f990c--2002.pdf
462,2001,f990-c,https://www.irs.gov/pub/irs-prior/f990c--2001.pdf
463,2000,f990-c,https://www.irs.gov/pub/irs-prior/f990c--2000.pdf
464,1999,f990-c,https://www.irs.gov/pub/irs-prior/f990c--1999.pdf
465,1998,f990-c,https://www.irs.gov/pub/irs-prior/f990c--1998.pdf
466,1997,f990-c,https://www.irs.gov/pub/irs-prior/f990c--1997.pdf
467,1996,f990-c,https://www.irs.gov/pub/irs-prior/f990c--1996.pdf
468,1995,f990-c,https://www.irs.gov/pub/irs-prior/f990c--1995.pdf
469,1994,f990-c,https://www.irs.gov/pub/irs-prior/f990c--1994.pdf
470,1993,f990-c,https://www.irs.gov/pub/irs-prior/f990c--1993.pdf
471,1992,f990-c,https://www.irs.gov/pub/irs-prior/f990c--1992.pdf
472,1991,f990-c,https://www.irs.gov/pub/irs-prior/f990c--1991.pdf
473,1990,f990-c,https://www.irs.gov/pub/irs-prior/f990c--1990.pdf
474,2013,f990-bl,https://www.irs.gov/pub/irs-prior/f990bl--2013.pdf
475,2011,f990-bl,https://www.irs.gov/pub/irs-prior/f990bl--2011.pdf
476,2008,f990-bl,https://www.irs.gov/pub/irs-prior/f990bl--2008.pdf
477,2005,f990-bl,https://www.irs.gov/pub/irs-prior/f990bl--2005.pdf
478,2002,f990-bl,https://www.irs.gov/pub/irs-prior/f990bl--2002.pdf
479,1999,f990-bl,https://www.irs.gov/pub/irs-prior/f990bl--1999.pdf
480,1997,f990-bl,https://www.irs.gov/pub/irs-prior/f990bl--1997.pdf
481,1994,f990-bl,https://www.irs.gov/pub/irs-prior/f990bl--1994.pdf
482,1991,f990-bl,https://www.irs.gov/pub/irs-prior/f990bl--1991.pdf
483,1988,f990-bl,https://www.irs.gov/pub/irs-prior/f990bl--1988.pdf
484,1985,f990-bl,https://www.irs.gov/pub/irs-prior/f990bl--1985.pdf
485,1982,f990-bl,https://www.irs.gov/pub/irs-prior/f990bl--1982.pdf
486,1981,f990-bl,https://www.irs.gov/pub/irs-prior/f990bl--1981.pdf
487,1979,f990-bl,https://www.irs.gov/pub/irs-prior/f990bl--1979.pdf
488,1978,f990-bl,https://www.irs.gov/pub/irs-prior/f990bl--1978.pdf
489,1969,f990-a-sf,https://www.irs.gov/pub/irs-prior/f990asf--1969.pdf
490,1968,f990-a-sf,https://www.irs.gov/pub/irs-prior/f990asf--1968.pdf
491,1980,f990-ar,https://www.irs.gov/pub/irs-prior/f990ar--1980.pdf
492,1979,f990-ar,https://www.irs.gov/pub/irs-prior/f990ar--1979.pdf
493,1978,f990-ar,https://www.irs.gov/pub/irs-prior/f990ar--1978.pdf
494,1977,f990-ar,https://www.irs.gov/pub/irs-prior/f990ar--1977.pdf
495,1976,f990-ar,https://www.irs.gov/pub/irs-prior/f990ar--1976.pdf
496,1975,f990-ar,https://www.irs.gov/pub/irs-prior/f990ar--1975.pdf
497,1974,f990-ar,https://www.irs.gov/pub/irs-prior/f990ar--1974.pdf
498,1973,f990-ar,https://www.irs.gov/pub/irs-prior/f990ar--1973.pdf
499,1972,f990-ar,https://www.irs.gov/pub/irs-prior/f990ar--1972.pdf
500,1971,f990-ar,https://www.irs.gov/pub/irs-prior/f990ar--1971.pdf
501,1970,f990-ar,https://www.irs.gov/pub/irs-prior/f990ar--1970.pdf
502,2005,f990-schedule-b,https://www.irs.gov/pub/irs-prior/f990-ezb--2005.pdf
503,2022,f990,https://www.irs.gov/pub/irs-prior/f990--2022.pdf
504,2021,f990,https://www.irs.gov/pub/irs-prior/f990--2021.pdf
505,2020,f990,https://www.irs.gov/pub/irs-prior/f990--2020.pdf
506,2019,f990,https://www.irs.gov/pub/irs-prior/f990--2019.pdf
507,2018,f990,https://www.irs.gov/pub/irs-prior/f990--2018.pdf
508,2017,f990,https://www.irs.gov/pub/irs-prior/f990--2017.pdf
509,2016,f990,https://www.irs.gov/pub/irs-prior/f990--2016.pdf
510,2015,f990,https://www.irs.gov/pub/irs-prior/f990--2015.pdf
511,2014,f990,https://www.irs.gov/pub/irs-prior/f990--2014.pdf
512,2013,f990,https://www.irs.gov/pub/irs-prior/f990--2013.pdf
513,2012,f990,https://www.irs.gov/pub/irs-prior/f990--2012.pdf
514,2011,f990,https://www.irs.gov/pub/irs-prior/f990--2011.pdf
515,2010,f990,https://www.irs.gov/pub/irs-prior/f990--2010.pdf
516,2009,f990,https://www.irs.gov/pub/irs-prior/f990--2009.pdf
517,2008,f990,https://www.irs.gov/pub/irs-prior/f990--2008.pdf
518,2007,f990,https://www.irs.gov/pub/irs-prior/f990--2007.pdf
519,2006,f990,https://www.irs.gov/pub/irs-prior/f990--2006.pdf
520,2005,f990,https://www.irs.gov/pub/irs-prior/f990--2005.pdf
521,2004,f990,https://www.irs.gov/pub/irs-prior/f990--2004.pdf
522,2003,f990,https://www.irs.gov/pub/irs-prior/f990--2003.pdf
523,2002,f990,https://www.irs.gov/pub/irs-prior/f990--2002.pdf
524,2001,f990,https://www.irs.gov/pub/irs-prior/f990--2001.pdf
525,2000,f990,https://www.irs.gov/pub/irs-prior/f990--2000.pdf
526,1999,f990,https://www.irs.gov/pub/irs-prior/f990--1999.pdf
527,1998,f990,https://www.irs.gov/pub/irs-prior/f990--1998.pdf
528,1997,f990,https://www.irs.gov/pub/irs-prior/f990--1997.pdf
529,1996,f990,https://www.irs.gov/pub/irs-prior/f990--1996.pdf
530,1995,f990,https://www.irs.gov/pub/irs-prior/f990--1995.pdf
531,1994,f990,https://www.irs.gov/pub/irs-prior/f990--1994.pdf
532,1993,f990,https://www.irs.gov/pub/irs-prior/f990--1993.pdf
533,1992,f990,https://www.irs.gov/pub/irs-prior/f990--1992.pdf
534,1991,f990,https://www.irs.gov/pub/irs-prior/f990--1991.pdf
535,1990,f990,https://www.irs.gov/pub/irs-prior/f990--1990.pdf
