xpath,variable_name_old,variable_name_new,nch,description,location_code_xsd,location_code_family,location_code,form,form_type,form_part,form_line_number,variable_scope,data_type_xsd,data_type_simple,rdb_relationship,rdb_table,required,versions,latest_version,duplicated,current_version,production_rule,validated,Notes
/Return/ReturnData/IRS990EZ/CompensationOfHighestPaidEmpl/ExpenseAccount,F9_06_EZ_COHIPAEMEXAC,,0,Expense Account,[CompensationOfHighestPaidEmpl] Part VI Line 50; [ExpenseAccount] Part VI Line 50 Column (e),,F990-EZ-PART-06-LINE-50,F990,EZ,PART-06,Line 50; Line 50 Column (e),EZ,USAmountNNType,,,,,2009v1.0;2009v1.1;2009v1.2;2009v1.3;2009v1.4;2009v1.7;2010v3.2;2010v3.4;2010v3.6;2010v3.7;2011v1.2;2011v1.3;2011v1.4;2011v1.5;2012v2.0;2012v2.1;2012v2.2;2012v2.3;2012v3.0,2012,F,T,,,
/Return/ReturnData/IRS990EZ/GrossReceiptsLessThan25000,F9_00_EZ_GROSSRECLESS25000,,0,"Indicates gross receipts less than $25,000 ",[GrossReceiptsLessThan25000] K,,F990-EZ-PART-00-SECTION-K,F990,EZ,PART-00,Section K,EZ,CheckboxType,,,,FALSE,2009v1.0;2009v1.1;2009v1.2;2009v1.3;2009v1.4;2009v1.7;2010v3.2;2010v3.4;2010v3.6;2010v3.7;2011v1.2;2011v1.3;2011v1.4;2011v1.5;2012v2.0;2012v2.1;2012v2.2;2012v2.3;2012v3.0,2012,F,T,,,"$25,000?"
/Return/ReturnHeader/Preparer/SSN,F9_00_HD_PREPARESSN,,0,Paid Preparer SSN,,,F990-PC-PART-02,F990,PC,PART-02,Part 02,SG,SSNType,,,,FALSE,2009v1.0;2009v1.1;2009v1.2;2009v1.3;2009v1.4;2009v1.7;2010v3.2;2010v3.4;2010v3.6;2010v3.7;2011v1.2;2011v1.3;2011v1.4;2011v1.5;2012v2.0;2012v2.1;2012v2.2;2012v2.3;2012v3.0,2012,F,T,,,SSN
/Return/ReturnHeader/Preparer/SSN,F9_00_HD_PREPARESSN,,0,Paid Preparer SSN,,,F990-PC-PART-02,F990 ,PC,PART-02,Part 02,SG,SSNType,,,,FALSE,2009v1.0;2009v1.1;2009v1.2;2009v1.3;2009v1.4;2009v1.7;2010v3.2;2010v3.4;2010v3.6;2010v3.7;2011v1.2;2011v1.3;2011v1.4;2011v1.5;2012v2.0;2012v2.1;2012v2.2;2012v2.3;2012v3.0,2012,F,T,,,SSN
/Return/ReturnData/IRS990/OtherExplainInSchO,F9_11_PC_CHANGESNETASST,,0,Other changes net assets,[OtherExplainInSchO] Part VI Section C Line 18,,F990-PC-PART-11-LINE-09,F990,PC,PART-11,Line 18,PC,,,,,,2012v2.0;2012v2.1;2012v2.2;2012v2.3;2012v3.0,2012,F,T,,,
/Return/ReturnData/IRS990EZ/OfficerDirectorTrusteeKeyEmpl/ExpenseAccountOtherAllowances,F9_04_EZ_OFDIR1E,,0,Expense account and other allowances,[OfficerDirectorTrusteeKeyEmpl] Part IV; [ExpenseAccountOtherAllowances] Part IV - Column (e),,F990-EZ-PART-04-LINE-1-COL-E,F990,EZ,PART-04,Column (e),EZ,USAmountNNType,,,,FALSE,2012v2.0;2012v2.1;2012v2.2;2012v2.3;2012v3.0,2012,T,T,,,
/Return/ReturnData/IRS990EZ/CompensationHighestPaidEmplGrp/ExpenseAccountAmt,F9_06_EZ_COHIPAEMEXAC,,0,Expense Account,[CompensationHighestPaidEmplGrp] Part VI Line 50; [ExpenseAccountAmt] Part VI Line 50 Column (e),,F990-EZ-PART-06-LINE-50,F990,EZ,PART-06,Line 50; Line 50 Column (e),EZ,USAmountNNType,,,,,2013v3.0;2013v3.1;2013v4.0;2014v5.0;2014v6.0;2015v2.0;2015v2.1;2015v3.0;2016v3.0,2016,F,T,,,
/Return/ReturnData/IRS990EZ/OfficerDirectorTrusteeEmplGrp/ExpenseAccountOtherAllwncAmt,F9_04_EZ_OFDIR1E,,0,Expense account and other allowances,[OfficerDirectorTrusteeEmplGrp] Part IV; [ExpenseAccountOtherAllwncAmt] Part IV - Column (e),,F990-EZ-PART-04-COL-E,F990,EZ,PART-07,Column (e),PZ,USAmountNNType,,,,FALSE,2013v3.0;2013v3.1;2013v4.0;2014v5.0;2014v6.0;2015v2.0;2015v2.1;2015v3.0;2016v3.0,2016,F,T,,,
/Return/ReturnData/IRS990EZ/OfficerDirectorTrusteeEmplGrp/ExpenseAccountOtherAllwncAmt,F9_04_EZ_OFDIR1E,,0,Expense account and other allowances,[OfficerDirectorTrusteeEmplGrp] Part IV; [ExpenseAccountOtherAllwncAmt] Part IV - Column (e),,F990-EZ-PART-04-LINE-1-COL-E,F990,EZ,PART-04,Column (e),EZ,USAmountNNType,,,,FALSE,2013v3.0;2013v3.1;2013v4.0;2014v5.0;2014v6.0;2015v2.0;2015v2.1;2015v3.0;2016v3.0,2016,F,T,,,
/Return/ReturnHeader/PreparerPersonGrp/SSN,F9_00_HD_PREPARESSN,,0,Paid Preparer SSN,,,F990-PC-PART-02,F990,PC,PART-02,Part 02,SG,SSNType,,,,FALSE,2013v3.0;2013v3.1;2013v4.0;2014v5.0;2014v6.0;2015v2.0;2015v2.1;2015v3.0;2016v3.0,2016,F,T,,,SSN
/Return/ReturnHeader/PreparerPersonGrp/SSN,F9_00_HD_PREPARESSN,,0,Paid Preparer SSN,,,F990-PC-PART-02,F990 ,PC,PART-02,Part 02,SG,SSNType,,,,FALSE,2013v3.0;2013v3.1;2013v4.0;2014v5.0;2014v6.0;2015v2.0;2015v2.1;2015v3.0;2016v3.0,2016,F,T,,,SSN
/Return/ReturnData/IRS990EZ/ChgMadeToOrgnzngDocNotRptInd,,,0,,,F990-PC-PART-06-SECTION-A-LINE-04,F990-EZ-PART-05-LINE-34,F990,EZ,PART-05,Line 34,PZ,,,,,,2014v6.0,,,,,,
/Return/ReturnData/AffiliatedGroupSchedule/AffiliatedSchedule/TotalExemptPurposeRevenues,F9_03_EZ_TOTREV,,0,Total revenue for the current fiscal year,,,F990-PC-PART-03-SECTION-A-LINE-09B,F990-PC,,PART-03,,EZ,,,,,TRUE,,,,,,,
/Return/ReturnData/AffiliatedGroupSchedule/AffiliatedSchedule/TotalRev,F9_03_EZ_TOTREV,,0,Total revenue for the current fiscal year,,,F990-PC-PART-03-SECTION-A-LINE-09B,F990-PC,,PART-03,,EZ,,,,,TRUE,,,,,,,
/Return/ReturnData/AffiliatedGroupSchedule/AffiliatedSchedule/TotalRevenues,F9_03_EZ_TOTREV,,0,Total revenue for the current fiscal year,,,F990-EZ-PART-03-LINE-09B,F990,EZ,PART-03,,EZ,,,,,FALSE,,,,,,,
/Return/ReturnData/IRS990/AccountsReceivable,F9_04_PC_ACCOUNRECEIV,,0,Accounts receivable,,,F990-PC-PART-04-LINE-47a,F990,PC,PART-04,,PC,,,,,,,,,,,,
/Return/ReturnData/IRS990/AccountsReceivableNet/BOY,F9_04_PC_ACRENEBOOYY,,0,Beginnning of year,,,F990-PC-PART-04,F990,PC,PART-04,,PC,USAmountNNType,,,,,,,,,,,
/Return/ReturnData/IRS990/AccountsReceivableNet/EOY,F9_04_PC_ACRENEEOOYY,,0,Ending of year,,,F990-PC-PART-04,F990,PC,PART-04,,PC,USAmountType,,,,,,,,,,,
/Return/ReturnData/IRS990/ActivitiesNotPreviouslyRpt,F9_06_PZ_ACTNOTPRERPT,,0,Did the organization engage in any activity not previously reported to the IRS?,,,F990-PC-PART-06-LINE-76,F990,,PART-06,,PZ,BooleanType,,,,,,,,,,,
/Return/ReturnData/IRS990/AggregateAmountOfJointCosts,F9_02_PC_AGGAMOJOICOS,,,Aggregate amount of joint costs,,,F990-PC-PART-02,F990,PC,PART-02,,,USAmountNNType,,,,,,,,,,,
/Return/ReturnData/IRS990/AggregateNondeductibleAmount,F9_06_PC_AGGRNONDAMOU,,0,501(c)(4); (5); or (6) organizations: Aggregate nondeductible amount of section 6033(e)(1)(A) dues notices,,,F990-PC-PART-06-LINE-85e,F990,,PART-06,,PC,USAmountNNType,,,,,,,,,,,
/Return/ReturnData/IRS990/AmountAllocatedToFundraising,F9_02_PC_AMOALLTOFFUN,,,Amount allocated to fundraising,,,F990-PC-PART-02,F990,PC,PART-02,,,USAmountNNType,,,,,,,,,,,
/Return/ReturnData/IRS990/AmountAllocatedToManagementGen,F9_02_PC_AMALTOMAGEEN,,,Amount allocated to management and general,,,F990-PC-PART-02,F990,PC,PART-02,,,USAmountNNType,,,,,,,,,,,
/Return/ReturnData/IRS990/AmountAllocatedToProgramSrvc,F9_02_PC_AMALTOPRSRRV,,,Amount allocated to program services,,,F990-PC-PART-02,F990,PC,PART-02,,,USAmountNNType,,,,,,,,,,,
/Return/ReturnData/IRS990/AmountOfTaxImposedOnOrgMgr,F9_06_PZ_AMTAIMONORMG,,0,Amount of tax imposed on the organization managers etc during the year under sections 4912; 4955; and 4958,,,F990-PC-PART-06-LINE-89c,F990,,PART-06,,PZ,USAmountNNType,,,,,,,,,,,
/Return/ReturnData/IRS990/AmountOfTaxReimbursedByOrg,F9_06_PZ_AMTAREBYORRG,,0,Amount of tax on line 89c; above; reimbursed by the organization,,,F990-PC-PART-06-LINE-89d,F990,,PART-06,,PZ,USAmountNNType,,,,,,,,,,,
/Return/ReturnData/IRS990/ApplicableInsuranceContract,F9_06_PC_APPLINSUCONT,,0,Did the organization acquire a direct or indirect interest in any applicable insurance contract?,,,F990-PC-PART-06-LINE-89f,F990,,PART-06,,PC,BooleanType,,,,,,,,,,,
/Return/ReturnData/IRS990/ArAllowanceDoubtfulAccounts,F9_04_PC_ARAALLDOUACC,,0,Less: allowance for doubtful accounts,,,F990-PC-PART-04-LINE-47b,F990,PC,PART-04,,PC,USAmountNNType,,,,,,,,,,,
/Return/ReturnData/IRS990/AreAnyRelated,F9_05_PC_AREAANYRRELA,,,Are any key employees or contractors (from Schedule A Part I; II-A; or II-B) related?,,,F990-PC-PART-05-LINE-75b,F990,PC,PART-05,,PC,BooleanType,,,,,,,,,,,
/Return/ReturnData/IRS990/AreGrossReceiptsLessThanLimit,F9_00_PC_ARGRRELETHLI,,0,"Indicates gross receipts less than $25,000",,,F990-PC-PART-00,F990,PC,PART-00,Line 0,PC,,,,,,,,,,,,
/Return/ReturnData/IRS990/BindingWrittenAgreement,F9_11_PC_BINDWRITAGRE,,0,Did the Organization Have a Binding Written Contract in effect covering the interest; rents; royalties and annuities described in the previous line?,,,F990-PC-PART-11-LINE-108,F990,PC,PART-11,,PC,BooleanType,,,,,,,,,,,
/Return/ReturnData/IRS990/CapitalStockTrustPrincipalEtc/BOY,F9_04_PC_CSTPEBOY,,0,Beginnning of year,,,F990-PC-PART-04,F990,PC,PART-04,,PC,USAmountNNType,,,,,,,,,,,
/Return/ReturnData/IRS990/CapitalStockTrustPrincipalEtc/EOY,F9_04_PC_CSTPEEOY,,0,Ending of year,,,F990-PC-PART-04,F990,PC,PART-04,,PC,USAmountType,,,,,,,,,,,
/Return/ReturnData/IRS990/CompensationFromRelatedOrg,F9_05_PC_COMFRORELORG,,,Compensation from related organizations?,,,F990-PC-PART-05-LINE-75,F990,PC,PART-05,,PC,BooleanType,,,,,,,,,,,
/Return/ReturnData/IRS990/CompensationOfficersDirectors/Fundraising,F9_02_PC_COMOFFDIRFUN,,,Compensation Officers Directors - Fundraising,,,F990-PC-PART-00,F990,PC,PART-02,,,,,,,,,,,,,,
/Return/ReturnData/IRS990/CompensationOfficersDirectors/ManagementAndGeneral,F9_02_PC_COOFDIMAANGE,,,Management and general,,,F990-PC-PART-00,F990,PC,PART-02,,,,,,,,,,,,,,
/Return/ReturnData/IRS990/CompensationOfficersDirectors/ProgramServices,F9_02_PC_COOFDIPRSEER,,,Program services,,,F990-PC-PART-00,F990,PC,PART-02,,,,,,,,,,,,,,
/Return/ReturnData/IRS990/CompensationOfficersDirectors/Total,F9_02_PC_COMOFFDIRTOT,,,Compensation Officers Directors - Total,,,F990-PC-PART-00,F990,PC,PART-02,,,,,,,,,,,,,,
/Return/ReturnData/IRS990/CompFormerOfficersDirectors/Fundraising,F9_02_PC_COFOOFDIFUUN,,,Comp Former Officers Directors - Fundraising,,,F990-PC-PART-02,F990,PC,PART-02,,,USAmountNNType,,,,,,,,,,,
/Return/ReturnData/IRS990/CompFormerOfficersDirectors/ManagementAndGeneral,F9_02_PC_CFODMAGENERA,,,Management and general,,,F990-PC-PART-02,F990,PC,PART-02,,,USAmountNNType,,,,,,,,,,,
/Return/ReturnData/IRS990/CompFormerOfficersDirectors/ProgramServices,F9_02_PC_COFOOFDIPRSE,,,Program services,,,F990-PC-PART-02,F990,PC,PART-02,,,USAmountNNType,,,,,,,,,,,
/Return/ReturnData/IRS990/CompFormerOfficersDirectors/Total,F9_02_PC_COFOOFDITOOT,,,Comp Former Officers Directors - Total,,,F990-PC-PART-02,F990,PC,PART-02,,,USAmountNNType,,,,,,,,,,,
/Return/ReturnData/IRS990/DidOrgFileForm1120POLThisYear,F9_06_PZ_DOFFPOLTYEAR,,0,Did the organization file Form 1120-POL for this year?,,,F990-PC-PART-06-LINE-81b,F990,,PART-06,,PZ,BooleanType,,,,,,,,,,,
/Return/ReturnData/IRS990/DirectIndirectPoliticalExpend,F9_06_PZ_DIREPOLIEXPE,,0,Direct or indirect political expenditures.,,,F990-PC-PART-06-LINE-81a,F990,,PART-06,,PZ,USAmountNNType,,,,,,,,,,,
/Return/ReturnData/IRS990/DirectPublicSupport,F9_01_PC_DIREPUBLSUPP,,0,Contributions; gifts; grants; and similar amounts received: Direct public support,,,F990-PC-PART-01-LINE-1a,F990,PC,,,PC,USAmountNNType,,,,,,,,,,,
/Return/ReturnData/IRS990/DividendsAndIntFromSecPartVII/BusinessCode,F9_07_PC_DIFSPBCODE,,0,Dividends And Int From Sec Part VII - Business code,,,F990-PC-PART-07,F990,PC,,,,,numeric,,,,,,,,,,
/Return/ReturnData/IRS990/DividendsAndIntFromSecPartVII/ExclusionAmount,F9_07_PC_DIFSPEAMOUNT,,0,Excluded by section 512; 513; or 514: Amount,,,F990-PC-PART-07,F990,PC,,,,USAmountNNType,,,,,,,,,,,
/Return/ReturnData/IRS990/DividendsAndIntFromSecPartVII/ExclusionCode,F9_07_PC_DIFSPECODE,,0,Exclusion code (01 through 41),,,F990-PC-PART-07,F990,PC,,,,IntegerType,,,,,,,,,,,
/Return/ReturnData/IRS990/DividendsAndIntFromSecPartVII/RelatedOrExemptFunctionIncome,F9_07_PC_DIFSPROEFINC,,0,Related or exempt function income,,,F990-PC-PART-07,F990,PC,,,,,,,,,,,,,,,
/Return/ReturnData/IRS990/DividendsAndIntFromSecPartVII/UnrelatedBusinessIncomeAmount,F9_07_PC_DIFSPUBIAMOU,,0,Dividends And Int From Sec Part VII - Amount,,,F990-PC-PART-07,F990,PC,,,,,,,,,,,,,,,
/Return/ReturnData/IRS990/DividendsAndIntFromSecurities,F9_01_PC_DIVINTFROSEC,,0,Dividends and interest from securities,,,F990-PC-PART-01-LINE-5,F990,PC,,,PC,USAmountNNType,,,,,,,,,,,
/Return/ReturnData/IRS990/DonatedServicesUseOfFacilities,F9_04_PC_DONSERUSEFAC,,0,Donated Services and Use of Facilities,,,F990-PC-PART-04-LINE-b,F990,PC,PART-04,,PC,USAmountType,,,,,,,,,,,
/Return/ReturnData/IRS990/DonatedSrvcAndUseOfFacilities,F9_04_PC_DONSRVUSEFAC,,0,Donated services and use of facilities,,,F990-PC-PART-04-LINE-b,F990,PC,PART-04,,PC,USAmountType,,,,,,,,,,,
/Return/ReturnData/IRS990/DonorAdvisedContributions,F9_01_PC_DONOADVICONT,,0,Contributions; gifts; grants; and similar amounts received: Donor advised funds,,,F990-PC-PART-01-LINE-1a,F990,PC,,,PC,USAmountNNType,,,,,,,,,,,
/Return/ReturnData/IRS990/DuesAssessmentsEtc,F9_06_PC_DUESASSEETCT,,0,501(c)(4); (5); or (6) organizations: Dues; assessments; and similar amounts from members,,,F990-PC-PART-06-LINE-85c,F990,,PART-06,,PC,USAmountNNType,,,,,,,,,,,
/Return/ReturnData/IRS990/DuesNondeductibleByMembers,F9_06_PC_DUENONBYMMEM,,0,501(c)(4); (5); or (6) organizations: Were substantially All dues nondeductible by members?,,,F990-PC-PART-06-LINE-85a,F990,,PART-06,,PC,BooleanType,,,,,,,,,,,
/Return/ReturnData/IRS990/EquipmentRentalAndMaintenance/Fundraising,F9_02_PC_EQURENMAIFUN,,,Equipment Rental And Maintenance - Fundraising,,,F990-PC-PART-02,F990,PC,PART-02,,,USAmountNNType,,,,,,,,,,,
/Return/ReturnData/IRS990/EquipmentRentalAndMaintenance/ManagementAndGeneral,F9_02_PC_EQREMAMAGEEN,,,Management and general,,,F990-PC-PART-02,F990,PC,PART-02,,,USAmountNNType,,,,,,,,,,,
/Return/ReturnData/IRS990/EquipmentRentalAndMaintenance/ProgramServices,F9_02_PC_EQREMAPRSEER,,,Program services,,,F990-PC-PART-02,F990,PC,PART-02,,,USAmountNNType,,,,,,,,,,,
/Return/ReturnData/IRS990/EquipmentRentalAndMaintenance/Total,F9_02_PC_EQURENMAITOT,,,Equipment Rental And Maintenance - Total,,,F990-PC-PART-02,F990,PC,PART-02,,,USAmountNNType,,,,,,,,,,,
/Return/ReturnData/IRS990/ExcessOrDeficitForYear,F9_01_PC_TOTEXPSCY,,0,Excess or deficit,,,F990-PC-PART-01-LINE-18,F990,PC,,,PC,USAmountType,,,,FALSE,,,,,,,
/Return/ReturnData/IRS990/FeesContractsFromGovtAgencies/BusinessCode,F9_07_PC_FCFGABCODE,,0,Fees Contracts From Govt Agencies - Business code,,,F990-PC-PART-07,F990,PC,,,,,,,,,,,,,,,
/Return/ReturnData/IRS990/FeesContractsFromGovtAgencies/ExclusionAmount,F9_07_PC_FCFGAEAMOUNT,,0,Excluded by section 512; 513; or 514: Amount,,,F990-PC-PART-07,F990,PC,,,,,,,,,,,,,,,
/Return/ReturnData/IRS990/FeesContractsFromGovtAgencies/ExclusionCode,F9_07_PC_FCFGAECODE,,0,Exclusion code (01 through 41),,,F990-PC-PART-07,F990,PC,,,,,,,,,,,,,,,
/Return/ReturnData/IRS990/FeesContractsFromGovtAgencies/RelatedOrExemptFunctionIncome,F9_07_PC_FCFGAROEFINC,,0,Related or exempt function income,,,F990-PC-PART-07,F990,PC,,,,USAmountNNType,,,,,,,,,,,
/Return/ReturnData/IRS990/FeesContractsFromGovtAgencies/UnrelatedBusinessIncomeAmount,F9_07_PC_FCFGAUBIAMOU,,0,Fees Contracts From Govt Agencies - Amount,,,F990-PC-PART-07,F990,PC,,,,,,,,,,,,,,,
/Return/ReturnData/IRS990/ForeignFinancialAccountCountry,F9_06_PZ_FORFINACCCOU,,0,Name of foreign country,,,F990-PC-PART-06-LINE-91b,F990,,PART-06,,PZ,,,,,,,,,,,,
/Return/ReturnData/IRS990/ForeignOfficeCountry,F9_06_PZ_FOREOFFICOUN,,0,Name of foreign country,,,F990-PC-PART-06-LINE-91c,F990,,PART-06,,PZ,,,,,,,,,,,,
/Return/ReturnData/IRS990/Form990PartV/NumberFormsTransmittedWith1096,F9_05_PC_NUMFORTRAWIT6,,,Number forms transmitted with 1096,,,F990-PC-PART-05-LINE-1a,F990,PC,PART-05,,,,,,,,,,,,,,
/Return/ReturnData/IRS990/Form990PartVIII/MembershipDues,F9_08_PC_MEMBERDUESUE,,0,Outside fundraising or commercial co-ventures,,,F990-PC-PART-08-LINE-01B,F990,PC,,,,,,,,,,,,,,,
/Return/ReturnData/IRS990/FrmrOfcrDirTrstOrKeyEmployee/AddressForeign/AddressLine1,F9_07_PC_FODTKEAFALIN1,,0,Address Foreign - AddressLine1,,,F990-PC-PART-07-SECTION-A-COL-A,F990,PC,PART-07,Section A Column (a),PC,,,,,,,,,,,,
/Return/ReturnData/IRS990/FrmrOfcrDirTrstOrKeyEmployee/AddressForeign/AddressLine2,F9_07_PC_FODTKEAFALIN2,,0,Address Foreign - AddressLine2,,,F990-PC-PART-07-SECTION-A-COL-A,F990,PC,PART-07,Section A Column (a),PC,,,,,,,,,,,,
/Return/ReturnData/IRS990/FrmrOfcrDirTrstOrKeyEmployee/AddressForeign/City,F9_07_PC_FODTKEAFCITY,,0,Address Foreign - City,,,F990-PC-PART-07-SECTION-A-COL-A,F990,PC,PART-07,Section A Column (a),PC,,,,,,,,,,,,
/Return/ReturnData/IRS990/FrmrOfcrDirTrstOrKeyEmployee/AddressForeign/Country,F9_07_PC_FODTKEAFCOUN,,0,Address Foreign - Country,,,F990-PC-PART-07-SECTION-A-COL-A,F990,PC,PART-07,Section A Column (a),PC,,,,,,,,,,,,
/Return/ReturnData/IRS990/FrmrOfcrDirTrstOrKeyEmployee/AddressForeign/PostalCode,F9_07_PC_FODTKEAFPCOD,,0,Address Foreign - Postal code,,,F990-PC-PART-07-SECTION-A-COL-A,F990,PC,PART-07,Section A Column (a),PC,,,,,,,,,,,,
/Return/ReturnData/IRS990/FrmrOfcrDirTrstOrKeyEmployee/AddressForeign/ProvinceOrState,F9_07_PC_FODTKEAFPSTA,,0,Province or state,,,F990-PC-PART-07-SECTION-A-COL-A,F990,PC,PART-07,Section A Column (a),PC,,,,,,,,,,,,
/Return/ReturnData/IRS990/FrmrOfcrDirTrstOrKeyEmployee/AddressUS/AddressLine1,F9_07_PC_FODTKEAALINE1,,0,Address US - AddressLine1,,,F990-PC-PART-07-SECTION-A-COL-A,F990,PC,PART-07,Section A Column (a),PC,,,,,,,,,,,,
/Return/ReturnData/IRS990/FrmrOfcrDirTrstOrKeyEmployee/AddressUS/AddressLine2,F9_07_PC_FODTKEAALINE2,,0,Address US - AddressLine2,,,F990-PC-PART-07-SECTION-A-COL-A,F990,PC,PART-07,Section A Column (a),PC,,,,,,,,,,,,
/Return/ReturnData/IRS990/FrmrOfcrDirTrstOrKeyEmployee/AddressUS/City,F9_07_PC_FODTKEACITY,,0,Address US - City,,,F990-PC-PART-07-SECTION-A-COL-A,F990,PC,PART-07,Section A Column (a),PC,,,,,,,,,,,,
/Return/ReturnData/IRS990/FrmrOfcrDirTrstOrKeyEmployee/AddressUS/State,F9_07_PC_FODTKEASTATE,,0,Address US - State,,,F990-PC-PART-07-SECTION-A-COL-A,F990,PC,PART-07,Section A Column (a),PC,,,,,,,,,,,,
/Return/ReturnData/IRS990/FrmrOfcrDirTrstOrKeyEmployee/AddressUS/ZIPCode,F9_07_PC_FODTKEAZIPCO,,0,Address US - ZIPCode,,,F990-PC-PART-07-SECTION-A-COL-A,F990,PC,PART-07,Section A Column (a),PC,,,,,,,,,,,,
/Return/ReturnData/IRS990/FrmrOfcrDirTrstOrKeyEmployee/Compensation,F9_05_PC_FODTKECOMPEN,,,Frmr Ofcr Dir Trst Or Key Employee - Compensation,,,F990-PC-PART-05,F990,PC,PART-05,,PC,,,,,,,,,,,,
/Return/ReturnData/IRS990/FrmrOfcrDirTrstOrKeyEmployee/ContriToEmplBenefitPlansEtc,F9_05_PC_FODTKECTEBPE,,,Contributions to employee benefit plans and deferred compensation plans,,,F990-PC-PART-05,F990,PC,PART-05,,PC,,,,,,,,,,,,
/Return/ReturnData/IRS990/FrmrOfcrDirTrstOrKeyEmployee/ExpenseAccountOtherAllowances,F9_05_PC_FODTKEEAOALL,,,Expense account and other allowances,,,F990-PC-PART-05,F990,PC,PART-05,,PC,,,,,,,,,,,,
/Return/ReturnData/IRS990/FrmrOfcrDirTrstOrKeyEmployee/LoansAndAdvances,F9_05_PC_FODTKELAADVA,,,Loans and Advances,,,F990-PC-PART-05,F990,PC,PART-05,,PC,,,,,,,,,,,,
/Return/ReturnData/IRS990/FrmrOfcrDirTrstOrKeyEmployee/PersonName,F9_05_PC_FODTKEPNAME,,,Frmr Ofcr Dir Trst Or Key Employee - Person Name,,,F990-PC-PART-05,F990,PC,PART-05,,PC,,,,,,,,,,,,
/Return/ReturnData/IRS990/FundraisingExpenses,F9_01_PC_FUNDRSGEXPS,,0,Fundraising expenses,,,F990-PC-PART-01-LINE-15,F990,PC,,,PC,USAmountNNType,,,,FALSE,,,,,,,PY or CY-unclear
/Return/ReturnData/IRS990/GainLoss/Other,F9_01_PC_GAINLOSSOTHE,,0,Gain Loss - Other,,,F990-PC-PART-01-LINE-8c,F990,PC,,,PC,USAmountType,,,,,,,,,,,
/Return/ReturnData/IRS990/GainLoss/Securities,F9_01_PC_GAINLOSSSECU,,0,Gain Loss - Securities,,,F990-PC-PART-01-LINE-8c,F990,PC,,,PC,USAmountType,,,,,,,,,,,
/Return/ReturnData/IRS990/GainSalesAssetsOthThanInvntry/BusinessCode,F9_07_PC_GSAOTIBCODE,,0,Gain Sales Assets Oth Than Invntry - Business code,,,F990-PC-PART-07,F990,PC,,,,,,,,,,,,,,,
/Return/ReturnData/IRS990/GainSalesAssetsOthThanInvntry/ExclusionAmount,F9_07_PC_GSAOTIEAMOUN,,0,Excluded by section 512; 513; or 514: Amount,,,F990-PC-PART-07,F990,PC,,,,USAmountType,,,,,,,,,,,
/Return/ReturnData/IRS990/GainSalesAssetsOthThanInvntry/ExclusionCode,F9_07_PC_GSAOTIECODE,,0,Exclusion code (01 through 41),,,F990-PC-PART-07,F990,PC,,,,IntegerType,,,,,,,,,,,
/Return/ReturnData/IRS990/GainSalesAssetsOthThanInvntry/RelatedOrExemptFunctionIncome,F9_07_PC_GSAOTIROEFIN,,0,Related or exempt function income,,,F990-PC-PART-07,F990,PC,,,,,,,,,,,,,,,
/Return/ReturnData/IRS990/GainSalesAssetsOthThanInvntry/UnrelatedBusinessIncomeAmount,F9_07_PC_GSAOTIUBIAMO,,0,Gain Sales Assets Oth Than Invntry - Amount,,,F990-PC-PART-07,F990,PC,,,,,,,,,,,,,,,
/Return/ReturnData/IRS990/GovernmentContributions,F9_01_PC_GOVERNCONTRI,,0,Contributions; gifts; grants; and similar amounts received: Government contributions,,,F990-PC-PART-01-LINE-1c,F990,PC,,,PC,USAmountNNType,,,,,,,,,,,
/Return/ReturnData/IRS990/GrantsAndAllocationsPaid/ProgramServices,F9_02_PC_GRALPAPRSEER,,,Program services,,,F990-PC-PART-02,F990,PC,PART-02,,,USAmountNNType,,,,,,,,,,,
/Return/ReturnData/IRS990/GrantsAndAllocationsPaid/Total,F9_02_PC_GRAALLPAITOT,,,Grants And Allocations Paid - Total ,,,F990-PC-PART-02,F990,PC,PART-02,,,USAmountNNType,,,,,,,,,,,
/Return/ReturnData/IRS990/GrantsPaidFromDonorFunds/ProgramServices,F9_02_PC_GPFDFPSERVIC,,,Program services,,,F990-PC-PART-02,F990,PC,PART-02,,,USAmountNNType,,,,,,,,,,,
/Return/ReturnData/IRS990/GrantsPaidFromDonorFunds/Total,F9_02_PC_GRPAFRDOFUTO,,,Grants Paid From Donor Funds - Total ,,,F990-PC-PART-02,F990,PC,PART-02,,,USAmountNNType,,,,,,,,,,,
/Return/ReturnData/IRS990/GrantsReceivable/BOY,F9_04_PC_GRREBOOYY,,0,Beginnning of year,,,F990-PC-PART-04,F990,PC,PART-04,,PC,USAmountNNType,,,,,,,,,,,
/Return/ReturnData/IRS990/GrantsReceivable/EOY,F9_04_PC_GRREEOOYY,,0,Ending of year,,,F990-PC-PART-04,F990,PC,PART-04,,PC,USAmountType,,,,,,,,,,,
/Return/ReturnData/IRS990/GroAmtSaleOfAssetsOthInventory/Other,F9_01_PC_GRSAASOTINOT,,0,Gro Amt Sale Of Assets Oth Inventory - Other,,,F990-PC-PART-01-LINE-8a,F990,PC,,,PC,USAmountNNType,,,,,,,,,,,
/Return/ReturnData/IRS990/GroAmtSaleOfAssetsOthInventory/Securities,F9_01_PC_GRSAASOTINSE,,0,Gro Amt Sale Of Assets Oth Inventory - Securities,,,F990-PC-PART-01-LINE-8a,F990,PC,,,PC,USAmountNNType,,,,,,,,,,,
/Return/ReturnData/IRS990/GroProfitLossSalesOfInventory,F9_01_PZ_GRPRLOSAINNV,,0,Gross profit (or loss) from sales of inventory,,,F990-PC-PART-01-LINE-10c,F990,PC,,,PZ,USAmountType,,,,,,,,,,,PY or CY-unclear
/Return/ReturnData/IRS990/GrossIncomeFromOtherSources,F9_06_PC_GRINFROTSOOU,,0,Gross income from other sources,,,F990-PC-PART-06-LINE-87b,F990,,PART-06,,PC,USAmountNNType,,,,,,,,,,,
/Return/ReturnData/IRS990/GrossProfitLossSalesOfInvntry/BusinessCode,F9_07_PC_GPLSIBCODE,,0,Gross Profit Loss Sales Of Invntry - Business code,,,F990-PC-PART-07,F990,PC,,,,,,,,,,,,,,,
/Return/ReturnData/IRS990/GrossProfitLossSalesOfInvntry/ExclusionAmount,F9_07_PC_GPLSIEAMOUNT,,0,Excluded by section 512; 513; or 514: Amount,,,F990-PC-PART-07,F990,PC,,,,USAmountType,,,,,,,,,,,
/Return/ReturnData/IRS990/GrossProfitLossSalesOfInvntry/ExclusionCode,F9_07_PC_GPLSIECODE,,0,Exclusion code (01 through 41),,,F990-PC-PART-07,F990,PC,,,,IntegerType,,,,,,,,,,,
/Return/ReturnData/IRS990/GrossProfitLossSalesOfInvntry/RelatedOrExemptFunctionIncome,F9_07_PC_GPLSIROEFINC,,0,Related or exempt function income,,,F990-PC-PART-07,F990,PC,,,,USAmountType,,,,,,,,,,,
/Return/ReturnData/IRS990/GrossProfitLossSalesOfInvntry/UnrelatedBusinessIncomeAmount,F9_07_PC_GPLSIUBIAMOU,,0,Gross Profit Loss Sales Of Invntry - Amount,,,F990-PC-PART-07,F990,PC,,,,USAmountType,,,,,,,,,,,
/Return/ReturnData/IRS990/GrossReceiptsForPublicUse,F9_06_PZ_GRREFOPUUSSE,,0,501(c)(7) orgs: Gross receipts; included on line 12; for public use of club facilities,,,F990-PC-PART-06-LINE-86b,F990,,PART-06,,PZ,USAmountNNType,,,,,,,,,,,
/Return/ReturnData/IRS990/GrossRents,F9_01_PC_GROSSRRENTSE,,0,IRS990 - Gross rents,,,F990-PC-PART-01-LINE-6a,F990,PC,,,PC,,,,,,,,,,,,
/Return/ReturnData/IRS990/IndirectPublicSupport,F9_01_PC_INDIPUBLSUPP,,0,Contributions; gifts; grants; and similar amounts received: Indirect public support,,,F990-PC-PART-01-LINE-1b,F990,PC,,,PC,USAmountNNType,,,,,,,,,,,
/Return/ReturnData/IRS990/InitiationFeesAndCapitalContri,F9_06_PZ_INIFEECAPCON,,0,501(c)(7) orgs: Initiation fees and capital contributions included on line 12,,,F990-PC-PART-06-LINE-86a,F990,,PART-06,,PZ,USAmountNNType,,,,,,,,,,,
/Return/ReturnData/IRS990/InterestControlledEntity,F9_06_PC_INTECONTENTI,,0,At any time during the year; did the organization; directly or indirectly own a controlled entity; etc?,,,F990-PC-PART-06-LINE-88b,F990,,PART-06,,PC,BooleanType,,,,,,,,,,,
/Return/ReturnData/IRS990/InterestOnSavingsTempCashInvst,F9_01_PC_INONSATECAIN,,0,Interest on savings and temporary cash investments,,,F990-PC-PART-01-LINE-4,F990,PC,,,PC,USAmountNNType,,,,,,,,,,,
/Return/ReturnData/IRS990/IntOnSavingsAndTempCashInvst/BusinessCode,F9_07_PC_IOSTCIBCODE,,0,Int On Savings And Temp Cash Invst - Business code,,,F990-PC-PART-07,F990,PC,,,,StringType,,,,,,,,,,,
/Return/ReturnData/IRS990/IntOnSavingsAndTempCashInvst/ExclusionAmount,F9_07_PC_IOSTCIEAMOUN,,0,Excluded by section 512; 513; or 514: Amount,,,F990-PC-PART-07,F990,PC,,,,USAmountNNType,,,,,,,,,,,
/Return/ReturnData/IRS990/IntOnSavingsAndTempCashInvst/ExclusionCode,F9_07_PC_IOSTCIECODE,,0,Exclusion code (01 through 41),,,F990-PC-PART-07,F990,PC,,,,IntegerType,,,,,,,,,,,
/Return/ReturnData/IRS990/IntOnSavingsAndTempCashInvst/RelatedOrExemptFunctionIncome,F9_07_PC_IOSTCIROEFIN,,0,Related or exempt function income,,,F990-PC-PART-07,F990,PC,,,,USAmountNNType,,,,,,,,,,,
/Return/ReturnData/IRS990/IntOnSavingsAndTempCashInvst/UnrelatedBusinessIncomeAmount,F9_07_PC_IOSTCIUBIAMO,,0,Int On Savings And Temp Cash Invst - Amount,,,F990-PC-PART-07,F990,PC,,,,USAmountNNType,,,,,,,,,,,
/Return/ReturnData/IRS990/InvestmentsOther/BOY,F9_04_PC_INOTBOOYY,,0,Beginnning of year,,,F990-PC-PART-04-LINE-56,F990,PC,PART-04,,PC,USAmountNNType,,,,,,,,,,,
/Return/ReturnData/IRS990/InvestmentsOther/EOY,F9_04_PC_INOTEOOYY,,0,Ending of year,,,F990-PC-PART-04-LINE-56,F990,PC,PART-04,,PC,USAmountNNType,,,,,,,,,,,
/Return/ReturnData/IRS990/InvestmentsOtherSecuritiesCost,F9_04_PC_INVOTHSECCOS,,0,Investments publicly traded securities: Cost checkbox,,,F990-PC-PART-04-LINE-54b,F990,PC,PART-04,,PC,,,,,,,,,,,,
/Return/ReturnData/IRS990/InvestmentsOtherSecuritiesFMV,F9_04_PC_INVEOTHESECU,,0,Investments publicly traded securities: FMV checkbox,,,F990-PC-PART-04-LINE-54b,F990,PC,PART-04,,PC,CheckboxType,,,,,,,,,,,
/Return/ReturnData/IRS990/InvestmentsPubSecuritiesCost,F9_04_PC_INVPUBSECCOS,,0,Investments publicly traded securities: Cost checkbox,,,F990-PC-PART-04-LINE-54a,F990,PC,PART-04,,PC,CheckboxType,,,,,,,,,,,
/Return/ReturnData/IRS990/InvestmentsPubSecuritiesFMV,F9_04_PC_INVEPUBSSECU,,0,Investments publicly traded securities: FMV checkbox,,,F990-PC-PART-04-LINE-54a,F990,PC,PART-04,,PC,CheckboxType,,,,,,,,,,,
/Return/ReturnData/IRS990/InvestmentsSecurities/BOY,F9_04_PC_INSEBOOYY,,0,Beginnning of year,,,F990-PC-PART-04-LINE-54,F990,PC,PART-04,,PC,,,,,,,,,,,,
/Return/ReturnData/IRS990/InvestmentsSecurities/EOY,F9_04_PC_INSEEOOYY,,0,Ending of year,,,F990-PC-PART-04-LINE-54,F990,PC,PART-04,,PC,,,,,,,,,,,,
/Return/ReturnData/IRS990/InvestmentsSecuritiesCost,F9_04_PC_INVESECUCOST,,0,Investments-securities: Cost checkbox,,,F990-PC-PART-04-LINE-54,F990,PC,PART-04,,PC,,,,,,,,,,,,
/Return/ReturnData/IRS990/InvestmentsSecuritiesFMV,F9_04_PC_INVESTSECURI,,0,Investments-securities: FMV checkbox,,,F990-PC-PART-04-LINE-54,F990,PC,PART-04,,PC,,,,,,,,,,,,
/Return/ReturnData/IRS990/InvstInLandBuildingsEtcBasis,F9_04_PC_ININLABUETBA,,0,Investments-land; buildings; etc,,,F990-PC-PART-04-LINE-55a,F990,PC,PART-04,,PC,USAmountNNType,,,,,,,,,,,
/Return/ReturnData/IRS990/InvstLandBuildingsEtcNet/BOY,F9_04_PC_ILBENBOY,,0,Beginnning of year,,,F990-PC-PART-04-LINE-55c,F990,PC,PART-04,,PC,USAmountNNType,,,,,,,,,,,
/Return/ReturnData/IRS990/InvstLandBuildingsEtcNet/EOY,F9_04_PC_ILBENEOY,,0,Ending of year,,,F990-PC-PART-04-LINE-55c,F990,PC,PART-04,,PC,USAmountNNType,,,,,,,,,,,
/Return/ReturnData/IRS990/InvstLandEtcAccumDeprec,F9_04_PC_INLAETACDEEP,,0,Less: accumulated depreciation,,,F990-PC-PART-04-LINE-55b,F990,PC,PART-04,,PC,USAmountNNType,,,,,,,,,,,
/Return/ReturnData/IRS990/JointCostsRptInProgramService,F9_02_PC_JOCORPINPRSE,,,Any joint costs reported in program service (column B)?,,,F990-PC-PART-02,F990,PC,PART-02,,,BooleanType,,,,,,,,,,,
/Return/ReturnData/IRS990/LegalFees/ManagementAndGeneral,F9_02_PC_LEFEMAANGEEN,,,Management and general,,,F990-PC-PART-02,F990,PC,PART-02,,,USAmountNNType,,,,,,,,,,,
/Return/ReturnData/IRS990/LegalFees/Total,F9_02_PC_LEGAFEESTOTA,,,Legal Fees - Total,,,F990-PC-PART-02,F990,PC,PART-02,,,USAmountNNType,,,,,,,,,,,
/Return/ReturnData/IRS990/LessCostOrOtherBasis/Other,F9_01_PC_LECOOTBAOTTH,,0,Less Cost Or Other Basis - Other,,,F990-PC-PART-01-LINE-8b,F990,PC,,,PC,USAmountNNType,,,,,,,,,,,
/Return/ReturnData/IRS990/LessCostOrOtherBasis/Securities,F9_01_PC_LECOOTBASEEC,,0,Less Cost Or Other Basis - Securities,,,F990-PC-PART-01-LINE-8b,F990,PC,,,PC,USAmountNNType,,,,,,,,,,,
/Return/ReturnData/IRS990/LessRentalExpenses,F9_01_PC_LESSRENTEXPE,,0,Less: rental expenses,,,F990-PC-PART-01-LINE-6b,F990,PC,,,PC,,,,,,,,,,,,
/Return/ReturnData/IRS990/LoansFromOfficersEtc/BOY,F9_04_PC_LFOEBOY,,0,Beginnning of year,,,F990-PC-PART-04-LINE-63,F990,PC,PART-04,,PC,USAmountNNType,,,,,,,,,,,
/Return/ReturnData/IRS990/LoansFromOfficersEtc/EOY,F9_04_PC_LFOEEOY,,0,Ending of year,,,F990-PC-PART-04-LINE-63,F990,PC,PART-04,,PC,USAmountNNType,,,,,,,,,,,
/Return/ReturnData/IRS990/LossesReportedOnLine20,F9_04_PC_LOSREPONLLIN0,,0,Losses reported on line 20; form 990,,,F990-PC-PART-04-LINE-b,F990,PC,PART-04,,PC,USAmountType,,,,,,,,,,,
/Return/ReturnData/IRS990/MadeChangesToOrgnzngEtcDoc,F9_06_PZ_MACHTOORETDO,,0,Were any changes made in the organizing or governing documents but not reported to the IRS?,,,F990-PC-PART-06-LINE-77,F990,,PART-06,,PZ,BooleanType,,,,,,,,,,,
/Return/ReturnData/IRS990/MadeOnlyInhouseLobbyingExpend,F9_06_PC_MAONINLOEXXP,,0,501(c)(4); (5); or (6) organizations: Did the organization make only in-house lobbying expenditures of $2;000 or less,,,F990-PC-PART-06-LINE-85b,F990,,PART-06,,PC,BooleanType,,,,,,,,,,,
/Return/ReturnData/IRS990/ManagementAndGeneralExpenses,F9_01_PC_MGMTGENEXPS,,0,Management and general expenses,,,F990-PC-PART-01-LINE-14,F990,PC,,,PC,USAmountNNType,,,,FALSE,,,,,,,PY or CY-unclear
/Return/ReturnData/IRS990/MedicareMedicaidPayments/BusinessCode,F9_07_PC_MEMEPABUCOOD,,0,Medicare Medicaid Payments - Business code,,,F990-PC-PART-07,F990,PC,,,,,,,,,,,,,,,
/Return/ReturnData/IRS990/MedicareMedicaidPayments/ExclusionAmount,F9_07_PC_MEMEPAEXAMMO,,0,Excluded by section 512; 513; or 514: Amount,,,F990-PC-PART-07,F990,PC,,,,,,,,,,,,,,,
/Return/ReturnData/IRS990/MedicareMedicaidPayments/ExclusionCode,F9_07_PC_MEMEPAEXCOOD,,0,Exclusion code (01 through 41),,,F990-PC-PART-07,F990,PC,,,,,,,,,,,,,,,
/Return/ReturnData/IRS990/MedicareMedicaidPayments/RelatedOrExemptFunctionIncome,F9_07_PC_MMPROEFINCOM,,0,Related or exempt function income,,,F990-PC-PART-07,F990,PC,,,,,,,,,,,,,,,
/Return/ReturnData/IRS990/MedicareMedicaidPayments/UnrelatedBusinessIncomeAmount,F9_07_PC_MMPUBIAMOUNT,,0,Medicare Medicaid Payments - Amount,,,F990-PC-PART-07,F990,PC,,,,,,,,,,,,,,,
/Return/ReturnData/IRS990/MembershipDuesAndAssessments/BusinessCode,F9_07_PC_MEDUASBUCOOD,,0,Membership Dues And Assessments - Business code,,,F990-PC-PART-07,F990,PC,,,,StringType,,,,,,,,,,,
/Return/ReturnData/IRS990/MembershipDuesAndAssessments/ExclusionAmount,F9_07_PC_MEDUASEXAMMO,,0,Excluded by section 512; 513; or 514: Amount,,,F990-PC-PART-07,F990,PC,,,,USAmountNNType,,,,,,,,,,,
/Return/ReturnData/IRS990/MembershipDuesAndAssessments/ExclusionCode,F9_07_PC_MEDUASEXCOOD,,0,Exclusion code (01 through 41),,,F990-PC-PART-07,F990,PC,,,,IntegerType,,,,,,,,,,,
/Return/ReturnData/IRS990/MembershipDuesAndAssessments/RelatedOrExemptFunctionIncome,F9_07_PC_MDAROEFINCOM,,0,Related or exempt function income,,,F990-PC-PART-07,F990,PC,,,,USAmountNNType,,,,,,,,,,,
/Return/ReturnData/IRS990/MembershipDuesAndAssessments/UnrelatedBusinessIncomeAmount,F9_07_PC_MDAUBIAMOUNT,,0,Membership Dues And Assessments - Amount,,,F990-PC-PART-07,F990,PC,,,,USAmountNNType,,,,,,,,,,,
/Return/ReturnData/IRS990/MortgagesAndNotesPayable/BOY,F9_04_PC_MONOPABOOYY,,0,Beginnning of year,,,F990-PC-PART-04-LINE-64b,F990,PC,PART-04,,PC,USAmountNNType,,,,,,,,,,,
/Return/ReturnData/IRS990/MortgagesAndNotesPayable/EOY,F9_04_PC_MONOPAEOOYY,,0,Ending of year,,,F990-PC-PART-04-LINE-64b,F990,PC,PART-04,,PC,USAmountNNType,,,,,,,,,,,
/Return/ReturnData/IRS990/NameOfRelatedOrganization/BusinessNameLine1,F9_08_PC_NAREORBUNALI1,,0,Name Of Related Organization - BusinessNameLine1,,,F990-PC-PART-08-LINE-01D,F990,PC,,,,BusinessNameLine1Type,,,,,,,,,,,
/Return/ReturnData/IRS990/NameOfRelatedOrganization/BusinessNameLine2,F9_08_PC_NAREORBUNALI2,,0,Name Of Related Organization - BusinessNameLine2,,,F990-PC-PART-08-LINE-01D,F990,PC,,,,,,,,,,,,,,,
/Return/ReturnData/IRS990/NECTFilingForm990,F9_06_PZ_NEECCTTFFIFO0,,0,Indicates section 4947(a)(1) nonexempt charitable trusts filing Form 990 in lieu of Form 1041,,,F990-PC-PART-06-LINE-92,F990,,PART-06,,PZ,,,,,,,,,,,,
/Return/ReturnData/IRS990/NetGainOrLossFromSaleOfAssets,F9_01_PC_NEGALOFRSAAS,,0,Gain (or Loss) from Sale of Assets,,,F990-PC-PART-01-LINE-8d,F990,PC,,,PC,USAmountType,,,,,,,,,,,
/Return/ReturnData/IRS990/NetIncomeLossFromSpecialEvents/BusinessCode,F9_07_PC_NILFSEBCODE,,0,Net Income Loss From Special Events - Business code,,,F990-PC-PART-07,F990,PC,,,,,,,,,,,,,,,
/Return/ReturnData/IRS990/NetIncomeLossFromSpecialEvents/ExclusionAmount,F9_07_PC_NILFSEEAMOUN,,0,Excluded by section 512; 513; or 514: Amount,,,F990-PC-PART-07,F990,PC,,,,USAmountType,,,,,,,,,,,
/Return/ReturnData/IRS990/NetIncomeLossFromSpecialEvents/ExclusionCode,F9_07_PC_NILFSEECODE,,0,Exclusion code (01 through 41),,,F990-PC-PART-07,F990,PC,,,,IntegerType,,,,,,,,,,,
/Return/ReturnData/IRS990/NetIncomeLossFromSpecialEvents/RelatedOrExemptFunctionIncome,F9_07_PC_NILFSEROEFIN,,0,Related or exempt function income,,,F990-PC-PART-07,F990,PC,,,,USAmountType,,,,,,,,,,,
/Return/ReturnData/IRS990/NetIncomeLossFromSpecialEvents/UnrelatedBusinessIncomeAmount,F9_07_PC_NILFSEUBIAMO,,0,Net Income Loss From Special Events - Amount,,,F990-PC-PART-07,F990,PC,,,,USAmountType,,,,,,,,,,,
/Return/ReturnData/IRS990/NetRentalIncmPersonalProperty/BusinessCode,F9_07_PC_NRIPPBCODE,,0,Net Rental Incm Personal Property - Business code,,,F990-PC-PART-07,F990,PC,,,,,,,,,,,,,,,
/Return/ReturnData/IRS990/NetRentalIncmPersonalProperty/ExclusionAmount,F9_07_PC_NRIPPEAMOUNT,,0,Excluded by section 512; 513; or 514: Amount,,,F990-PC-PART-07,F990,PC,,,,,,,,,,,,,,,
/Return/ReturnData/IRS990/NetRentalIncmPersonalProperty/ExclusionCode,F9_07_PC_NRIPPECODE,,0,Exclusion code (01 through 41),,,F990-PC-PART-07,F990,PC,,,,,,,,,,,,,,,
/Return/ReturnData/IRS990/NetRentalIncmPersonalProperty/RelatedOrExemptFunctionIncome,F9_07_PC_NRIPPROEFINC,,0,Related or exempt function income,,,F990-PC-PART-07,F990,PC,,,,,,,,,,,,,,,
/Return/ReturnData/IRS990/NetRentalIncmPersonalProperty/UnrelatedBusinessIncomeAmount,F9_07_PC_NRIPPUBIAMOU,,0,Net Rental Incm Personal Property - Amount,,,F990-PC-PART-07,F990,PC,,,,,,,,,,,,,,,
/Return/ReturnData/IRS990/NetRentalIncmReDebtFincdProp/BusinessCode,F9_07_PC_NRIRDFPBCODE,,0,Net Rental Incm Re Debt Fincd Prop - Business code,,,F990-PC-PART-07,F990,PC,,,,StringType,,,,,,,,,,,
/Return/ReturnData/IRS990/NetRentalIncmReDebtFincdProp/ExclusionAmount,F9_07_PC_NRIRDFPEAMOU,,0,Excluded by section 512; 513; or 514: Amount,,,F990-PC-PART-07,F990,PC,,,,,,,,,,,,,,,
/Return/ReturnData/IRS990/NetRentalIncmReDebtFincdProp/ExclusionCode,F9_07_PC_NRIRDFPECODE,,0,Exclusion code (01 through 41),,,F990-PC-PART-07,F990,PC,,,,,,,,,,,,,,,
/Return/ReturnData/IRS990/NetRentalIncmReDebtFincdProp/RelatedOrExemptFunctionIncome,F9_07_PC_NRIRDFPROEFI,,0,Related or exempt function income,,,F990-PC-PART-07,F990,PC,,,,,,,,,,,,,,,
/Return/ReturnData/IRS990/NetRentalIncmReDebtFincdProp/UnrelatedBusinessIncomeAmount,F9_07_PC_NRIRDFPUBIAM,,0,Net Rental Incm Re Debt Fincd Prop - Amount,,,F990-PC-PART-07,F990,PC,,,,USAmountType,,,,,,,,,,,
/Return/ReturnData/IRS990/NetRentalIncomeLoss,F9_01_PC_NETRENINCLOS,,0,Net rental income (or loss),,,F990-PC-PART-01-LINE-6c,F990,PC,,,PC,USAmountType,,,,,,,,,,,
/Return/ReturnData/IRS990/NetRntlIncmReNotDebtFincdProp/BusinessCode,F9_07_PC_NRIRNDFPBCOD,,0,Net Rntl Incm Re Not Debt Fincd Prop - Business code,,,F990-PC-PART-07,F990,PC,,,,,,,,,,,,,,,
/Return/ReturnData/IRS990/NetRntlIncmReNotDebtFincdProp/ExclusionAmount,F9_07_PC_NRIRNDFPEAMO,,0,Excluded by section 512; 513; or 514: Amount,,,F990-PC-PART-07,F990,PC,,,,USAmountType,,,,,,,,,,,
/Return/ReturnData/IRS990/NetRntlIncmReNotDebtFincdProp/ExclusionCode,F9_07_PC_NRIRNDFPECOD,,0,Exclusion code (01 through 41),,,F990-PC-PART-07,F990,PC,,,,IntegerType,,,,,,,,,,,
/Return/ReturnData/IRS990/NetRntlIncmReNotDebtFincdProp/RelatedOrExemptFunctionIncome,F9_07_PC_NRIRNDFPROEF,,0,Related or exempt function income,,,F990-PC-PART-07,F990,PC,,,,,,,,,,,,,,,
/Return/ReturnData/IRS990/NetRntlIncmReNotDebtFincdProp/UnrelatedBusinessIncomeAmount,F9_07_PC_NRIRNDFPUBIA,,0,Net Rntl Incm Re Not Debt Fincd Prop - Amount,,,F990-PC-PART-07,F990,PC,,,,,,,,,,,,,,,
/Return/ReturnData/IRS990/NetUnrealizedGainsInvestments,F9_04_PC_NETUNRGAIINV,,0,Net unrealized gains on investments,,,F990-PC-PART-04-LINE-b,F990,PC,PART-04,,PC,USAmountType,,,,,,,,,,,
/Return/ReturnData/IRS990/NondeductibleContribSoliciated,F9_06_PC_NONDCONTSOLI,,0,Did the organization solicit any contributions or gifts that were not tax deductible?,,,F990-PC-PART-06-LINE-84a,F990,,PART-06,,PC,BooleanType,,,,,,,,,,,
/Return/ReturnData/IRS990/NumberOfAffiliates,F9_00_PC_NUMBERAFFILI,,0,Number of affiliates,,,F990-PC-PART-00-SECTION-H,F990,PC,PART-00,Box H,PC,PC,,,,,,,,,,,
/Return/ReturnData/IRS990/NumberOfOfficers,F9_05_PC_NUMBERFICERS,,,Total number of voting officers; directors; and trustees,,,F990-PC-PART-05-LINE-75a,F990,PC,PART-05,,PC,IntegerNNType,,,,,,,,,,,
/Return/ReturnData/IRS990/OfcrDirTrusteesOrKeyEmployee/AddressForeign/AddressLine1,F9_07_PC_ODTKEAFALINE1,,0,Address Foreign - AddressLine1,,,F990-PC-PART-07-SECTION-A-COL-A,F990,PC,PART-07,Section A Column (a),PC,,,,,,,,,,,,
/Return/ReturnData/IRS990/OfcrDirTrusteesOrKeyEmployee/AddressForeign/AddressLine2,F9_07_PC_ODTKEAFALINE2,,0,Address Foreign - AddressLine2,,,F990-PC-PART-07-SECTION-A-COL-A,F990,PC,PART-07,Section A Column (a),PC,,,,,,,,,,,,
/Return/ReturnData/IRS990/OfcrDirTrusteesOrKeyEmployee/AddressForeign/City,F9_07_PC_ODTKEAFCITY,,0,Address Foreign - City,,,F990-PC-PART-07-SECTION-A-COL-A,F990,PC,PART-07,Section A Column (a),PC,,,,,,,,,,,,
/Return/ReturnData/IRS990/OfcrDirTrusteesOrKeyEmployee/AddressForeign/Country,F9_07_PC_ODTKEAFCOUNT,,0,Address Foreign - Country,,,F990-PC-PART-07-SECTION-A-COL-A,F990,PC,PART-07,Section A Column (a),PC,,,,,,,,,,,,
/Return/ReturnData/IRS990/OfcrDirTrusteesOrKeyEmployee/AddressForeign/PostalCode,F9_07_PC_ODTKEAFPCODE,,0,Address Foreign - Postal code,,,F990-PC-PART-07-SECTION-A-COL-A,F990,PC,PART-07,Section A Column (a),PC,,,,,,,,,,,,
/Return/ReturnData/IRS990/OfcrDirTrusteesOrKeyEmployee/AddressForeign/ProvinceOrState,F9_07_PC_ODTKEAFPSTAT,,0,Province or state,,,F990-PC-PART-07-SECTION-A-COL-A,F990,PC,PART-07,Section A Column (a),PC,,,,,,,,,,,,
/Return/ReturnData/IRS990/OfcrDirTrusteesOrKeyEmployee/AddressUS/AddressLine1,F9_07_PC_ODTKEAALINE11,,0,Address US - AddressLine1,,,F990-PC-PART-07-SECTION-A-COL-A,F990,PC,PART-07,Section A Column (a),PC,StreetAddressType,,,,,,,,,,,
/Return/ReturnData/IRS990/OfcrDirTrusteesOrKeyEmployee/AddressUS/AddressLine2,F9_07_PC_ODTKEAALINE22,,0,Address US - AddressLine2,,,F990-PC-PART-07-SECTION-A-COL-A,F990,PC,PART-07,Section A Column (a),PC,StreetAddressType,,,,,,,,,,,
/Return/ReturnData/IRS990/OfcrDirTrusteesOrKeyEmployee/AddressUS/City,F9_07_PC_ODTKEACITY,,0,Address US - City,,,F990-PC-PART-07-SECTION-A-COL-A,F990,PC,PART-07,Section A Column (a),PC,CityType,,,,,,,,,,,
/Return/ReturnData/IRS990/OfcrDirTrusteesOrKeyEmployee/AddressUS/State,F9_07_PC_ODTKEASTATE,,0,Address US - State,,,F990-PC-PART-07-SECTION-A-COL-A,F990,PC,PART-07,Section A Column (a),PC,StateType,,,,,,,,,,,
/Return/ReturnData/IRS990/OfcrDirTrusteesOrKeyEmployee/AddressUS/ZIPCode,F9_07_PC_ODTKEAZIPCOD,,0,Address US - ZIPCode,,,F990-PC-PART-07-SECTION-A-COL-A,F990,PC,PART-07,Section A Column (a),PC,ZIPCodeType,,,,,,,,,,,
/Return/ReturnData/IRS990/OfcrDirTrusteesOrKeyEmployee/AvgHoursPerWkDevotedToPosition,F9_05_PC_ODTKEAHPWDTP,,,Average Hours per week devoted to position,,,F990-PC-PART-05,F990,PC,PART-05,,PC,LargeRatioType,,,,,,,,,,,
/Return/ReturnData/IRS990/OfcrDirTrusteesOrKeyEmployee/Compensation,F9_05_PC_OFDITRKEEMCO,,,Ofcr Dir Trustees Or Key Employee - Compensation,,,F990-PC-PART-05,F990,PC,PART-05,,PC,USAmountNNType,,,,,,,,,,,
/Return/ReturnData/IRS990/OfcrDirTrusteesOrKeyEmployee/ContriToEmplBenefitPlansEtc,F9_05_PC_ODTKECTEBPET,,,Contributions to employee benefit plans and deferred compensation,,,F990-PC-PART-05,F990,PC,PART-05,,PC,USAmountNNType,,,,,,,,,,,
/Return/ReturnData/IRS990/OfcrDirTrusteesOrKeyEmployee/ExpenseAccountOtherAllowances,F9_05_PC_ODTKEEAOALLO,,,Expense account and other allowances,,,F990-PC-PART-05,F990,PC,PART-05,,PC,USAmountNNType,,,,,,,,,,,
/Return/ReturnData/IRS990/OfcrDirTrusteesOrKeyEmployee/Name,F9_05_PC_OFDITRKEEMNA,,,Ofcr Dir Trustees Or Key Employee - Name,,,F990-PC-PART-05,F990,PC,PART-05,,PC,,,,,,,,,,,,
/Return/ReturnData/IRS990/OfcrDirTrusteesOrKeyEmployee/PersonName,F9_05_PC_ODTKEPNAME,,,Ofcr Dir Trustees Or Key Employee - Person Name,,,F990-PC-PART-05,F990,PC,PART-05,,PC,PersonNameType,,,,,,,,,,,
/Return/ReturnData/IRS990/OfcrDirTrusteesOrKeyEmployee/Title,F9_05_PC_OFDITRKEEMTI,,,Ofcr Dir Trustees Or Key Employee - Title,,,F990-PC-PART-05,F990,PC,PART-05,,PC,LineExplanationType,,,,,,,,,,,
/Return/ReturnData/IRS990/OrganizationDissolvedEtc,F9_06_PZ_ORGADISSETCT,,0,Was there a liquidation; dissolution; termination; or substantial contraction during the year?,,,F990-PC-PART-06-LINE-79,F990,,PART-06,,PZ,BooleanType,,,,,,,,,,,
/Return/ReturnData/IRS990/OrganizationFiled990T,F9_06_PZ_ORGAFILET,,0,"If ""Yes"" for Line 78a; has it filed a tax return on Form 990-T for this year?",,,F990-PC-PART-06-LINE-78b,F990,,PART-06,,PZ,BooleanType,,,,,,,,,,,
/Return/ReturnData/IRS990/OrganizationHadUBI,F9_06_PZ_ORHAUBBII,,0,Did the organization have unrelated business gross income of $1;000 or more during the year covered by this return?,,,F990-PC-PART-06-LINE-78a,F990,,PART-06,,PZ,BooleanType,,,,,,,,,,,
/Return/ReturnData/IRS990/OrganizationPaidPremiums,F9_10_PC_ORGAPAIDPREM,,0,Did the organization; during the year; pay premiums; directly or indirectly; on a personal benefit contract?,,,F990-PC-PART-10-LINE-b,F990,PC,,,PC,BooleanType,,,,,,,,,,,
/Return/ReturnData/IRS990/OrgCompliedWithDisclosureRqr,F9_06_PC_ORCOWIDIRQQR,,0,Did the organization comply with the disclosure requirements relating to quid pro quo contributions?,,,F990-PC-PART-06-LINE-83b,F990,,PART-06,,PC,BooleanType,,,,,,,,,,,
/Return/ReturnData/IRS990/OrgCompliedWithPublicInspRqr,F9_06_PC_ORCOWIPUINRQ,,0,Did the organization comply with the public inspection requirements for returns and exemption applications?,,,F990-PC-PART-06-LINE-83a,F990,,PART-06,,PC,BooleanType,,,,,,,,,,,
/Return/ReturnData/IRS990/OrgElectedToPay6033eTax,F9_06_PC_ORELTOPATAAX,,0,501(c)(4); (5); or (6) organizations: Does the organization elect to pay the section 6033(e) tax on the amount on line 85f?,,,F990-PC-PART-06-LINE-85g,F990,,PART-06,,PC,BooleanType,,,,,,,,,,,
/Return/ReturnData/IRS990/OrgFollowsSFAS117,F9_04_PC_ORFOSFFAASS1,,0,Indicates the orgnazation follows SFAS 117,,,F990-PC-PART-04,F990,PC,PART-04,,PC,,,,,,,,,,,,
/Return/ReturnData/IRS990/OrgIncldStatement,F9_06_PC_ORGIINCLSTAT,,0,If Yes on line 84a; did the organization include with every solicitation an express statement that such contributions or gifts were not tax deductible?,,,F990-PC-PART-06-LINE-84b,F990,,PART-06,,PC,BooleanType,,,,,,,,,,,
/Return/ReturnData/IRS990/OrgIsRelatedToAnotherOrg,F9_06_PC_ORISRETOANOR,,0,Is the organization related through common membership; governing bodies; trustees; officers; etc.; to any other exempt or nonexempt organization?,,,F990-PC-PART-06-LINE-80a,F990,,PART-06,,PC,BooleanType,,,,,,,,,,,
/Return/ReturnData/IRS990/OrgReceivedDonatedServicesEtc,F9_06_PC_ORREDOSEETTC,,0,Did the organization receive donated services etc at no charge or at substantially less than fair rental value?,,,F990-PC-PART-06-LINE-82a,F990,,PART-06,,PC,BooleanType,,,,,,,,,,,
/Return/ReturnData/IRS990/OrgReceivedFundsToPayPremiums,F9_10_PC_ORREFUTOPAPR,,0,Did the organization; during the year; receive any funds; directly or indirectly; to pay premiums on a personal benefit contract?,,,F990-PC-PART-10-LINE-a,F990,PC,,,PC,BooleanType,,,,,,,,,,,
/Return/ReturnData/IRS990/OtherAssets/Amount,F9_10_PC_OTHEASSEAMOU,,0,Other Assets - Amount,,,F990-PC-PART-10-LINE-15,F990,PC,,,PC,,,,,,,,,,,,
/Return/ReturnData/IRS990/OtherAssets/Description,F9_10_PZ_OTHEASSEDESC,,0,Other Assets - Description,,,F990-PC-PART-10-LINE-15,F990,PC,,,PZ,,,,,,,,,,,,
/Return/ReturnData/IRS990/OtherChangesInNetAssets,F9_01_PC_OTHCHGNETASSETS,,0,Other changes in net assets,,,F990-PC-PART-01-LINE-20,F990,PC,,,PC,USAmountType,,,,FALSE,,,,,,,
/Return/ReturnData/IRS990/OtherExpensesOn17NotOnLinea/Amount,F9_01_PC_OEONOLAMOUNT,,0,Other Expenses On17 Not On Linea - Amount,,,F990-PC-PART-01-LINE-17,F990,PC,,,PC,,,,,,,,,,,,
/Return/ReturnData/IRS990/OtherExpensesOn17NotOnLinea/Description,F9_01_PC_OEONOLDESCRI,,0,Other Expenses On17 Not On Linea - Description,,,F990-PC-PART-01-LINE-17,F990,PC,,,PC,,,,,,,,,,,,
/Return/ReturnData/IRS990/OtherExpOnLineaNotOnLine17/Amount,F9_09_PC_OEOLNOLAMOUN,,0,Other Exp On Linea Not On Line17 - Amount,,,,F990,PC,,,PC,,numeric,,,,,,,,,,
/Return/ReturnData/IRS990/OtherExpOnLineaNotOnLine17/Description,F9_09_PC_OEOLNOLDESCR,,0,Other Exp On Linea Not On Line17 - Description,,,,F990,PC,,,PC,,numeric,,,,,,,,,,
/Return/ReturnData/IRS990/OtherInvestmentIncome,F9_01_PC_OTHEINVEINCO,,0,Other investment income,,,F990-PC-PART-01-LINE-7,F990,PC,,,PC,USAmountNNType,,,,,,,,,,,
/Return/ReturnData/IRS990/OtherInvestmentIncomePartVII/BusinessCode,F9_07_PC_OTININPABUCO,,0,Other Investment Income Part VII - Business code,,,F990-PC-PART-07,F990,PC,,,,StringType,,,,,,,,,,,
/Return/ReturnData/IRS990/OtherInvestmentIncomePartVII/ExclusionAmount,F9_07_PC_OTININPAEXAM,,0,Excluded by section 512; 513; or 514: Amount,,,F990-PC-PART-07,F990,PC,,,,,,,,,,,,,,,
/Return/ReturnData/IRS990/OtherInvestmentIncomePartVII/ExclusionCode,F9_07_PC_OTININPAEXCO,,0,Exclusion code (01 through 41),,,F990-PC-PART-07,F990,PC,,,,,,,,,,,,,,,
/Return/ReturnData/IRS990/OtherInvestmentIncomePartVII/RelatedOrExemptFunctionIncome,F9_07_PC_OIIPROEFINCO,,0,Related or exempt function income,,,F990-PC-PART-07,F990,PC,,,,,,,,,,,,,,,
/Return/ReturnData/IRS990/OtherInvestmentIncomePartVII/UnrelatedBusinessIncomeAmount,F9_07_PC_OIIPUBIAMOUN,,0,Other Investment Income Part VII - Amount,,,F990-PC-PART-07,F990,PC,,,,USAmountNNType,,,,,,,,,,,
/Return/ReturnData/IRS990/OtherLiabilities/Amount,F9_10_PC_OTHELIABAMOU,,0,Other Liabilities - Amount,,,F990-PC-PART-10-LINE-25,F990,PC,,,PC,,,,,,,,,,,,
/Return/ReturnData/IRS990/OtherLiabilities/Description,F9_10_PC_OTHELIABDESC,,0,Other Liabilities - Description,,,F990-PC-PART-10-LINE-25,F990,PC,,,PC,,,,,,,,,,,,
/Return/ReturnData/IRS990/OtherLiabilitiesTotal/BOY,F9_04_PC_OTLITOBOOYY,,0,Beginnning of year,,,F990-PC-PART-04,F990,PC,PART-04,,PC,USAmountNNType,,,,,,,,,,,
/Return/ReturnData/IRS990/OtherLiabilitiesTotal/EOY,F9_04_PC_OTLITOEOOYY,,0,Ending of year,,,F990-PC-PART-04,F990,PC,PART-04,,PC,USAmountType,,,,,,,,,,,
/Return/ReturnData/IRS990/OtherNotesAndLoansReceivable,F9_04_PC_OTHNOTLOAREC,,0,Other notes and loans receivable,,,F990-PC-PART-04-LINE-51a,F990,PC,PART-04,,PC,USAmountNNType,,,,,,,,,,,
/Return/ReturnData/IRS990/OtherRcvblAllowanceDbtflAcct,F9_04_PC_OTRCALDBACCC,,0,Less: allowance for doubtful accounts,,,F990-PC-PART-04-LINE-51b,F990,PC,PART-04,,PC,USAmountNNType,,,,,,,,,,,
/Return/ReturnData/IRS990/OtherRevenue,F9_01_PZ_OTHREV,,0,Other revenue,,,F990-PC-PART-01-LINE-11,F990,PC,,,PZ,USAmountNNType,,,,FALSE,,,,,,,PY or CY-unclear
/Return/ReturnData/IRS990/OtherRevenueDescribed/BusinessCode,F9_07_PC_OTREDEBUCOOD,,0,Other Revenue Described - Business code,,,F990-PC-PART-07,F990,PC,,,,StringType,,,,,,,,,,,
/Return/ReturnData/IRS990/OtherRevenueDescribed/Description,F9_01_PC_OTHREVDESDES,,0,Other Revenue Described - Description,,,F990-PC-PART-01-LINE-11,F990,PC,,,PC,LineExplanationType,,,,,,,,,,,PY or CY-unclear
/Return/ReturnData/IRS990/OtherRevenueDescribed/ExclusionAmount,F9_07_PC_OTREDEEXAMMO,,0,Excluded by section 512; 513; or 514: Amount,,,F990-PC-PART-07,F990,PC,,,,USAmountType,,,,,,,,,,,
/Return/ReturnData/IRS990/OtherRevenueDescribed/ExclusionCode,F9_07_PC_OTREDEEXCOOD,,0,Exclusion code (01 through 41),,,F990-PC-PART-07,F990,PC,,,,IntegerType,,,,,,,,,,,
/Return/ReturnData/IRS990/OtherRevenueDescribed/RelatedOrExemptFunctionIncome,F9_07_PC_ORDROEFINCOM,,0,Related or exempt function income,,,F990-PC-PART-07,F990,PC,,,,USAmountType,,,,,,,,,,,
/Return/ReturnData/IRS990/OtherRevenueDescribed/UnrelatedBusinessIncomeAmount,F9_07_PC_ORDUBIAMOUNT,,0,Other Revenue Described - Amount,,,F990-PC-PART-07,F990,PC,,,,USAmountType,,,,,,,,,,,
/Return/ReturnData/IRS990/OthRevenueIncldOnLnaButNotOn12/Amount,F9_08_PC_ORIOLBNOAMOU,,0,Oth Revenue Incld On Lna But Not On12 - Amount,,,F990-PC-PART-08-LINE-11e,F990,PC,,,,,,,,,,,,,,,
/Return/ReturnData/IRS990/OthRevenueIncldOnLnaButNotOn12/Description,F9_08_PC_ORIOLBNODESC,,0,Oth Revenue Incld On Lna But Not On12 - Description,,,F990-PC-PART-08-LINE-11e,F990,PC,,,,,,,,,,,,,,,
/Return/ReturnData/IRS990/OthRevenuesOnLn12ButNotOnLna/Amount,F9_08_PC_OROLBNOLAMOU,,0,Oth Revenues On Ln12 But Not On Lna - Amount,,,F990-PC-PART-08-LINE-11e,F990,PC,,,,,,,,,,,,,,,
/Return/ReturnData/IRS990/OthRevenuesOnLn12ButNotOnLna/Description,F9_08_PC_OROLBNOLDESC,,0,Oth Revenues On Ln12 But Not On Lna - Description,,,F990-PC-PART-08-LINE-11e,F990,PC,,,,,,,,,,,,,,,
/Return/ReturnData/IRS990/OwnershipOfTaxableCorporation,F9_06_PC_OWNETAXACORP,,0,At any time during the year; did the organization own a 50% or greater interest in a taxable corporation?,,,F990-PC-PART-06-LINE-88,F990,,PART-06,,PC,BooleanType,,,,,,,,,,,
/Return/ReturnData/IRS990/PaidinOrCapitalSurplusEtc/BOY,F9_04_PC_PCSEBOY,,0,Beginnning of year,,,F990-PC-PART-04,F990,PC,PART-04,,PC,USAmountNNType,,,,,,,,,,,
/Return/ReturnData/IRS990/PaidinOrCapitalSurplusEtc/EOY,F9_04_PC_PCSEEOY,,0,Ending of year,,,F990-PC-PART-04,F990,PC,PART-04,,PC,USAmountType,,,,,,,,,,,
/Return/ReturnData/IRS990/PartIVAInvstExpensesNotOnLn6b,F9_04_PC_PIVAIENOLN6B,,0,Investment expenses not on line 6b; Form 990,,,F990-PC-PART-04-LINE-d,F990,PC,PART-04,,PC,USAmountType,,,,,,,,,,,
/Return/ReturnData/IRS990/PartIVALineaMinusLineb,F9_04_PC_PIVALMLINEB,,0,Part IV-A Line a Minus Part IV-A Line b,,,F990-PC-PART-04-LINE-c,F990,PC,PART-04,,PC,USAmountType,,,,,,,,,,,
/Return/ReturnData/IRS990/PartIVBInvstExpensesNotOn6b,F9_04_PC_PIVBIENON6B,,0,Investment expenses not on line 6b; Form 990,,,F990-PC-PART-04-LINE-d,F990,PC,PART-04,,PC,USAmountType,,,,,,,,,,,
/Return/ReturnData/IRS990/PartIVBLineaMinusLineb,F9_04_PC_PIVBLMLINEB,,0,Part IV-B Line a Minus Part IV-B Line b,,,F990-PC-PART-04-LINE-c,F990,PC,PART-04,,PC,USAmountType,,,,,,,,,,,
/Return/ReturnData/IRS990/PaymentsToAffiliates,F9_01_PC_PAYMTOAFAFFI,,0,Payments to affiliates,,,F990-PC-PART-01-LINE-16,F990,PC,,,PC,,,,,,,,,,,,
/Return/ReturnData/IRS990/PledgesRcvblAllowanceDbtflAcct,F9_04_PC_PLRCALDBACCC,,0,Less: allowance for doubtful accounts,,,F990-PC-PART-04-LINE-48b,F990,PC,PART-04,,PC,USAmountNNType,,,,,,,,,,,
/Return/ReturnData/IRS990/PledgesReceivable,F9_04_PC_PLEDGERECEIV,,0,Pledges receivable,,,F990-PC-PART-04-LINE-48a,F990,PC,PART-04,,PC,USAmountNNType,,,,,,,,,,,
/Return/ReturnData/IRS990/PledgesReceivableNet/BOY,F9_04_PC_PLRENEBOOYY,,0,Beginnning of year,,,F990-PC-PART-04,F990,PC,PART-04,,PC,USAmountNNType,,,,,,,,,,,
/Return/ReturnData/IRS990/PledgesReceivableNet/EOY,F9_04_PC_PLRENEEOOYY,,0,Ending of year,,,F990-PC-PART-04,F990,PC,PART-04,,PC,USAmountType,,,,,,,,,,,
/Return/ReturnData/IRS990/PostageAndShipping/Fundraising,F9_02_PC_POSTSHIPFUND,,,Postage And Shipping - Fundraising,,,F990-PC-PART-02,F990,PC,PART-02,,,USAmountNNType,,,,,,,,,,,
/Return/ReturnData/IRS990/PostageAndShipping/ManagementAndGeneral,F9_02_PC_POSSHIMANGEN,,,Management and general,,,F990-PC-PART-02,F990,PC,PART-02,,,USAmountNNType,,,,,,,,,,,
/Return/ReturnData/IRS990/PostageAndShipping/ProgramServices,F9_02_PC_POSSHIPROSER,,,Program services,,,F990-PC-PART-02,F990,PC,PART-02,,,USAmountNNType,,,,,,,,,,,
/Return/ReturnData/IRS990/PostageAndShipping/Total,F9_02_PC_POSTSHIPTOTA,,,Postage And Shipping - Total,,,F990-PC-PART-02,F990,PC,PART-02,,,USAmountNNType,,,,,,,,,,,
/Return/ReturnData/IRS990/PrintingAndPublication/Fundraising,F9_02_PC_PRINPUBLFUND,,,Printing And Publication - Fundraising,,,F990-PC-PART-02,F990,PC,PART-02,,,USAmountNNType,,,,,,,,,,,
/Return/ReturnData/IRS990/PrintingAndPublication/ManagementAndGeneral,F9_02_PC_PRIPUBMANGEN,,,Management and general,,,F990-PC-PART-02,F990,PC,PART-02,,,USAmountNNType,,,,,,,,,,,
/Return/ReturnData/IRS990/PrintingAndPublication/ProgramServices,F9_02_PC_PRIPUBPROSER,,,Program services,,,F990-PC-PART-02,F990,PC,PART-02,,,USAmountNNType,,,,,,,,,,,
/Return/ReturnData/IRS990/PrintingAndPublication/Total,F9_02_PC_PRINPUBLTOTA,,,Printing And Publication - Total,,,F990-PC-PART-02,F990,PC,PART-02,,,USAmountNNType,,,,,,,,,,,
/Return/ReturnData/IRS990/PriorYearAdjustmentsOnLine20,F9_04_PC_PRYEADONLIIN0,,0,Prior year adj. reported on line 20; form 990,,,F990-PC-PART-04-LINE-b,F990,PC,PART-04,,PC,USAmountType,,,,,,,,,,,
/Return/ReturnData/IRS990/ProfessionalFundraisingFees/Fundraising,F9_02_PC_PROFUNFEEFUN,,,Professional Fundraising Fees - Fundraising,,,F990-PC-PART-02,F990,PC,PART-02,,,USAmountNNType,,,,,,,,,,,
/Return/ReturnData/IRS990/ProfessionalFundraisingFees/ManagementAndGeneral,F9_02_PC_PRFUFEMAANGE,,,Management and general,,,F990-PC-PART-02,F990,PC,PART-02,,,USAmountNNType,,,,,,,,,,,
/Return/ReturnData/IRS990/ProfessionalFundraisingFees/ProgramServices,F9_02_PC_PRFUFEPRSEER,,,Program services,,,F990-PC-PART-02,F990,PC,PART-02,,,USAmountNNType,,,,,,,,,,,
/Return/ReturnData/IRS990/ProfessionalFundraisingFees/Total,F9_02_PC_PROFUNFEETOT,,,Professional Fundraising Fees - Total,,,F990-PC-PART-02,F990,PC,PART-02,,,USAmountNNType,,,,,,,,,,,
/Return/ReturnData/IRS990/ProgramServiceRevenue,F9_01_PZ_PROGSERVREVE,,0,ProgramServiceRevenue,,,F990-PC-PART-01-LINE-2,F990,PC,,,PZ,,,,,,,,,,,,
/Return/ReturnData/IRS990/ProgramServiceRevenuePartVII/BusinessCode,F9_07_PC_PRSEREPABUCO,,0,Program Service Revenue Part VII - Business code,,,F990-PC-PART-07,F990,PC,,,,StringType,,,,,,,,,,,
/Return/ReturnData/IRS990/ProgramServiceRevenuePartVII/Description,F9_07_PC_PRSEREPADEES,,0,Program Service Revenue Part VII - Description,,,F990-PC-PART-07,F990,PC,,,,LineExplanationType,,,,,,,,,,,
/Return/ReturnData/IRS990/ProgramServiceRevenuePartVII/ExclusionAmount,F9_07_PC_PRSEREPAEXAM,,0,Excluded by section 512; 513; or 514: Amount,,,F990-PC-PART-07,F990,PC,,,,USAmountNNType,,,,,,,,,,,
/Return/ReturnData/IRS990/ProgramServiceRevenuePartVII/ExclusionCode,F9_07_PC_PRSEREPAEXCO,,0,Exclusion code (01 through 41),,,F990-PC-PART-07,F990,PC,,,,IntegerType,,,,,,,,,,,
/Return/ReturnData/IRS990/ProgramServiceRevenuePartVII/RelatedOrExemptFunctionIncome,F9_07_PC_PSRPROEFINCO,,0,Related or exempt function income,,,F990-PC-PART-07,F990,PC,,,,USAmountNNType,,,,,,,,,,,
/Return/ReturnData/IRS990/ProgramServiceRevenuePartVII/UnrelatedBusinessIncomeAmount,F9_07_PC_PSRPUBIAMOUN,,0,Program Service Revenue Part VII - Amount,,,F990-PC-PART-07,F990,PC,,,,USAmountNNType,,,,,,,,,,,
/Return/ReturnData/IRS990/ProgramServicesExpenses,F9_01_PC_PROGSERVEXPE,,0,Program services expenses,,,F990-PC-PART-01-LINE-13,F990,PC,,,PC,USAmountNNType,,,,,,,,,,,PY or CY-unclear
/Return/ReturnData/IRS990/RecoveriesOfPriorYearGrants,F9_04_PC_RECPRIYEAGRA,,0,Recoveries of prior year grants,,,F990-PC-PART-04-LINE-b,F990,PC,PART-04,,PC,USAmountType,,,,,,,,,,,
/Return/ReturnData/IRS990/RlnOfActyToAccomOfExemptPrps/LineNumber,F9_08_PC_RATAEPLNUMBE,,0,Rln Of Acty To Accom Of Exempt Prps - Line number,,,F990-PC-PART-08,F990,PC,,,,TextType,,,,,,,,,,,
/Return/ReturnData/IRS990/RlnOfActyToAccomOfExemptPrps/RelationshipStatement,F9_08_PC_RATAEPRSTATE,,0,Relationship statement,,,F990-PC-PART-08,F990,PC,,,,ShortExplanationType,,,,,,,,,,,
/Return/ReturnData/IRS990/Section162eExpenditures,F9_06_PC_SECTIOEXPEND,,0,501(c)(4); (5); or (6) organizations: Section 162(e) lobbying and political expenditures,,,F990-PC-PART-06-LINE-85d,F990,,PART-06,,PC,USAmountNNType,,,,,,,,,,,
/Return/ReturnData/IRS990/SentDuesNotices,F9_06_PC_SENTDUESNOTI,,0,If section 6033(e)(1)(A) dues notices were sent; does the organization agree to add the amount on line 85f to its reasonable estimate of dues allocable to nondeductible lobbying and political expenditures for the following tax year?,,,F990-PC-PART-06-LINE-85h,F990,,PART-06,,PC,BooleanType,,,,,,,,,,,
/Return/ReturnData/IRS990/SepReturnFiledByMemberOfGroup,F9_00_PC_SUBORDNOTINCL,,0,Indicates separate return filed by member of group,,,F990-PC-PART-00-SECTION-HB,F990,PC,PART-00,H(b),PC,BooleanType,,,,FALSE,,,,,,,
/Return/ReturnData/IRS990/SpecialEventsDirectExpenses,F9_01_PZ_SPEEVEDIREXP,,0,Special events direct expenses,,,F990-PC-PART-01-LINE-9b,F990,PC,,,PZ,USAmountNNType,,,,,,,,,,,
/Return/ReturnData/IRS990/SpecialEventsNetIncomeLoss,F9_01_PZ_SPEVNEINLOOS,,0,Special events net income (or loss),,,F990-PC-PART-01-LINE-9c,F990,PC,,,PZ,USAmountType,,,,,,,,,,,
/Return/ReturnData/IRS990/SpecificAssistanceIndividuals/ProgramServices,F9_02_PC_SPEASSPROSER,,,Program services,,,F990-PC-PART-02,F990,PC,PART-02,,,USAmountNNType,,,,,,,,,,,
/Return/ReturnData/IRS990/SpecificAssistanceIndividuals/Total,F9_02_PC_SPECASSITOTA,,,Specific Assistance Individuals - Total ,,,F990-PC-PART-02,F990,PC,PART-02,,,USAmountNNType,,,,,,,,,,,
/Return/ReturnData/IRS990/SubtotalsPartVII/ExclusionAmount,F9_07_PC_SUBPAREXCAMO,,0,Excluded by section 512; 513; or 514: Amount,,,F990-PC-PART-07,F990,PC,,,,USAmountType,,,,,,,,,,,
/Return/ReturnData/IRS990/SubtotalsPartVII/RelatedOrExemptFunctionIncome,F9_07_PC_SPROEFINCOME,,0,Related or exempt function income,,,F990-PC-PART-07,F990,PC,,,,USAmountType,,,,,,,,,,,
/Return/ReturnData/IRS990/SubtotalsPartVII/UnrelatedBusinessIncomeAmount,F9_07_PC_SUPAUNBUINAM,,0,Subtotals Part VII - Amount,,,F990-PC-PART-07,F990,PC,,,,USAmountType,,,,,,,,,,,
/Return/ReturnData/IRS990/Supplies/Fundraising,F9_02_PC_SUPPLIFUNDRA,,,Supplies - Fundraising,,,F990-PC-PART-02,F990,PC,PART-02,,,USAmountNNType,,,,,,,,,,,
/Return/ReturnData/IRS990/Supplies/ManagementAndGeneral,F9_02_PC_SUPMANANDGEN,,,Management and general,,,F990-PC-PART-02,F990,PC,PART-02,,,USAmountNNType,,,,,,,,,,,
/Return/ReturnData/IRS990/Supplies/Total,F9_02_PC_SUPPLITOTALO,,,Supplies - Total,,,F990-PC-PART-02,F990,PC,PART-02,,,USAmountNNType,,,,,,,,,,,
/Return/ReturnData/IRS990/TaxableAmount,F9_06_PC_TAXABLAMOUNT,,0,501(c)(4); (5); or (6) organizations: Taxable amount of lobbying and political expenditures,,,F990-PC-PART-06-LINE-85f,F990,,PART-06,,PC,USAmountNNType,,,,,,,,,,,
/Return/ReturnData/IRS990/TaxImposedUnderIRC4911,F9_06_PZ_TAIMUNIRRCC4,,0,501(c)(3) Organizations: Amount of tax imposed on the organization furing the year under section 4911,,,F990-PC-PART-06-LINE-89a,F990,,PART-06,,PZ,USAmountNNType,,,,,,,,,,,
/Return/ReturnData/IRS990/TaxImposedUnderIRC4912,F9_06_PZ_TAIMUNIRRCC4,,0,501(c)(3) Organizations: Amount of tax imposed on the organization furing the year under section 4912,,,F990-PC-PART-06-LINE-89a,F990,,PART-06,,PZ,USAmountNNType,,,,,,,,,,,
/Return/ReturnData/IRS990/TaxImposedUnderIRC4955,F9_06_PZ_TAIMUNIRRCC4,,0,501(c)(3) Organizations: Amount of tax imposed on the organization furing the year under section 4955,,,F990-PC-PART-06-LINE-89a,F990,,PART-06,,PZ,USAmountNNType,,,,,,,,,,,
/Return/ReturnData/IRS990/Telephone/Fundraising,F9_02_PC_TELEPHFUNDRA,,,Telephone - Fundraising,,,F990-PC-PART-02,F990,PC,PART-02,,,USAmountNNType,,,,,,,,,,,
/Return/ReturnData/IRS990/Telephone/ManagementAndGeneral,F9_02_PC_TELMANANDGEN,,,Management and general,,,F990-PC-PART-02,F990,PC,PART-02,,,USAmountNNType,,,,,,,,,,,
/Return/ReturnData/IRS990/Telephone/ProgramServices,F9_02_PC_TELEPROGSERV,,,Program services,,,F990-PC-PART-02,F990,PC,PART-02,,,USAmountNNType,,,,,,,,,,,
/Return/ReturnData/IRS990/Telephone/Total,F9_02_PC_TELEPHTOTALO,,,Telephone - Total,,,F990-PC-PART-02,F990,PC,PART-02,,,USAmountNNType,,,,,,,,,,,
/Return/ReturnData/IRS990/TotalAmtIncldOnLn17ButNotOnLna,F9_04_PC_TIOLBNOLNA,,0,Total amounts included on line 17; form 990 but not on line a,,,F990-PC-PART-04-LINE-d,F990,PC,PART-04,,PC,USAmountType,,,,,,,,,,,
/Return/ReturnData/IRS990/TotalAmtIncludedOn12ButNotOna,F9_04_PC_TOINONBUNOON,,0,Total amounts included on line 12; form 990 but not on line a,,,F990-PC-PART-04-LINE-d,F990,PC,PART-04,,PC,USAmountType,,,,,,,,,,,
/Return/ReturnData/IRS990/TotalAmtIncludedOnAButNotOn17,F9_04_PC_TIOABNON177,,0,Total Amounts included on Line a but not on Line 17; Form 990,,,F990-PC-PART-04-LINE-b,F990,PC,PART-04,,PC,USAmountType,,,,,,,,,,,
/Return/ReturnData/IRS990/TotalCashContributions,F9_01_PC_TOTACASHCONT,,0,Contributions; gifts; grants; and similar amounts received: Total contributions (cash) ,,,F990-PC-PART-01-LINE-1d,F990,PC,,,PC,USAmountNNType,,,,,,,,,,,
/Return/ReturnData/IRS990/TotalExpenses,F9_01_PZ_TOTALEEXPENS,,0,Total expenses,,,F990-PC-PART-01-LINE-17,F990,PC,,,PZ,USAmountNNType,,,,,,,,,,,
/Return/ReturnData/IRS990/TotalExpensesPerLine17,F9_04_PC_TOTEXPPERLIN7,,0,Total expenses per Line 17; Form 990,,,F990-PC-PART-04-LINE-e,F990,PC,PART-04,,PC,USAmountType,,,,,,,,,,,
/Return/ReturnData/IRS990/TotalLiabilitiesAndNetAssets/BOY,F9_04_PC_TLNABOY,,0,Beginnning of year,,,F990-PC-PART-04-LINE-74,F990,PC,PART-04,,PC,USAmountType,,,,,,,,,,,
/Return/ReturnData/IRS990/TotalLiabilitiesAndNetAssets/EOY,F9_04_PC_TLNAEOY,,0,Ending of year,,,F990-PC-PART-04-LINE-74,F990,PC,PART-04,,PC,USAmountType,,,,,,,,,,,
/Return/ReturnData/IRS990/TotalNetAssetsOrFundBalances/BOY,F9_04_PC_TNAFBBOY,,0,Beginnning of year,,,F990-PC-PART-04,F990,PC,PART-04,,PC,USAmountNNType,,,,,,,,,,,
/Return/ReturnData/IRS990/TotalNetAssetsOrFundBalances/EOY,F9_04_PC_TNAFBEOY,,0,Ending of year,,,F990-PC-PART-04,F990,PC,PART-04,,PC,USAmountType,,,,,,,,,,,
/Return/ReturnData/IRS990/TotalNoncashContributions,F9_01_PC_TOTANONCCONT,,0,Contributions; gifts; grants; and similar amounts received: Total contributions (noncash) ,,,F990-PC-PART-01-LINE-1d,F990,PC,,,PC,USAmountNNType,,,,,,,,,,,
/Return/ReturnData/IRS990/TotalPartVII,F9_07_PC_TOTALPPARTAR,,0,Total (add line 104; columns (B); (D); and (E)),,,,F990,PC,PART-07,,PC,USAmountType,,,,,,,,,,,
/Return/ReturnData/IRS990/TotalRevenue,F9_01_PZ_TOTALRREVENU,,0,IRS990 - Total revenue,,,F990-PC-PART-01-LINE-12,F990,PC,,,PZ,,,,,,,,,,,,PY or CY-unclear
/Return/ReturnData/IRS990/TotalRevenuePerLine12,F9_04_PC_TOTREVPERLIN2,,0,Total revenue per Line 12; Form 990,,,F990-PC-PART-04-LINE-e,F990,PC,PART-04,,PC,USAmountType,,,,,,,,,,,
/Return/ReturnData/IRS990/TotalTransferFrom,F9_11_PC_TOTATRANFROM,,0,Total transfer from amount,,,F990-PC-PART-11-LINE-107,F990,PC,PART-11,,PC,,,,,,,,,,,,
/Return/ReturnData/IRS990/TotalTransferTo,F9_11_PC_TOTATRANTOO,,0,Total transfer to amount,,,F990-PC-PART-11-LINE-106,F990,PC,PART-11,,PC,,,,,,,,,,,,
/Return/ReturnData/IRS990/TotAmtIncldOnLnaButNotOnLn12,F9_04_PC_TIOLBNOLN122,,0,Total Amounts included on Line a but not on Line 12; Form 990,,,F990-PC-PART-04-LINE-b,F990,PC,PART-04,,PC,USAmountType,,,,,,,,,,,
/Return/ReturnData/IRS990/TotExpensesEtcAuditedFinclStmt,F9_04_PC_TOEXETAUFIST,,0,Total Expenses; and Losses per audited financial statments,,,F990-PC-PART-04-LINE-a,F990,PC,PART-04,,PC,USAmountType,,,,,,,,,,,
/Return/ReturnData/IRS990/TotOtherExpensesOnLn17NotOnLna,F9_04_PC_TOEOLNOLNA,,0,Total other Expenses,,,F990-PC-PART-04-LINE-d,F990,PC,PART-04,,PC,USAmountType,,,,,,,,,,,
/Return/ReturnData/IRS990/TotOtherExpOnLineaNotOnLine17,F9_04_PC_TOEOLNOLINE17,,0,Other expenses total,,,F990-PC-PART-04-LINE-b,F990,PC,PART-04,,PC,USAmountType,,,,,,,,,,,
/Return/ReturnData/IRS990/TotOthRevenueOnLn12ButNotOnLna,F9_04_PC_TOROLBNOLNA,,0,Total other revenues,,,F990-PC-PART-04-LINE-d,F990,PC,PART-04,,PC,USAmountType,,,,,,,,,,,
/Return/ReturnData/IRS990/TotOthRevenueOnLnaButNotOnLn12,F9_04_PC_TOROLBNOLN122,,0,Total other revenues,,,F990-PC-PART-04-LINE-b,F990,PC,PART-04,,PC,USAmountType,,,,,,,,,,,
/Return/ReturnData/IRS990/TotRevenueEtcAuditedFinclStmt,F9_04_PC_TOREETAUFIST,,0,Total revenue; gains and other support per audited financial statments,,,F990-PC-PART-04-LINE-a,F990,PC,PART-04,,PC,USAmountType,,,,,,,,,,,
/Return/ReturnData/IRS990/TransfersFrom/AddressForeign/AddressLine1,F9_11_PC_TRFRADFOADLI1,,0,Address Foreign - AddressLine1,,,F990-PC-PART-11-LINE-107,F990,PC,PART-11,,PC,,,,,,,,,,,,
/Return/ReturnData/IRS990/TransfersFrom/AddressForeign/AddressLine2,F9_11_PC_TRFRADFOADLI2,,0,Address Foreign - AddressLine2,,,F990-PC-PART-11-LINE-107,F990,PC,PART-11,,PC,,,,,,,,,,,,
/Return/ReturnData/IRS990/TransfersFrom/AddressForeign/City,F9_11_PC_TRFRADFOCIIT,,0,Address Foreign - City,,,F990-PC-PART-11-LINE-107,F990,PC,PART-11,,PC,,,,,,,,,,,,
/Return/ReturnData/IRS990/TransfersFrom/AddressForeign/Country,F9_11_PC_TRFRADFOCOOU,,0,Address Foreign - Country,,,F990-PC-PART-11-LINE-107,F990,PC,PART-11,,PC,,,,,,,,,,,,
/Return/ReturnData/IRS990/TransfersFrom/AddressForeign/PostalCode,F9_11_PC_TRFRADFOPOCO,,0,Address Foreign - Postal code,,,F990-PC-PART-11-LINE-107,F990,PC,PART-11,,PC,,,,,,,,,,,,
/Return/ReturnData/IRS990/TransfersFrom/AddressForeign/ProvinceOrState,F9_11_PC_TFAFPOSTATE,,0,Province or state,,,F990-PC-PART-11-LINE-107,F990,PC,PART-11,,PC,,,,,,,,,,,,
/Return/ReturnData/IRS990/TransfersFrom/AddressUS/AddressLine1,F9_11_PC_TRFRADADLIIN1,,0,Address US - AddressLine1,,,F990-PC-PART-11-LINE-107,F990,PC,PART-11,,PC,,,,,,,,,,,,
/Return/ReturnData/IRS990/TransfersFrom/AddressUS/AddressLine2,F9_11_PC_TRFRADADLIIN2,,0,Address US - AddressLine2,,,F990-PC-PART-11-LINE-107,F990,PC,PART-11,,PC,,,,,,,,,,,,
/Return/ReturnData/IRS990/TransfersFrom/AddressUS/City,F9_11_PC_TRAFROADDCIT,,0,Address US - City,,,F990-PC-PART-11-LINE-107,F990,PC,PART-11,,PC,,,,,,,,,,,,
/Return/ReturnData/IRS990/TransfersFrom/AddressUS/State,F9_11_PC_TRAFROADDSTA,,0,Address US - State,,,F990-PC-PART-11-LINE-107,F990,PC,PART-11,,PC,,,,,,,,,,,,
/Return/ReturnData/IRS990/TransfersFrom/AddressUS/ZIPCode,F9_11_PC_TFAZIPCODE,,0,Address US - ZIPCode,,,F990-PC-PART-11-LINE-107,F990,PC,PART-11,,PC,,,,,,,,,,,,
/Return/ReturnData/IRS990/TransfersFrom/Amount,F9_11_PC_TRANFROMAMOU,,0,Amount of transfer,,,F990-PC-PART-11-LINE-107,F990,PC,PART-11,,PC,,,,,,,,,,,,
/Return/ReturnData/IRS990/TransfersFrom/Description,F9_11_PC_TRANFROMDESC,,0,Description of transfer,,,F990-PC-PART-11-LINE-107,F990,PC,PART-11,,PC,,,,,,,,,,,,
/Return/ReturnData/IRS990/TransfersFrom/EIN,F9_11_PC_TRFREIINN,,0,Transfers From - EIN,,,F990-PC-PART-11-LINE-107,F990,PC,PART-11,,PC,,,,,,,,,,,,
/Return/ReturnData/IRS990/TransfersFrom/Name/BusinessNameLine1,F9_11_PC_TRFRNABUNALI1,,0,Name - BusinessNameLine1,,,F990-PC-PART-11-LINE-107,F990,PC,PART-11,,PC,,,,,,,,,,,,
/Return/ReturnData/IRS990/TransfersFrom/Name/BusinessNameLine2,F9_11_PC_TRFRNABUNALI2,,0,Name - BusinessNameLine2,,,F990-PC-PART-11-LINE-107,F990,PC,PART-11,,PC,,,,,,,,,,,,
/Return/ReturnData/IRS990/TransfersFromControlledOrg,F9_11_PC_TRAFROCONORG,,0,Did the reporting organization receive any transfers from a controlled entity?,,,F990-PC-PART-11-LINE-107,F990,PC,PART-11,,PC,BooleanType,,,,,,,,,,,
/Return/ReturnData/IRS990/TransfersTo/AddressForeign/AddressLine1,F9_04_PC_TRTOADFOADLI1,,0,Address Foreign - AddressLine1,,,F990-PC-PART-04-LINE-36,F990,PC,PART-04,,PC,,,,,,,,,,,,
/Return/ReturnData/IRS990/TransfersTo/AddressForeign/AddressLine2,F9_04_PC_TRTOADFOADLI2,,0,Address Foreign - AddressLine2,,,F990-PC-PART-04-LINE-36,F990,PC,PART-04,,PC,,,,,,,,,,,,
/Return/ReturnData/IRS990/TransfersTo/AddressForeign/City,F9_04_PC_TRTOADFOCIIT,,0,Address Foreign - City,,,F990-PC-PART-04-LINE-36,F990,PC,PART-04,,PC,,,,,,,,,,,,
/Return/ReturnData/IRS990/TransfersTo/AddressForeign/Country,F9_04_PC_TRTOADFOCOOU,,0,Address Foreign - Country,,,F990-PC-PART-04-LINE-36,F990,PC,PART-04,,PC,,,,,,,,,,,,
/Return/ReturnData/IRS990/TransfersTo/AddressForeign/PostalCode,F9_04_PC_TRTOADFOPOCO,,0,Address Foreign - Postal code,,,F990-PC-PART-04-LINE-36,F990,PC,PART-04,,PC,,,,,,,,,,,,
/Return/ReturnData/IRS990/TransfersTo/AddressForeign/ProvinceOrState,F9_04_PC_TTAFPOSTATE,,0,Province or state,,,F990-PC-PART-04-LINE-36,F990,PC,PART-04,,PC,,,,,,,,,,,,
/Return/ReturnData/IRS990/TransfersTo/AddressUS/AddressLine1,F9_04_PC_TRTOADADLIIN1,,0,Address US - AddressLine1,,,F990-PC-PART-04-LINE-36,F990,PC,PART-04,,PC,,,,,,,,,,,,
/Return/ReturnData/IRS990/TransfersTo/AddressUS/AddressLine2,F9_04_PC_TRTOADADLIIN2,,0,Address US - AddressLine2,,,F990-PC-PART-04-LINE-36,F990,PC,PART-04,,PC,,,,,,,,,,,,
/Return/ReturnData/IRS990/TransfersTo/AddressUS/City,F9_04_PC_TRATOAADDCIT,,0,Address US - City,,,F990-PC-PART-04-LINE-36,F990,PC,PART-04,,PC,,,,,,,,,,,,
/Return/ReturnData/IRS990/TransfersTo/AddressUS/State,F9_04_PC_TRATOAADDSTA,,0,Address US - State,,,F990-PC-PART-04-LINE-36,F990,PC,PART-04,,PC,,,,,,,,,,,,
/Return/ReturnData/IRS990/TransfersTo/AddressUS/ZIPCode,F9_04_PC_TTAZIPCODE,,0,Address US - ZIPCode,,,F990-PC-PART-04-LINE-36,F990,PC,PART-04,,PC,,,,,,,,,,,,
/Return/ReturnData/IRS990/TransfersTo/Amount,F9_11_PC_TRANTOAMAMOU,,0,Amount of transfer,,,F990-PC-PART-11-LINE-106,F990,PC,PART-11,,PC,,,,,,,,,,,,
/Return/ReturnData/IRS990/TransfersTo/Description,F9_11_PC_TRANTODEDESC,,0,Description of transfer,,,F990-PC-PART-11-LINE-106,F990,PC,PART-11,,PC,,,,,,,,,,,,
/Return/ReturnData/IRS990/TransfersTo/EIN,F9_11_PC_TRTOEIINN,,0,Transfers To - EIN,,,F990-PC-PART-11-LINE-106,F990,PC,PART-11,,PC,,,,,,,,,,,,
/Return/ReturnData/IRS990/TransfersTo/Name/BusinessNameLine1,F9_04_PC_TRTONABUNALI1,,0,Name - BusinessNameLine1,,,F990-PC-PART-04-LINE-36,F990,PC,PART-04,,PC,,,,,,,,,,,,
/Return/ReturnData/IRS990/TransfersTo/Name/BusinessNameLine2,F9_04_PC_TRTONABUNALI2,,0,Name - BusinessNameLine2,,,F990-PC-PART-04-LINE-36,F990,PC,PART-04,,PC,,,,,,,,,,,,
/Return/ReturnData/IRS990/TransfersToControlledOrg,F9_11_PC_TRATOCCONORG,,0,Did the reporting organization make any transfers to a controlled entity?,,,F990-PC-PART-11-LINE-106,F990,PC,PART-11,,PC,BooleanType,,,,,,,,,,,
/Return/ReturnData/IRS990/TxblSbsdryDisregardedEntInfo/AddressForeign/AddressLine1,F9_04_PC_SDEIAFALINE11,,0,Address Foreign - AddressLine1,,,F990-PC-PART-04-LINE-33,F990,PC,PART-04,,PC,,,,,,,,,,,,
/Return/ReturnData/IRS990/TxblSbsdryDisregardedEntInfo/AddressForeign/AddressLine2,F9_04_PC_SDEIAFALINE22,,0,Address Foreign - AddressLine2,,,F990-PC-PART-04-LINE-33,F990,PC,PART-04,,PC,,,,,,,,,,,,
/Return/ReturnData/IRS990/TxblSbsdryDisregardedEntInfo/AddressForeign/City,F9_04_PC_SDEIAFCITY,,0,Address Foreign - City,,,F990-PC-PART-04-LINE-33,F990,PC,PART-04,,PC,,,,,,,,,,,,
/Return/ReturnData/IRS990/TxblSbsdryDisregardedEntInfo/AddressForeign/Country,F9_04_PC_SDEIAFCOUNTR,,0,Address Foreign - Country,,,F990-PC-PART-04-LINE-33,F990,PC,PART-04,,PC,,,,,,,,,,,,
/Return/ReturnData/IRS990/TxblSbsdryDisregardedEntInfo/AddressForeign/PostalCode,F9_04_PC_SDEIAFPCODE,,0,Address Foreign - Postal code,,,F990-PC-PART-04-LINE-33,F990,PC,PART-04,,PC,,,,,,,,,,,,
/Return/ReturnData/IRS990/TxblSbsdryDisregardedEntInfo/AddressForeign/ProvinceOrState,F9_04_PC_SDEIAFPOSTAT,,0,Province or state,,,F990-PC-PART-04-LINE-33,F990,PC,PART-04,,PC,,,,,,,,,,,,
/Return/ReturnData/IRS990/TxblSbsdryDisregardedEntInfo/AddressUS/AddressLine1,F9_04_PC_SDEIAALINE11,,0,Address US - AddressLine1,,,F990-PC-PART-04-LINE-33,F990,PC,PART-04,,PC,StreetAddressType,,,,,,,,,,,
/Return/ReturnData/IRS990/TxblSbsdryDisregardedEntInfo/AddressUS/AddressLine2,F9_04_PC_SDEIAALINE22,,0,Address US - AddressLine2,,,F990-PC-PART-04-LINE-33,F990,PC,PART-04,,PC,,,,,,,,,,,,
/Return/ReturnData/IRS990/TxblSbsdryDisregardedEntInfo/AddressUS/City,F9_04_PC_SBDIENINADCI,,0,Address US - City,,,F990-PC-PART-04-LINE-33,F990,PC,PART-04,,PC,CityType,,,,,,,,,,,
/Return/ReturnData/IRS990/TxblSbsdryDisregardedEntInfo/AddressUS/State,F9_04_PC_SBDIENINADST,,0,Address US - State,,,F990-PC-PART-04-LINE-33,F990,PC,PART-04,,PC,StateType,,,,,,,,,,,
/Return/ReturnData/IRS990/TxblSbsdryDisregardedEntInfo/AddressUS/ZIPCode,F9_04_PC_SDEIAZIPCODE,,0,Address US - ZIPCode,,,F990-PC-PART-04-LINE-33,F990,PC,PART-04,,PC,ZIPCodeType,,,,,,,,,,,
/Return/ReturnData/IRS990/TxblSbsdryDisregardedEntInfo/EIN,F9_09_PC_SDEIEIN,,0,EIN of corporation; partnership; or disregarded entity,,,F990-PC-PART-09,F990,PC,,,PC,EINType,,,,,,,,,,,
/Return/ReturnData/IRS990/TxblSbsdryDisregardedEntInfo/EndOfYearAssets,F9_09_PC_SDEIEOYASSET,,0,End-of-year assets,,,F990-PC-PART-09,F990,PC,,,PC,USAmountType,,,,,,,,,,,
/Return/ReturnData/IRS990/TxblSbsdryDisregardedEntInfo/Name/BusinessNameLine1,F9_04_PC_SDEINBNLINE11,,0,Name - BusinessNameLine1,,,F990-PC-PART-04-LINE-33,F990,PC,PART-04,,PC,BusinessNameLine1Type,,,,,,,,,,,
/Return/ReturnData/IRS990/TxblSbsdryDisregardedEntInfo/Name/BusinessNameLine2,F9_04_PC_SDEINBNLINE22,,0,Name - BusinessNameLine2,,,F990-PC-PART-04-LINE-33,F990,PC,PART-04,,PC,,,,,,,,,,,,
/Return/ReturnData/IRS990/TxblSbsdryDisregardedEntInfo/NatureOfActivities,F9_09_PC_SDEINOACTIVI,,0,Nature of Activities,,,F990-PC-PART-09,F990,PC,,,PC,LineExplanationType,,,,,,,,,,,
/Return/ReturnData/IRS990/TxblSbsdryDisregardedEntInfo/PercentageOfOwnershipInterest,F9_09_PC_SDEIPOOINTER,,0,Percentage of ownership interest,,,F990-PC-PART-09,F990,PC,,,PC,LargeRatioType,,,,,,,,,,,
/Return/ReturnData/IRS990/TxblSbsdryDisregardedEntInfo/TotalIncome,F9_09_PC_SBDIENINTOIN,,0,Txbl Sbsdry Disregarded Ent Info - Total income,,,F990-PC-PART-09,F990,PC,,,PC,USAmountType,,,,,,,,,,,
/Return/ReturnData/IRS990/ValueOfDonatedServicesEtc,F9_06_PC_VALDONSERETC,,0,Value of donated services and use of facilities etc,,,F990-PC-PART-06-LINE-82b,F990,,PART-06,,PC,USAmountNNType,,,,,,,,,,,
/Return/ReturnData/IRS990EZ/GrossReceiptsLessThan25000Ind,F9_00_EZ_GRRELETHINND,,0,Indicates gross receipts less than $25;000 ,,,F990-EZ-PART-00-SECTION-K,F990,EZ,PART-00,Section K,EZ,,,,,,,,,,,,
/Return/ReturnData/IRS990EZ/OtherAssets/Description,F9_10_PZ_OTHEASSEDESC,,0,Other Assets - Description,,,F990-EZ-PART-02-LINE-24,F990,EZ,,,PZ,,,,,,,,,,,,
/Return/ReturnData/IRS990EZ/OtherExpenses/Description,F9_09_PZ_OTHEEXPEDESC,,0,Other Expenses - description,,,F990-EZ-PART-01-LINE-16,F990,EZ,,,,,,,,,,,,,,,
/Return/ReturnData/IRS990EZ/OtherRevenue/Description,F9_01_EZ_OTHEREVEDESC,,0,Other Revenue - Description,,,F990-EZ-PART-01-LINE-08,F990,EZ,PART-01,Line 08,,,,,,,,,,,,,
/Return/ReturnData/IRS990EZ/PYSalariesCompEmpBnftPaidAmt,F9_01_PZ_PYSCEBPAID,,0,Salaries; etc - PY,,,F990-EZ-PART-01,F990,EZ,,,PZ,,,,,FALSE,,,,,,,PY-no exist
/Return/ReturnData/IRS990EZ/SalariesEtcPriorYear,F9_01_PZ_SALETCPRIYEA,,0,Salaries; etc - PY,,,F990-EZ-PART-01,F990,EZ,,,PZ,,,,,FALSE,,,,,,,PY-no exist
/Return/ReturnData/IRS990EZ/TotalLiabilities/Description,F9_02_EZ_TOTALIABDESC,,0,Total Liabilities - Description,,,F990-EZ-PART-02-LINE-26,F990,EZ,PART-02,,EZ,,,,,,,,,,,,
/Return/ReturnData/IRS990EZ/TotNumberOfOthEmplPaidOver50k,F9_06_EZ_TONUOTEMPAOV,,0,Total number of other employees paid over $100;000,,,F990-EZ-PART-06-LINE-50,F990,EZ,PART-06,,EZ,IntegerNNType,,,,,,,,,,,
/Return/ReturnData/IRS990EZ/TotNumOfCntrctPdOver50kProfSer,F9_02_EZ_TONUCNOVPRSE,,0,Total number of other independent contractors receiving over $100;000,,,F990-EZ-PART-02,F990,EZ,PART-02,,EZ,,,,,,,,,,,,
/Return/ReturnData/TransferPrsnlBnftContractsDecl/Declaration,F9_00_EZ_DECLARATIONE,,0,Transfer Prsnl Bnft Contracts Decl - Declaration,,,F990-EZ-PART-00,F990,EZ,PART-05,Line 00,EZ,ExplanationType,,,,,,,,,,,
/Return/ReturnData/TransferPrsnlBnftContractsDecl/DeclarationDesc,F9_00_EZ_DECLARDESCES,,0,Transfer Prsnl Bnft Contracts Decl - DeclarationDesc,,,F990-EZ-PART-00,F990,EZ,PART-05,Line 00,EZ,ExplanationType,,,,,,,,,,,
