xpath,variable_name,variable_name_new,nch,description,location_code_xsd,location_code,form,version,part,line_number,scope,data_type_xsd,data_type_simple,cardinality,rdb_table,required,versions,latest_version,duplicated,current_version,production_rule,validated
/Return/ReturnData/IRS990/ForeignActivities,F9_04_PC_FOREIGACTIVI,F9_04_ACT_OR_INVEST_FRGN_X,26,Foreign activities; etc?,[ForeignActivities] Part IV Line 14b,F990-PC-PART-04-LINE-14B,F990-PC,PC,PART-04,Line 14b,PC,BooleanType,checkbox,ONE,F9-P04-T00-REQUIRED-SCHEDULES,,2009v1.0;2009v1.1;2009v1.2;2009v1.3;2009v1.4;2009v1.7;2010v3.2;2010v3.4;2010v3.6;2010v3.7;2011v1.2;2011v1.3;2011v1.4;2011v1.5;2012v2.0;2012v2.1;2012v2.2;2012v2.3;2012v3.0,2012,F,T,,
/Return/ReturnData/IRS990/ForeignActivitiesInd,F9_04_PC_FOREIGACTIVI,F9_04_ACT_OR_INVEST_FRGN_X,26,Foreign activities; etc?,[ForeignActivitiesInd] Part IV Line 14b,F990-PC-PART-04-LINE-14B,F990-PC,PC,PART-04,Line 14b,PC,BooleanType,checkbox,ONE,F9-P04-T00-REQUIRED-SCHEDULES,,2013v3.0;2013v3.1;2013v4.0;2014v5.0;2014v6.0;2015v2.0;2015v2.1;2015v3.0;2016v3.0,2016,F,T,,
/Return/ReturnData/IRS990/ReportLandBldgEquip,F9_04_PC_REPLANBLDEQU,F9_04_AMT_LAND_BLDG_EQUIP_X,27,Balance sheet land; buildings; equipment amounts reported?,[ReportLandBldgEquip] Part IV Line 11a,F990-PC-PART-04-LINE-11A,F990-PC,PC,PART-04,Line 11a,PC,BooleanType,checkbox,ONE,F9-P04-T00-REQUIRED-SCHEDULES,,2010v3.2;2010v3.4;2010v3.6;2010v3.7;2011v1.2;2011v1.3;2011v1.4;2011v1.5;2012v2.0;2012v2.1;2012v2.2;2012v2.3;2012v3.0,2012,F,T,,
/Return/ReturnData/IRS990/ReportLandBuildingEquipmentInd,F9_04_PC_REPLANBUIEQU,F9_04_AMT_LAND_BLDG_EQUIP_X,27,Balance sheet land; buildings; equipment amounts reported?,[ReportLandBuildingEquipmentInd] Part IV Line 11a,F990-PC-PART-04-LINE-11A,F990-PC,PC,PART-04,Line 11a,PC,BooleanType,checkbox,ONE,F9-P04-T00-REQUIRED-SCHEDULES,,2013v3.0;2013v3.1;2013v4.0;2014v5.0;2014v6.0;2015v2.0;2015v2.1;2015v3.0;2016v3.0,2016,F,T,,
/Return/ReturnData/IRS990/BalanceSheetAmountsReported,F9_04_PC_BALSHEAMOREP,F9_04_BALANCE_SHEET_AMT_X,25,Balance sheet amounts reported?,[BalanceSheetAmountsReported] Part IV Line 11,F990-PC-PART-04-LINE-11,F990-PC,PC,PART-04,Line 11,PC,BooleanType,checkbox,ONE,F9-P04-T00-REQUIRED-SCHEDULES,,2009v1.0;2009v1.1;2009v1.2;2009v1.3;2009v1.4;2009v1.7,2009,F,T,,
/Return/ReturnData/IRS990/ConservationEasements,F9_04_PC_CONSEREASEME,F9_04_CONSERV_EASEMENTS_X,25,Conservation easements?,[ConservationEasements] Part IV Line 7,F990-PC-PART-04-LINE-07,F990-PC,PC,PART-04,Line 7,PC,BooleanType,checkbox,ONE,F9-P04-T00-REQUIRED-SCHEDULES,,2009v1.0;2009v1.1;2009v1.2;2009v1.3;2009v1.4;2009v1.7;2010v3.2;2010v3.4;2010v3.6;2010v3.7;2011v1.2;2011v1.3;2011v1.4;2011v1.5;2012v2.0;2012v2.1;2012v2.2;2012v2.3;2012v3.0,2012,F,T,,
/Return/ReturnData/IRS990/ConservationEasementsInd,F9_04_PC_CONSEREASEME,F9_04_CONSERV_EASEMENTS_X,25,Conservation easements?,[ConservationEasementsInd] Part IV Line 7,F990-PC-PART-04-LINE-07,F990-PC,PC,PART-04,Line 7,PC,BooleanType,checkbox,ONE,F9-P04-T00-REQUIRED-SCHEDULES,,2013v3.0;2013v3.1;2013v4.0;2014v5.0;2014v6.0;2015v2.0;2015v2.1;2015v3.0;2016v3.0,2016,F,T,,
/Return/ReturnData/IRS990/ConsolidatedAuditFinancialStmt,F9_04_PC_CONAUDFINSTM,F9_04_CONSOL_AUDIT_FINSTAT_X,28,Consolidated audited financial statement?,[ConsolidatedAuditFinancialStmt] Part IV Line 12b,F990-PC-PART-04-LINE-12B,F990-PC,PC,PART-04,Line 12b,PC,BooleanType,checkbox,ONE,F9-P04-T00-REQUIRED-SCHEDULES,,2010v3.2;2010v3.4;2010v3.6;2010v3.7;2011v1.2;2011v1.3;2011v1.4;2011v1.5;2012v2.0;2012v2.1;2012v2.2;2012v2.3;2012v3.0,2012,T,T,,
/Return/ReturnData/IRS990/ConsolidatedAuditFinclStmtInd,F9_04_PC_CONAUDFINSTM,F9_04_CONSOL_AUDIT_FINSTAT_X,28,Consolidated audited financial statement?,[ConsolidatedAuditFinclStmtInd] Part IV Line 12b,F990-PC-PART-04-LINE-12B,F990-PC,PC,PART-04,Line 12b,PC,BooleanType,checkbox,ONE,F9-P04-T00-REQUIRED-SCHEDULES,,2013v3.0;2013v3.1;2013v4.0;2014v5.0;2014v6.0;2015v2.0;2015v2.1;2015v3.0;2016v3.0,2016,F,T,,
/Return/ReturnData/IRS990/DeductibleArtContributionInd,F9_04_PC_ARTCONT,F9_04_CONTR_ART_OR_HIST_X,25,"Did the organization receive contributions of art, historical treasures, or other similar assets, or qualified conservation contributions?",[DeductibleArtContributionInd] Part IV Line 30,F990-PC-PART-04-LINE-30,F990-PC,PC,PART-04,Line 30,PC,BooleanType,checkbox,ONE,F9-P04-T00-REQUIRED-SCHEDULES,TRUE,2013v3.0;2013v3.1;2013v4.0;2014v5.0;2014v6.0;2015v2.0;2015v2.1;2015v3.0;2016v3.0,2016,F,T,,
/Return/ReturnData/IRS990/DeductibleContributionsOfArt,F9_04_PC_ARTCONT,F9_04_CONTR_ART_OR_HIST_X,25,"Did the organization receive contributions of art, historical treasures, or other similar assets, or qualified conservation contributions?",[DeductibleContributionsOfArt] Part IV Line 30,F990-PC-PART-04-LINE-30,F990-PC,PC,PART-04,Line 30,PC,BooleanType,checkbox,ONE,F9-P04-T00-REQUIRED-SCHEDULES,TRUE,2009v1.0;2009v1.1;2009v1.2;2009v1.3;2009v1.4;2009v1.7;2010v3.2;2010v3.4;2010v3.6;2010v3.7;2011v1.2;2011v1.3;2011v1.4;2011v1.5;2012v2.0;2012v2.1;2012v2.2;2012v2.3;2012v3.0,2012,F,T,,
/Return/ReturnData/IRS990/DeductibleNonCashContributions,F9_04_PC_NONCASHCONT,F9_04_CONTR_NONCASH_X,21,"Did the organization receive more than $25,000 in non-cash contributions?",[DeductibleNonCashContributions] Part IV Line 29,F990-PC-PART-04-LINE-29,F990-PC,PC,PART-04,Line 29,PC,BooleanType,checkbox,ONE,F9-P04-T00-REQUIRED-SCHEDULES,TRUE,2009v1.0;2009v1.1;2009v1.2;2009v1.3;2009v1.4;2009v1.7;2010v3.2;2010v3.4;2010v3.6;2010v3.7;2011v1.2;2011v1.3;2011v1.4;2011v1.5;2012v2.0;2012v2.1;2012v2.2;2012v2.3;2012v3.0,2012,F,T,,
/Return/ReturnData/IRS990/DeductibleNonCashContriInd,F9_04_PC_NONCASHCONT,F9_04_CONTR_NONCASH_X,21,"Did the organization receive more than $25,000 in non-cash contributions?",[DeductibleNonCashContriInd] Part IV Line 29,F990-PC-PART-04-LINE-29,F990-PC,PC,PART-04,Line 29,PC,BooleanType,checkbox,ONE,F9-P04-T00-REQUIRED-SCHEDULES,TRUE,2013v3.0;2013v3.1;2013v4.0;2014v5.0;2014v6.0;2015v2.0;2015v2.1;2015v3.0;2016v3.0,2016,F,T,,
/Return/ReturnData/IRS990EZ/TransactionWithControlEntInd,F9_04_PZ_TRANCONTRDENT,F9_04_CONTROLLED_ENTITY_TRANSAC_X,33,"If ""yes"" to line 35A, did the organization receive any payment from or engage in any transactionwith a controlled entity within the meaning of section 512(b)(13)?",[TransactionWithControlEntInd] Part V Line 45b,F990-EZ-PART-05-LINE-45B,F990-EZ,EZ,PART-05,Line 45b,PZ,BooleanType,checkbox,ONE,F9-P04-T00-REQUIRED-SCHEDULES,FALSE,2013v3.0;2013v3.1;2013v4.0;2014v5.0;2014v6.0;2015v2.0;2015v2.1;2015v3.0;2016v3.0,2016,F,T,,
/Return/ReturnData/IRS990/TransactionRelatedEntity,F9_04_PZ_CONTROLLEDENT,F9_04_CONTROLLED_ENTITY_TRANSAC_X,33,Did the organization have a controlled entity within the meaning of section 512(b)(13)?,[TransactionRelatedEntity] Part IV Line 35b,F990-PC-PART-04-LINE-35B,F990-PC,PC,PART-04,Line 35b,PZ,BooleanType,checkbox,ONE,F9-P04-T00-REQUIRED-SCHEDULES,TRUE,2011v1.2;2011v1.3;2011v1.4;2011v1.5;2012v2.0;2012v2.1;2012v2.2;2012v2.3;2012v3.0,2012,T,T,,
/Return/ReturnData/IRS990/TransactionWithControlEntInd,F9_04_PZ_TRANCONTRDENT,F9_04_CONTROLLED_ENTITY_TRANSAC_X,33,"If ""yes"" to line 35A, did the organization receive any payment from or engage in any transactionwith a controlled entity within the meaning of section 512(b)(13)?",[TransactionWithControlEntInd] Part IV Line 35b,F990-PC-PART-04-LINE-35B,F990-PC,PC,PART-04,Line 35b,PZ,BooleanType,checkbox,ONE,F9-P04-T00-REQUIRED-SCHEDULES,FALSE,2013v3.0;2013v3.1;2013v4.0;2014v5.0;2014v6.0;2015v2.0;2015v2.1;2015v3.0;2016v3.0,2016,F,T,,
/Return/ReturnData/IRS990EZ/RelatedOrganizationCtrlEntInd,F9_04_PZ_RELORGCTRENT,F9_04_CONTROLLED_ENTITY_X,25,Did the organization have a controlled entity within the meaning of section 512(b)(13)?,[RelatedOrganizationCtrlEntInd] Part V Line 45a,F990-EZ-PART-05-LINE-45A,F990-EZ,EZ,PART-05,Line 45a,PZ,BooleanType,checkbox,ONE,F9-P04-T00-REQUIRED-SCHEDULES,,2013v3.0;2013v3.1;2013v4.0;2014v5.0;2014v6.0;2015v2.0;2015v2.1;2015v3.0;2016v3.0,2016,F,T,,
/Return/ReturnData/IRS990EZ/RelatedOrgControlledEntity,F9_04_PZ_CONTROLLEDENT,F9_04_CONTROLLED_ENTITY_X,25,Did the organization have a controlled entity within the meaning of section 512(b)(13)?,[RelatedOrgControlledEntity] Part V Line 45a,F990-EZ-PART-05-LINE-45A,F990-EZ,EZ,PART-05,Line 45a,PZ,BooleanType,checkbox,ONE,F9-P04-T00-REQUIRED-SCHEDULES,FALSE,2011v1.4;2011v1.5;2012v2.0;2012v2.1;2012v2.2;2012v2.3;2012v3.0,2012,T,T,,
/Return/ReturnData/IRS990/RelatedOrganizationCtrlEntInd,F9_04_PC_CONTROLLEDENT,F9_04_CONTROLLED_ENTITY_X,25,Did the organization have a controlled entity within the meaning of section 512(b)(13)?,[RelatedOrganizationCtrlEntInd] Part IV Line 35a,F990-PC-PART-04-LINE-35A,F990-PC,PC,PART-04,Line 35a,PZ,BooleanType,checkbox,ONE,F9-P04-T00-REQUIRED-SCHEDULES,TRUE,2013v3.0;2013v3.1;2013v4.0;2014v5.0;2014v6.0;2015v2.0;2015v2.1;2015v3.0;2016v3.0,2016,F,T,,
/Return/ReturnData/IRS990/RelatedOrgControlledEntity,F9_04_PC_CONTROLLEDENT,F9_04_CONTROLLED_ENTITY_X,25,Did the organization have a controlled entity within the meaning of section 512(b)(13)?,[RelatedOrgControlledEntity] Part IV Line 35a,F990-PC-PART-04-LINE-35A,F990-PC,PC,PART-04,Line 35a,PZ,BooleanType,checkbox,ONE,F9-P04-T00-REQUIRED-SCHEDULES,TRUE,2011v1.2;2011v1.3;2011v1.4;2011v1.5;2012v2.0;2012v2.1;2012v2.2;2012v2.3;2012v3.0,2012,T,T,,
/Return/ReturnData/IRS990/DescribedIn501C3,F9_04_PC_DESCIN50C3,F9_04_DESC_IN_501C3_X,21,Described in 501(c)(3)?,[DescribedIn501C3] Part IV Line 1,F990-PC-PART-04-LINE-01,F990-PC,PC,PART-04,Line 1,PC,BooleanType,checkbox,ONE,F9-P04-T00-REQUIRED-SCHEDULES,,2009v1.0;2009v1.1;2009v1.2;2009v1.3;2009v1.4;2009v1.7;2010v3.2;2010v3.4;2010v3.6;2010v3.7;2011v1.2;2011v1.3;2011v1.4;2011v1.5;2012v2.0;2012v2.1;2012v2.2;2012v2.3;2012v3.0,2012,F,T,,
/Return/ReturnData/IRS990/DescribedInSection501c3Ind,F9_04_PC_DESINSSECIND,F9_04_DESC_IN_501C3_X,21,Described in 501(c)(3)?,[DescribedInSection501c3Ind] Part IV Line 1,F990-PC-PART-04-LINE-01,F990-PC,PC,PART-04,Line 1,PC,BooleanType,checkbox,ONE,F9-P04-T00-REQUIRED-SCHEDULES,,2013v3.0;2013v3.1;2013v4.0;2014v5.0;2014v6.0;2015v2.0;2015v2.1;2015v3.0;2016v3.0,2016,F,T,,
/Return/ReturnData/IRS990EZ/OrganizationDissolvedEtc,F9_02_PZ_DISCONDISPO,F9_04_DISPOSE_ASSETS_OVER_25_X,30,Discontinued ops or disposed 25pct assets,[OrganizationDissolvedEtc] Part V Line 36,F990-EZ-PART-05-LINE-36,F990-EZ,PZ,PART-02,Line 36,PZ,BooleanType,checkbox,ONE,F9-P04-T00-REQUIRED-SCHEDULES,FALSE,2009v1.0;2009v1.1;2009v1.2;2009v1.3;2009v1.4;2009v1.7;2010v3.2;2010v3.4;2010v3.6;2010v3.7;2011v1.2;2011v1.3;2011v1.4;2011v1.5;2012v2.0;2012v2.1;2012v2.2;2012v2.3;2012v3.0,2012,F,T,,
/Return/ReturnData/IRS990EZ/OrganizationDissolvedEtcInd,F9_02_PZ_DISCONDISPO,F9_04_DISPOSE_ASSETS_OVER_25_X,30,Discontinued ops or disposed 25pct assets,[OrganizationDissolvedEtcInd] Part V Line 36,F990-EZ-PART-05-LINE-36,F990-EZ,PZ,PART-02,Line 36,PZ,BooleanType,checkbox,ONE,F9-P04-T00-REQUIRED-SCHEDULES,FALSE,2013v3.0;2013v3.1;2013v4.0;2014v5.0;2014v6.0;2015v2.0;2015v2.1;2015v3.0;2016v3.0,2016,F,T,,
/Return/ReturnData/IRS990/PartialLiquidation,F9_04_PC_PARTIALLIQ,F9_04_DISPOSE_ASSETS_OVER_25_X,30,"Did the organization sell, exchange, dispose of, or transfer more than 25% of its net assets?",[PartialLiquidation] Part IV Line 32,F990-PC-PART-04-LINE-32,F990-PC,PC,PART-04,Line 32,PC,BooleanType,checkbox,ONE,F9-P04-T00-REQUIRED-SCHEDULES,TRUE,2009v1.0;2009v1.1;2009v1.2;2009v1.3;2009v1.4;2009v1.7;2010v3.2;2010v3.4;2010v3.6;2010v3.7;2011v1.2;2011v1.3;2011v1.4;2011v1.5;2012v2.0;2012v2.1;2012v2.2;2012v2.3;2012v3.0,2012,F,T,,
/Return/ReturnData/IRS990/PartialLiquidationInd,F9_04_PC_PARTIALLIQ,F9_04_DISPOSE_ASSETS_OVER_25_X,30,"Did the organization sell, exchange, dispose of, or transfer more than 25% of its net assets?",[PartialLiquidationInd] Part IV Line 32,F990-PC-PART-04-LINE-32,F990-PC,PC,PART-04,Line 32,PC,BooleanType,checkbox,ONE,F9-P04-T00-REQUIRED-SCHEDULES,TRUE,2013v3.0;2013v3.1;2013v4.0;2014v5.0;2014v6.0;2015v2.0;2015v2.1;2015v3.0;2016v3.0,2016,F,T,,
/Return/ReturnData/IRS990EZ/MaintainAnyDonorAdvisedFunds,,F9_04_DONOR_ADV_FUNDS_X,23,,,F990-EZ-PART-05-LINE-44A,F990-EZ,EZ,PART-05,Line 44a,PZ,,checkbox,ONE,F9-P04-T00-REQUIRED-SCHEDULES,,,,,,,
/Return/ReturnData/IRS990EZ/DonorAdvisedFndsInd,,F9_04_DONOR_ADV_FUNDS_X,23,,,F990-EZ-PART-05-LINE-44A,F990-EZ,EZ,PART-05,Line 44a,PZ,,checkbox,ONE,F9-P04-T00-REQUIRED-SCHEDULES,,2013v3.0,,,,,
/Return/ReturnData/IRS990/DonorAdvisedFundInd,F9_04_PC_DONOADVIFUND,F9_04_DONOR_ADV_FUNDS_X,23,Donor advised funds?,[DonorAdvisedFundInd] Part IV Line 6,F990-PC-PART-04-LINE-06,F990-PC,PC,PART-04,Line 6,PZ,BooleanType,checkbox,ONE,F9-P04-T00-REQUIRED-SCHEDULES,,2013v3.0;2013v3.1;2013v4.0;2014v5.0;2014v6.0;2015v2.0;2015v2.1;2015v3.0;2016v3.0,2016,F,T,,
/Return/ReturnData/IRS990/DonorAdvisedFunds,F9_04_PC_DONOADVIFUND,F9_04_DONOR_ADV_FUNDS_X,23,Donor advised funds?,[DonorAdvisedFunds] Part IV Line 6,F990-PC-PART-04-LINE-06,F990-PC,PC,PART-04,Line 6,PZ,BooleanType,checkbox,ONE,F9-P04-T00-REQUIRED-SCHEDULES,,2009v1.0;2009v1.1;2009v1.2;2009v1.3;2009v1.4;2009v1.7;2010v3.2;2010v3.4;2010v3.6;2010v3.7;2011v1.2;2011v1.3;2011v1.4;2011v1.5;2012v2.0;2012v2.1;2012v2.2;2012v2.3;2012v3.0,2012,F,T,,
/Return/ReturnData/IRS990/ScheduleJRequired,F9_04_PC_SCHEJREQREQU,F9_04_DTK_COMP_X,16,"PartVII; Lines 3; 4; or 5 = ""Yes""?",[ScheduleJRequired] Part IV Line 23,F990-PC-PART-04-LINE-23,F990-PC,PC,PART-04,Line 23,PC,BooleanType,checkbox,ONE,F9-P04-T00-REQUIRED-SCHEDULES,,2009v1.0;2009v1.1;2009v1.2;2009v1.3;2009v1.4;2009v1.7;2010v3.2;2010v3.4;2010v3.6;2010v3.7;2011v1.2;2011v1.3;2011v1.4;2011v1.5;2012v2.0;2012v2.1;2012v2.2;2012v2.3;2012v3.0,2012,F,T,,
/Return/ReturnData/IRS990/ScheduleJRequiredInd,F9_04_PC_SCHEJREQREQU,F9_04_DTK_COMP_X,16,"Part VII; Lines 3; 4; or 5 = ""Yes""?",[ScheduleJRequiredInd] Part IV Line 23,F990-PC-PART-04-LINE-23,F990-PC,PC,PART-04,Line 23,PC,BooleanType,checkbox,ONE,F9-P04-T00-REQUIRED-SCHEDULES,,2013v3.0;2013v3.1;2013v4.0;2014v5.0;2014v6.0;2015v2.0;2015v2.1;2015v3.0;2016v3.0,2016,F,T,,
/Return/ReturnData/IRS990/BusinessRlnWithOfficerEntInd,F9_04_PC_BUSTRANENT,F9_04_DTK_ENTITY_BIZ_TRANSAC_X,30,"Was the organization a party to a business transaction with one of the following parties: An entity of which a current or former officer, director, trustee, or key employee (or a family member thereof) was an officer, director, trustee, or direct, or indirect owner?",[BusinessRlnWithOfficerEntInd] Part IV Line 28c,F990-PC-PART-04-LINE-28C,F990-PC,PC,PART-04,Line 28c,PC,BooleanType,checkbox,ONE,F9-P04-T00-REQUIRED-SCHEDULES,TRUE,2013v3.0;2013v3.1;2013v4.0;2014v5.0;2014v6.0;2015v2.0;2015v2.1;2015v3.0;2016v3.0,2016,F,T,,
/Return/ReturnData/IRS990/OfficerEntityWithBsnssRltnshp,F9_04_PC_BUSTRANENT,F9_04_DTK_ENTITY_BIZ_TRANSAC_X,30,"Was the organization a party to a business transaction with one of the following parties: An entity of which a current or former officer, director, trustee, or key employee (or a family member thereof) was an officer, director, trustee, or direct, or indirect owner?",[OfficerEntityWithBsnssRltnshp] Part IV Line 28c,F990-PC-PART-04-LINE-28C,F990-PC,PC,PART-04,Line 28c,PC,BooleanType,checkbox,ONE,F9-P04-T00-REQUIRED-SCHEDULES,TRUE,2009v1.0;2009v1.1;2009v1.2;2009v1.3;2009v1.4;2009v1.7;2010v3.2;2010v3.4;2010v3.6;2010v3.7;2011v1.2;2011v1.3;2011v1.4;2011v1.5;2012v2.0;2012v2.1;2012v2.2;2012v2.3;2012v3.0,2012,F,T,,
/Return/ReturnData/IRS990/BsnssRltnshpThruFamilyMember,F9_04_PC_BUSTRANFAM,F9_04_DTK_FAM_MEMB_BIZ_TRANSAC_X,32,"Was the organization a party to a business transaction with one of the following parties: A family member of a current or former officer, director, trustee, or key employee?",[BsnssRltnshpThruFamilyMember] Part IV Line 28b,F990-PC-PART-04-LINE-28B,F990-PC,PC,PART-04,Line 28b,PC,BooleanType,checkbox,ONE,F9-P04-T00-REQUIRED-SCHEDULES,TRUE,2009v1.0;2009v1.1;2009v1.2;2009v1.3;2009v1.4;2009v1.7;2010v3.2;2010v3.4;2010v3.6;2010v3.7;2011v1.2;2011v1.3;2011v1.4;2011v1.5;2012v2.0;2012v2.1;2012v2.2;2012v2.3;2012v3.0,2012,F,T,,
/Return/ReturnData/IRS990/BusinessRlnWithFamMemInd,F9_04_PC_BUSTRANFAM,F9_04_DTK_FAM_MEMB_BIZ_TRANSAC_X,32,"Was the organization a party to a business transaction with one of the following parties: A family member of a current or former officer, director, trustee, or key employee?",[BusinessRlnWithFamMemInd] Part IV Line 28b,F990-PC-PART-04-LINE-28B,F990-PC,PC,PART-04,Line 28b,PC,BooleanType,checkbox,ONE,F9-P04-T00-REQUIRED-SCHEDULES,TRUE,2013v3.0;2013v3.1;2013v4.0;2014v5.0;2014v6.0;2015v2.0;2015v2.1;2015v3.0;2016v3.0,2016,F,T,,
/Return/ReturnData/IRS990/BsnssRltnshpWithOrganization,F9_04_PC_BUSTRANOFFICER,F9_04_DTK_INDIV_BIZ_TRANSAC_X,29,"Was the organization a party to a business transaction with one of the following parties: A current former officer, director, trustee, or key employee?",[BsnssRltnshpWithOrganization] Part IV Line 28a,F990-PC-PART-04-LINE-28A,F990-PC,PC,PART-04,Line 28a,PC,BooleanType,checkbox,ONE,F9-P04-T00-REQUIRED-SCHEDULES,TRUE,2009v1.0;2009v1.1;2009v1.2;2009v1.3;2009v1.4;2009v1.7;2010v3.2;2010v3.4;2010v3.6;2010v3.7;2011v1.2;2011v1.3;2011v1.4;2011v1.5;2012v2.0;2012v2.1;2012v2.2;2012v2.3;2012v3.0,2012,F,T,,
/Return/ReturnData/IRS990/BusinessRlnWithOrgMemInd,F9_04_PC_BUSTRANOFFICER,F9_04_DTK_INDIV_BIZ_TRANSAC_X,29,"Was the organization a party to a business transaction with one of the following parties: A current former officer, director, trustee, or key employee?",[BusinessRlnWithOrgMemInd] Part IV Line 28a,F990-PC-PART-04-LINE-28A,F990-PC,PC,PART-04,Line 28a,PC,BooleanType,checkbox,ONE,F9-P04-T00-REQUIRED-SCHEDULES,TRUE,2013v3.0;2013v3.1;2013v4.0;2014v5.0;2014v6.0;2015v2.0;2015v2.1;2015v3.0;2016v3.0,2016,F,T,,
/Return/ReturnData/IRS990/LoanOutstandingInd,F9_04_PC_LOANTOIND,F9_04_DTK_PAYABLE_OR_RECVB_X,28,"Did the organization report any amount on Part X, line 5,6, oor 22 for receivables from or payables to any current or former officers, directors, trustees, key employees, highest compensated employees, or disqualified persons?",[LoanOutstandingInd] Part IV Line 26,F990-PC-PART-04-LINE-26,F990-PC,PC,PART-04,Line 26,PZ,BooleanType,checkbox,ONE,F9-P04-T00-REQUIRED-SCHEDULES,TRUE,2013v3.0;2013v3.1;2013v4.0;2014v5.0;2014v6.0;2015v2.0;2015v2.1;2015v3.0;2016v3.0,2016,F,T,,
/Return/ReturnData/IRS990/LoanToOfficerOrDQP,F9_04_PC_LOANTOIND,F9_04_DTK_PAYABLE_OR_RECVB_X,28,"Did the organization report any amount on Part X, line 5,6, oor 22 for receivables from or payables to any current or former officers, directors, trustees, key employees, highest compensated employees, or disqualified persons?",[LoanToOfficerOrDQP] Part IV Line 26,F990-PC-PART-04-LINE-26,F990-PC,PC,PART-04,Line 26,PC,BooleanType,checkbox,,F9-P04-T00-REQUIRED-SCHEDULES,FALSE,2009v1.0;2009v1.1;2009v1.2;2009v1.3;2009v1.4;2009v1.7;2010v3.2;2010v3.4;2010v3.6;2010v3.7;2011v1.2;2011v1.3;2011v1.4;2011v1.5;2012v2.0;2012v2.1;2012v2.2;2012v2.3;2012v3.0,2012,F,T,,
/Return/ReturnData/IRS990EZ/MadeLoansToFromOfficers,,F9_04_DTK_PAYABLE_OR_RECVB_X,,,,F990-EZ-PART-05-LINE-38A,F990-EZ,EZ,PART-05,Line 38a,PZ,,checkbox,ONE,F9-P04-T00-REQUIRED-SCHEDULES,,2012v2.1,,,,,
/Return/ReturnData/IRS990EZ/MadeLoansToFromOfficersInd,,F9_04_DTK_PAYABLE_OR_RECVB_X,,,,F990-EZ-PART-05-LINE-38A,F990-EZ,EZ,PART-05,Line 38a,PZ,,checkbox,ONE,F9-P04-T00-REQUIRED-SCHEDULES,,2016v3.0,,,,,
/Return/ReturnData/IRS990/TempOrPermanentEndowmentsInd,F9_04_PC_TEMPPERMENDO,F9_04_ENDOW_X,13,Term or permanent endowments?,[TempOrPermanentEndowmentsInd] Part IV Line 10,F990-PC-PART-04-LINE-10,F990-PC,PC,PART-04,Line 10,PC,BooleanType,checkbox,ONE,F9-P04-T00-REQUIRED-SCHEDULES,,2013v3.0;2013v3.1;2013v4.0;2014v5.0;2014v6.0;2015v2.0;2015v2.1;2015v3.0;2016v3.0,2016,F,T,,
/Return/ReturnData/IRS990/TermOrPermanentEndowments,F9_04_PC_TERMPERMENDO,F9_04_ENDOW_X,13,Term or permanent endowments?,[TermOrPermanentEndowments] Part IV Line 10,F990-PC-PART-04-LINE-10,F990-PC,PC,PART-04,Line 10,PC,BooleanType,checkbox,ONE,F9-P04-T00-REQUIRED-SCHEDULES,,2009v1.0;2009v1.1;2009v1.2;2009v1.3;2009v1.4;2009v1.7;2010v3.2;2010v3.4;2010v3.6;2010v3.7;2011v1.2;2011v1.3;2011v1.4;2011v1.5;2012v2.0;2012v2.1;2012v2.2;2012v2.3;2012v3.0,2012,F,T,,
/Return/ReturnData/IRS990/CreditCounseling,F9_04_PC_CREDITCOUNSE,F9_04_ESCROW_OR_CREDIT_COUNSEL_X,32,Credit counseling?,[CreditCounseling] Part IV Line 9,F990-PC-PART-04-LINE-09,F990-PC,PC,PART-04,Line 9,PC,BooleanType,checkbox,ONE,F9-P04-T00-REQUIRED-SCHEDULES,,2009v1.0;2009v1.1;2009v1.2;2009v1.3;2009v1.4;2009v1.7;2010v3.2;2010v3.4;2010v3.6;2010v3.7;2011v1.2;2011v1.3;2011v1.4;2011v1.5;2012v2.0;2012v2.1;2012v2.2;2012v2.3;2012v3.0,2012,F,T,,
/Return/ReturnData/IRS990/CreditCounselingInd,F9_04_PC_CREDITCOUNSE,F9_04_ESCROW_OR_CREDIT_COUNSEL_X,32,Credit counseling?,[CreditCounselingInd] Part IV Line 9,F990-PC-PART-04-LINE-09,F990-PC,PC,PART-04,Line 9,PC,BooleanType,checkbox,ONE,F9-P04-T00-REQUIRED-SCHEDULES,,2013v3.0;2013v3.1;2013v4.0;2014v5.0;2014v6.0;2015v2.0;2015v2.1;2015v3.0;2016v3.0,2016,F,T,,
/Return/ReturnData/IRS990EZ/EngagedInExcessBenefitTransInd,F9_04_PZ_EXCESSBENTRANS,F9_04_EXCESS_BENEFIT_CY_X,25,Did the organization engage in an excess benefit transaction with a disqualified person during the year?,[EngagedInExcessBenefitTransInd] Part V Line 40b,F990-EZ-PART-05-LINE-40B,F990-EZ,EZ,PART-05,Line 40b,PZ,BooleanType,checkbox,ONE,F9-P04-T00-REQUIRED-SCHEDULES,FALSE,2013v3.0;2013v3.1;2013v4.0;2014v5.0;2014v6.0;2015v2.0;2015v2.1;2015v3.0;2016v3.0,2016,F,T,,
/Return/ReturnData/IRS990/EngagedInExcessBenefitTransInd,F9_04_PZ_EXCESSBENTRANS,F9_04_EXCESS_BENEFIT_CY_X,25,Did the organization engage in an excess benefit transaction with a disqualified person during the year?,[EngagedInExcessBenefitTransInd] Part IV Line 25a,F990-PC-PART-04-LINE-25A,F990-PC,PC,PART-04,Line 25a,PZ,BooleanType,checkbox,ONE,F9-P04-T00-REQUIRED-SCHEDULES,FALSE,2013v3.0;2013v3.1;2013v4.0;2014v5.0;2014v6.0;2015v2.0;2015v2.1;2015v3.0;2016v3.0,2016,F,T,,
/Return/ReturnData/IRS990/ExcessBenefitTransaction,F9_04_PC_EXCESSBENTRANS,F9_04_EXCESS_BENEFIT_CY_X,25,Did the organization engage in an excess benefit transaction with a disqualified person during the year?,[ExcessBenefitTransaction] Part IV Line 25a,F990-PC-PART-04-LINE-25A,F990-PC,PC,PART-04,Line 25a,PZ,BooleanType,checkbox,ONE,F9-P04-T00-REQUIRED-SCHEDULES,FALSE,2009v1.0;2009v1.1;2009v1.2;2009v1.3;2009v1.4;2009v1.7;2010v3.2;2010v3.4;2010v3.6;2010v3.7;2011v1.2;2011v1.3;2011v1.4;2011v1.5;2012v2.0;2012v2.1;2012v2.2;2012v2.3;2012v3.0,2012,F,T,,
/Return/ReturnData/IRS990/PriorExcessBenefitTransaction,F9_04_PC_PREXCESSBENTRANS,F9_04_EXCESS_BENEFIT_PY_X,25,"Is the organization aware that it engaged in an excess benefit transaction with a disqualified person in a prior year, and that the transaction has not been reported on any of the organization's prior Forms 990 or 990-EZ?",[PriorExcessBenefitTransaction] Part IV Line 25b,F990-PC-PART-04-LINE-25B,F990-PC,PC,PART-04,Line 25b,PC,BooleanType,checkbox,ONE,F9-P04-T00-REQUIRED-SCHEDULES,FALSE,2009v1.0;2009v1.1;2009v1.2;2009v1.3;2009v1.4;2009v1.7;2010v3.2;2010v3.4;2010v3.6;2010v3.7;2011v1.2;2011v1.3;2011v1.4;2011v1.5;2012v2.0;2012v2.1;2012v2.2;2012v2.3;2012v3.0,2012,F,T,,
/Return/ReturnData/IRS990/PYExcessBenefitTransInd,F9_04_PC_PREXCESSBENTRANS,F9_04_EXCESS_BENEFIT_PY_X,25,"Is the organization aware that it engaged in an excess benefit transaction with a disqualified person in a prior year, and that the transaction has not been reported on any of the organization's prior Forms 990 or 990-EZ?",[PYExcessBenefitTransInd] Part IV Line 25b,F990-PC-PART-04-LINE-25B,F990-PC,PC,PART-04,Line 25b,PC,BooleanType,checkbox,ONE,F9-P04-T00-REQUIRED-SCHEDULES,FALSE,2013v3.0;2013v3.1;2013v4.0;2014v5.0;2014v6.0;2015v2.0;2015v2.1;2015v3.0;2016v3.0,2016,F,T,,
/Return/ReturnData/IRS990EZ/TrnsfrExmptNonChrtblRltdOrgInd,F9_04_PZ_TRANSFEXEMPTORG,F9_04_EXEMPT_ORG_TRANFSER_X,27,Did the organization make any transfers to an exempt non-charitable related organization?,[TrnsfrExmptNonChrtblRltdOrgInd] Part VI Line 49a,F990-EZ-PART-06-LINE-49A,F990-EZ,EZ,PART-06,Line 49a,PZ,BooleanType,checkbox,ONE,F9-P04-T00-REQUIRED-SCHEDULES,FALSE,2013v3.0;2013v3.1;2013v4.0;2014v5.0;2014v6.0;2015v2.0;2015v2.1;2015v3.0;2016v3.0,2016,F,T,,
/Return/ReturnData/IRS990/TransfersToExemptNonChrtblOrg,F9_04_PC_TRANSFEXEMPTORG,F9_04_EXEMPT_ORG_TRANFSER_X,27,Did the organization make any transfers to an exempt non-charitable related organization?,[TransfersToExemptNonChrtblOrg] Part IV Line 36,F990-PC-PART-04-LINE-36,F990-PC,PC,PART-04,Line 36,PZ,BooleanType,checkbox,ONE,F9-P04-T00-REQUIRED-SCHEDULES,FALSE,2009v1.0;2009v1.1;2009v1.2;2009v1.3;2009v1.4;2009v1.7;2010v3.2;2010v3.4;2010v3.6;2010v3.7;2011v1.2;2011v1.3;2011v1.4;2011v1.5;2012v2.0;2012v2.1;2012v2.2;2012v2.3;2012v3.0,2012,F,T,,
/Return/ReturnData/IRS990/TrnsfrExmptNonChrtblRltdOrgInd,F9_04_PZ_TRANSFEXEMPTORG,F9_04_EXEMPT_ORG_TRANFSER_X,27,Did the organization make any transfers to an exempt non-charitable related organization?,[TrnsfrExmptNonChrtblRltdOrgInd] Part IV Line 36,F990-PC-PART-04-LINE-36,F990-PC,PC,PART-04,Line 36,PZ,BooleanType,checkbox,ONE,F9-P04-T00-REQUIRED-SCHEDULES,FALSE,2013v3.0;2013v3.1;2013v4.0;2014v5.0;2014v6.0;2015v2.0;2015v2.1;2015v3.0;2016v3.0,2016,F,T,,
/Return/ReturnData/IRS990/IncludeFIN48FootnoteInd,F9_04_PC_INFIINN4FOIN,F9_04_FINSTAT_LIAB_FOOTNOTE_X,29,Balance sheet footnote for liability under FIN 48?,[IncludeFIN48FootnoteInd] Part IV Line 11f,F990-PC-PART-04-LINE-11F,F990-PC,PC,PART-04,Line 11f,PC,BooleanType,checkbox,ONE,F9-P04-T00-REQUIRED-SCHEDULES,,2013v3.0;2013v3.1;2013v4.0;2014v5.0;2014v6.0;2015v2.0;2015v2.1;2015v3.0;2016v3.0,2016,F,T,,
/Return/ReturnData/IRS990/ReportFin48Footnote,F9_04_PC_REPOFIN4FOOT,F9_04_FINSTAT_LIAB_FOOTNOTE_X,29,Balance sheet footnote for liability under FIN 48?,[ReportFin48Footnote] Part IV Line 11f,F990-PC-PART-04-LINE-11F,F990-PC,PC,PART-04,Line 11f,PC,BooleanType,checkbox,ONE,F9-P04-T00-REQUIRED-SCHEDULES,,2010v3.2;2010v3.4;2010v3.6;2010v3.7;2011v1.2;2011v1.3;2011v1.4;2011v1.5;2012v2.0;2012v2.1;2012v2.2;2012v2.3;2012v3.0,2012,F,T,,
/Return/ReturnData/IRS990/FundraisingActivities,F9_04_PC_FUNDRAACTIVI,F9_04_FUNDR_ACT_X,17,Fundraising activities?,[FundraisingActivities] Part IV Line 18,F990-PC-PART-04-LINE-18,F990-PC,PC,PART-04,Line 18,PC,BooleanType,checkbox,ONE,F9-P04-T00-REQUIRED-SCHEDULES,,2009v1.0;2009v1.1;2009v1.2;2009v1.3;2009v1.4;2009v1.7;2010v3.2;2010v3.4;2010v3.6;2010v3.7;2011v1.2;2011v1.3;2011v1.4;2011v1.5;2012v2.0;2012v2.1;2012v2.2;2012v2.3;2012v3.0,2012,F,T,,
/Return/ReturnData/IRS990/FundraisingActivitiesInd,F9_04_PC_FUNDRAACTIVI,F9_04_FUNDR_ACT_X,17,Fundraising activities?,[FundraisingActivitiesInd] Part IV Line 18,F990-PC-PART-04-LINE-18,F990-PC,PC,PART-04,Line 18,PC,BooleanType,checkbox,ONE,F9-P04-T00-REQUIRED-SCHEDULES,,2013v3.0;2013v3.1;2013v4.0;2014v5.0;2014v6.0;2015v2.0;2015v2.1;2015v3.0;2016v3.0,2016,F,T,,
/Return/ReturnData/IRS990/Gaming,F9_04_PC_GAMINGAMING,F9_04_GAMING_ACT_X,18,IRS990 - Gaming?,[Gaming] Part IV Line 19,F990-PC-PART-04-LINE-19,F990-PC,PC,PART-04,Line 19,PC,BooleanType,checkbox,ONE,F9-P04-T00-REQUIRED-SCHEDULES,,2009v1.0;2009v1.1;2009v1.2;2009v1.3;2009v1.4;2009v1.7;2010v3.2;2010v3.4;2010v3.6;2010v3.7;2011v1.2;2011v1.3;2011v1.4;2011v1.5;2012v2.0;2012v2.1;2012v2.2;2012v2.3;2012v3.0,2012,F,T,,
/Return/ReturnData/IRS990/GamingActivitiesInd,F9_04_PC_GAMINGACTIVI,F9_04_GAMING_ACT_X,18,IRS990 - Gaming?,[GamingActivitiesInd] Part IV Line 19,F990-PC-PART-04-LINE-19,F990-PC,PC,PART-04,Line 19,PC,BooleanType,checkbox,ONE,F9-P04-T00-REQUIRED-SCHEDULES,,2013v3.0;2013v3.1;2013v4.0;2014v5.0;2014v6.0;2015v2.0;2015v2.1;2015v3.0;2016v3.0,2016,F,T,,
/Return/ReturnData/IRS990/GrantsToIndividuals,F9_04_PC_GRANTSTOIVID,F9_04_GRANT_INDIV_DMSTC_X,25,Grants to individuals?,[GrantsToIndividuals] Part IV Line 22,F990-PC-PART-04-LINE-22,F990-PC,PC,PART-04,Line 22,PC,BooleanType,checkbox,ONE,F9-P04-T00-REQUIRED-SCHEDULES,,2009v1.0;2009v1.1;2009v1.2;2009v1.3;2009v1.4;2009v1.7;2010v3.2;2010v3.4;2010v3.6;2010v3.7;2011v1.2;2011v1.3;2011v1.4;2011v1.5;2012v2.0;2012v2.1;2012v2.2;2012v2.3;2012v3.0,2012,F,T,,
/Return/ReturnData/IRS990/GrantsToIndividualsInd,F9_04_PC_GRANTSTOIVID,F9_04_GRANT_INDIV_DMSTC_X,25,Grants to individuals?,[GrantsToIndividualsInd] Part IV Line 22,F990-PC-PART-04-LINE-22,F990-PC,PC,PART-04,Line 22,PC,BooleanType,checkbox,ONE,F9-P04-T00-REQUIRED-SCHEDULES,,2013v3.0;2013v3.1;2013v4.0;2014v5.0;2014v6.0;2015v2.0;2015v2.1;2015v3.0;2016v3.0,2016,F,T,,
/Return/ReturnData/IRS990/GrantToRelatedPerson,F9_04_PC_GRANTTOIND,F9_04_GRANT_INDIV_DTK_X,23,"Did the organization provide a grant or other asistance to an officer, director, trustee, key employee, substantial contributor or employee thereof, a grant selection committee member, or to a 35% controlled entity or family member or any of these persons?",[GrantToRelatedPerson] Part IV Line 27,F990-PC-PART-04-LINE-27,F990-PC,PC,PART-04,Line 27,PC,BooleanType,checkbox,ONE,F9-P04-T00-REQUIRED-SCHEDULES,TRUE,2009v1.0;2009v1.1;2009v1.2;2009v1.3;2009v1.4;2009v1.7;2010v3.2;2010v3.4;2010v3.6;2010v3.7;2011v1.2;2011v1.3;2011v1.4;2011v1.5;2012v2.0;2012v2.1;2012v2.2;2012v2.3;2012v3.0,2012,F,T,,
/Return/ReturnData/IRS990/GrantToRelatedPersonInd,F9_04_PC_GRANTTOIND,F9_04_GRANT_INDIV_DTK_X,23,"Did the organization provide a grant or other asistance to an officer, director, trustee, key employee, substantial contributor or employee thereof, a grant selection committee member, or to a 35% controlled entity or family member or any of these persons?",[GrantToRelatedPersonInd] Part IV Line 27,F990-PC-PART-04-LINE-27,F990-PC,PC,PART-04,Line 27,PC,BooleanType,checkbox,ONE,F9-P04-T00-REQUIRED-SCHEDULES,TRUE,2013v3.0;2013v3.1;2013v4.0;2014v5.0;2014v6.0;2015v2.0;2015v2.1;2015v3.0;2016v3.0,2016,F,T,,
/Return/ReturnData/IRS990/MoreThan5000KToIndividuals,F9_04_PC_MOTHKTTOINND,F9_04_GRANT_INDIV_FRGN_X,24,More than $5000 to individuals Part IX; line 3?,[MoreThan5000KToIndividuals] Part IV Line 16,F990-PC-PART-04-LINE-16,F990-PC,PC,PART-04,Line 16,PC,BooleanType,checkbox,ONE,F9-P04-T00-REQUIRED-SCHEDULES,,2009v1.0;2009v1.1;2009v1.2;2009v1.3;2009v1.4;2009v1.7;2010v3.2;2010v3.4;2010v3.6;2010v3.7;2011v1.2;2011v1.3;2011v1.4;2011v1.5;2012v2.0;2012v2.1;2012v2.2;2012v2.3;2012v3.0,2012,F,T,,
/Return/ReturnData/IRS990/MoreThan5000KToIndividualsInd,F9_04_PC_MOTHKTTOININ,F9_04_GRANT_INDIV_FRGN_X,24,More than $5000 to individuals Part IX; line 3?,[MoreThan5000KToIndividualsInd] Part IV Line 16,F990-PC-PART-04-LINE-16,F990-PC,PC,PART-04,Line 16,PC,BooleanType,checkbox,ONE,F9-P04-T00-REQUIRED-SCHEDULES,,2013v3.0;2013v3.1;2013v4.0;2014v5.0;2014v6.0;2015v2.0;2015v2.1;2015v3.0;2016v3.0,2016,F,T,,
/Return/ReturnData/IRS990/GrantsToOrganizations,F9_04_PC_GRANTOORORGA,F9_04_GRANT_ORG_DMSTC_X,23,Grants to organizations?,[GrantsToOrganizations] Part IV Line 21,F990-PC-PART-04-LINE-21,F990-PC,PC,PART-04,Line 21,PC,BooleanType,checkbox,ONE,F9-P04-T00-REQUIRED-SCHEDULES,,2009v1.0;2009v1.1;2009v1.2;2009v1.3;2009v1.4;2009v1.7;2010v3.2;2010v3.4;2010v3.6;2010v3.7;2011v1.2;2011v1.3;2011v1.4;2011v1.5;2012v2.0;2012v2.1;2012v2.2;2012v2.3;2012v3.0,2012,F,T,,
/Return/ReturnData/IRS990/GrantsToOrganizationsInd,F9_04_PC_GRANTOORORGA,F9_04_GRANT_ORG_DMSTC_X,23,Grants to organizations?,[GrantsToOrganizationsInd] Part IV Line 21,F990-PC-PART-04-LINE-21,F990-PC,PC,PART-04,Line 21,PC,BooleanType,checkbox,ONE,F9-P04-T00-REQUIRED-SCHEDULES,,2013v3.0;2013v3.1;2013v4.0;2014v5.0;2014v6.0;2015v2.0;2015v2.1;2015v3.0;2016v3.0,2016,F,T,,
/Return/ReturnData/IRS990/MoreThan5000KToOrganizations,F9_04_PC_MOTHKTTOORRG,F9_04_GRANT_ORG_FRGN_X,22,More than $5000 to organizations Part IX; line 3?,[MoreThan5000KToOrganizations] Part IV Line 15,F990-PC-PART-04-LINE-15,F990-PC,PC,PART-04,Line 15,PC,BooleanType,checkbox,ONE,F9-P04-T00-REQUIRED-SCHEDULES,,2009v1.0;2009v1.1;2009v1.2;2009v1.3;2009v1.4;2009v1.7;2010v3.2;2010v3.4;2010v3.6;2010v3.7;2011v1.2;2011v1.3;2011v1.4;2011v1.5;2012v2.0;2012v2.1;2012v2.2;2012v2.3;2012v3.0,2012,F,T,,
/Return/ReturnData/IRS990/MoreThan5000KToOrgInd,F9_04_PC_MOTHKTTOORIN,F9_04_GRANT_ORG_FRGN_X,22,More than $5000 to organizations Part IX; line 3?,[MoreThan5000KToOrgInd] Part IV Line 15,F990-PC-PART-04-LINE-15,F990-PC,PC,PART-04,Line 15,PC,BooleanType,checkbox,ONE,F9-P04-T00-REQUIRED-SCHEDULES,,2013v3.0;2013v3.1;2013v4.0;2014v5.0;2014v6.0;2015v2.0;2015v2.1;2015v3.0;2016v3.0,2016,F,T,,
/Return/ReturnData/IRS990/AuditedFinancialStatements,F9_04_PC_AUDIFINASTAT,F9_04_HOSPITAL_AUDIT_FINSTAT_X,30,Audited financial statements?,,F990-PC-PART-04-LINE-20B,F990-PC,PC,PART-04,Line 20b,PC,BooleanType,checkbox,ONE,F9-P04-T00-REQUIRED-SCHEDULES,,,,,,,
/Return/ReturnData/IRS990/AuditedFinancialStmtAttInd,F9_04_PC_AUDFINSTMATT,F9_04_HOSPITAL_AUDIT_FINSTAT_X,30,Audited financial statement attached?,[AuditedFinancialStmtAttInd] Part IV Line 20b,F990-PC-PART-04-LINE-20B,F990-PC,PC,PART-04,Line 20b,PC,BooleanType,checkbox,ONE,F9-P04-T00-REQUIRED-SCHEDULES,,2013v3.0;2013v3.1;2013v4.0;2014v5.0;2014v6.0;2015v2.0;2015v2.1;2015v3.0;2016v3.0,2016,F,T,,
/Return/ReturnData/IRS990/FinancialStmtAttached,F9_04_PC_FINASTMTATTA,F9_04_HOSPITAL_AUDIT_FINSTAT_X,30,Audited financial statement attached?,[FinancialStmtAttached] Part IV Line 20b,F990-PC-PART-04-LINE-20B,F990-PC,PC,PART-04,Line 20b,PC,BooleanType,checkbox,ONE,F9-P04-T00-REQUIRED-SCHEDULES,,2010v3.2;2010v3.4;2010v3.6;2010v3.7;2011v1.2;2011v1.3;2011v1.4;2011v1.5;2012v2.0;2012v2.1;2012v2.2;2012v2.3;2012v3.0,2012,F,T,,
/Return/ReturnData/IRS990EZ/OperateHospitalInd,F9_04_PZ_OPERATHOSPIT,F9_04_HOSPITAL_X,16,IRS990 - Hospital?,[OperateHospitalInd] Part V Line 44b,F990-EZ-PART-05-LINE-44B,F990-EZ,EZ,PART-05,Line 44b,PZ,BooleanType,checkbox,ONE,F9-P04-T00-REQUIRED-SCHEDULES,,2013v3.0;2013v3.1;2013v4.0;2014v5.0;2014v6.0;2015v2.0;2015v2.1;2015v3.0;2016v3.0,2016,F,T,,
/Return/ReturnData/IRS990/Hospital,F9_04_PC_HOSPITALOSPI,F9_04_HOSPITAL_X,16,IRS990 - Hospital?,[Hospital] Part IV Line 20a,F990-PC-PART-04-LINE-20A,F990-PC,PC,PART-04,Line 20a,PZ,BooleanType,checkbox,ONE,F9-P04-T00-REQUIRED-SCHEDULES,,2010v3.2;2010v3.4;2010v3.6;2010v3.7;2011v1.2;2011v1.3;2011v1.4;2011v1.5;2012v2.0;2012v2.1;2012v2.2;2012v2.3;2012v3.0,2012,T,T,,
/Return/ReturnData/IRS990/OperateHospitalInd,F9_04_PZ_OPERATHOSPIT,F9_04_HOSPITAL_X,16,IRS990 - Hospital?,[OperateHospitalInd] Part IV Line 20a,F990-PC-PART-04-LINE-20A,F990-PC,PC,PART-04,Line 20a,PZ,BooleanType,checkbox,ONE,F9-P04-T00-REQUIRED-SCHEDULES,,2013v3.0;2013v3.1;2013v4.0;2014v5.0;2014v6.0;2015v2.0;2015v2.1;2015v3.0;2016v3.0,2016,F,T,,
/Return/ReturnData/IRS990/ReportInvestmentsOtherSecInd,F9_04_PC_REPINVOTHSEC,F9_04_INVEST_OTHER_SEC_X,24,Balance sheet investments - other securities amounts reported?,[ReportInvestmentsOtherSecInd] Part IV Line 11b,F990-PC-PART-04-LINE-11B,F990-PC,PC,PART-04,Line 11b,PC,BooleanType,checkbox,ONE,F9-P04-T00-REQUIRED-SCHEDULES,,2013v3.0;2013v3.1;2013v4.0;2014v5.0;2014v6.0;2015v2.0;2015v2.1;2015v3.0;2016v3.0,2016,F,T,,
/Return/ReturnData/IRS990/ReportInvestOthSecurities,F9_04_PC_REPINVOTHSEC,F9_04_INVEST_OTHER_SEC_X,24,Balance sheet investments - other securities amounts reported?,[ReportInvestOthSecurities] Part IV Line 11b,F990-PC-PART-04-LINE-11B,F990-PC,PC,PART-04,Line 11b,PC,BooleanType,checkbox,ONE,F9-P04-T00-REQUIRED-SCHEDULES,,2010v3.2;2010v3.4;2010v3.6;2010v3.7;2011v1.2;2011v1.3;2011v1.4;2011v1.5;2012v2.0;2012v2.1;2012v2.2;2012v2.3;2012v3.0,2012,F,T,,
/Return/ReturnData/IRS990/ReportProgramRelatedInvstInd,F9_04_PC_REPPRORELINV,F9_04_INVEST_PROG_RELATED_X,27,Balance sheet investments - program related amounts reported?,[ReportProgramRelatedInvstInd] Part IV Line 11c,F990-PC-PART-04-LINE-11C,F990-PC,PC,PART-04,Line 11c,PC,BooleanType,checkbox,ONE,F9-P04-T00-REQUIRED-SCHEDULES,,2013v3.0;2013v3.1;2013v4.0;2014v5.0;2014v6.0;2015v2.0;2015v2.1;2015v3.0;2016v3.0,2016,F,T,,
/Return/ReturnData/IRS990/ReportProgRelInvest,F9_04_PC_REPPRORELINV,F9_04_INVEST_PROG_RELATED_X,27,Balance sheet investments - program related amounts reported?,[ReportProgRelInvest] Part IV Line 11c,F990-PC-PART-04-LINE-11C,F990-PC,PC,PART-04,Line 11c,PC,BooleanType,checkbox,ONE,F9-P04-T00-REQUIRED-SCHEDULES,,2010v3.2;2010v3.4;2010v3.6;2010v3.7;2011v1.2;2011v1.3;2011v1.4;2011v1.5;2012v2.0;2012v2.1;2012v2.2;2012v2.3;2012v3.0,2012,F,T,,
/Return/ReturnData/IRS990/Terminated,F9_04_PC_TERMINATEOPS,F9_04_LIQUIDATE_X,17,"Did the organization liquidate, terminate, or dissolve and cease operations?",[Terminated] Part IV Line 31,F990-PC-PART-04-LINE-31,F990-PC,PC,PART-04,Line 31,PC,BooleanType,checkbox,ONE,F9-P04-T00-REQUIRED-SCHEDULES,TRUE,2009v1.0;2009v1.1;2009v1.2;2009v1.3;2009v1.4;2009v1.7;2010v3.2;2010v3.4;2010v3.6;2010v3.7;2011v1.2;2011v1.3;2011v1.4;2011v1.5;2012v2.0;2012v2.1;2012v2.2;2012v2.3;2012v3.0,2012,F,T,,
/Return/ReturnData/IRS990/TerminateOperationsInd,F9_04_PC_TERMINATEOPS,F9_04_LIQUIDATE_X,17,"Did the organization liquidate, terminate, or dissolve and cease operations?",[TerminateOperationsInd] Part IV Line 31,F990-PC-PART-04-LINE-31,F990-PC,PC,PART-04,Line 31,PC,BooleanType,checkbox,ONE,F9-P04-T00-REQUIRED-SCHEDULES,TRUE,2013v3.0;2013v3.1;2013v4.0;2014v5.0;2014v6.0;2015v2.0;2015v2.1;2015v3.0;2016v3.0,2016,F,T,,
/Return/ReturnData/IRS990EZ/LobbyingActivitiesInd,F9_04_PZ_LOBBYIACTIVI,F9_04_LOBBY_ACT_X,17,Lobbying activities?,[LobbyingActivitiesInd] Part VI Line 47,F990-EZ-PART-05-LINE-47,F990-EZ,EZ,PART-05,Line 47,PZ,BooleanType,checkbox,ONE,F9-P04-T00-REQUIRED-SCHEDULES,,2013v3.0;2013v3.1;2013v4.0;2014v5.0;2014v6.0;2015v2.0;2015v2.1;2015v3.0;2016v3.0,2016,F,T,,
/Return/ReturnData/IRS990/LobbyingActivities,F9_04_PC_LOBBYIACTIVI,F9_04_LOBBY_ACT_X,17,Lobbying activities?,[LobbyingActivities] Part IV Line 4,F990-PC-PART-04-LINE-04,F990-PC,PC,PART-04,Line 4,PZ,BooleanType,checkbox,ONE,F9-P04-T00-REQUIRED-SCHEDULES,,2009v1.0;2009v1.1;2009v1.2;2009v1.3;2009v1.4;2009v1.7;2010v3.2;2010v3.4;2010v3.6;2010v3.7;2011v1.2;2011v1.3;2011v1.4;2011v1.5;2012v2.0;2012v2.1;2012v2.2;2012v2.3;2012v3.0,2012,F,T,,
/Return/ReturnData/IRS990/LobbyingActivitiesInd,F9_04_PZ_LOBBYIACTIVI,F9_04_LOBBY_ACT_X,17,Lobbying activities?,[LobbyingActivitiesInd] Part IV Line 4,F990-PC-PART-04-LINE-04,F990-PC,PC,PART-04,Line 4,PZ,BooleanType,checkbox,ONE,F9-P04-T00-REQUIRED-SCHEDULES,,2013v3.0;2013v3.1;2013v4.0;2014v5.0;2014v6.0;2015v2.0;2015v2.1;2015v3.0;2016v3.0,2016,F,T,,
/Return/ReturnData/IRS990EZ/ForeignOfficeInd,F9_04_PZ_FOREIGOFFICE,F9_04_OFFICE_FRGN_X,19,Foreign office?,[ForeignOfficeInd] Part V Line 42c,F990-EZ-PART-05-LINE-42C,F990-EZ,EZ,PART-05,Line 42c,PZ,BooleanType,checkbox,ONE,F9-P04-T00-REQUIRED-SCHEDULES,,2013v3.0;2013v3.1;2013v4.0;2014v5.0;2014v6.0;2015v2.0;2015v2.1;2015v3.0;2016v3.0,2016,F,T,,
/Return/ReturnData/IRS990/ForeignOfficeInd,F9_04_PZ_FOREIGOFFICE,F9_04_OFFICE_FRGN_X,19,Foreign office?,[ForeignOfficeInd] Part IV Line 14a,F990-PC-PART-04-LINE-14A,F990-PC,PC,PART-04,Line 14a,PZ,BooleanType,checkbox,ONE,F9-P04-T00-REQUIRED-SCHEDULES,,2013v3.0;2013v3.1;2013v4.0;2014v5.0;2014v6.0;2015v2.0;2015v2.1;2015v3.0;2016v3.0,2016,F,T,,
/Return/ReturnData/IRS990/OnBehalfOfIssuer,F9_04_PC_ONBEHALFISSUER,F9_04_ON_BEHALF_ISSUER_X,24,"Did the organization act as an ""on behalf of"" issuer for bonds outstanding at any time during the year?",[OnBehalfOfIssuer] Part IV Line 24d,F990-PC-PART-04-LINE-24D,F990-PC,PC,PART-04,Line 24d,PC,BooleanType,checkbox,ONE,F9-P04-T00-REQUIRED-SCHEDULES,FALSE,2009v1.0;2009v1.1;2009v1.2;2009v1.3;2009v1.4;2009v1.7;2010v3.2;2010v3.4;2010v3.6;2010v3.7;2011v1.2;2011v1.3;2011v1.4;2011v1.5;2012v2.0;2012v2.1;2012v2.2;2012v2.3;2012v3.0,2012,F,T,,
/Return/ReturnData/IRS990/OnBehalfOfIssuerInd,F9_04_PC_ONBEHALFISSUER,F9_04_ON_BEHALF_ISSUER_X,24,"Did the organization act as an ""on behalf of"" issuer for bonds outstanding at any time during the year?",[OnBehalfOfIssuerInd] Part IV Line 24d,F990-PC-PART-04-LINE-24D,F990-PC,PC,PART-04,Line 24d,PC,BooleanType,checkbox,ONE,F9-P04-T00-REQUIRED-SCHEDULES,FALSE,2013v3.0;2013v3.1;2013v4.0;2014v5.0;2014v6.0;2015v2.0;2015v2.1;2015v3.0;2016v3.0,2016,F,T,,
/Return/ReturnData/IRS990/ReportOtherAssets,F9_04_PC_REPOOTHEASSE,F9_04_OTHER_ASSETS_X,20,Balance sheet other assets amounts reported?,[ReportOtherAssets] Part IV Line 11d,F990-PC-PART-04-LINE-11D,F990-PC,PC,PART-04,Line 11d,PC,BooleanType,checkbox,ONE,F9-P04-T00-REQUIRED-SCHEDULES,,2010v3.2;2010v3.4;2010v3.6;2010v3.7;2011v1.2;2011v1.3;2011v1.4;2011v1.5;2012v2.0;2012v2.1;2012v2.2;2012v2.3;2012v3.0,2012,F,T,,
/Return/ReturnData/IRS990/ReportOtherAssetsInd,F9_04_PC_REPOOTHEASSE,F9_04_OTHER_ASSETS_X,20,Balance sheet other assets amounts reported?,[ReportOtherAssetsInd] Part IV Line 11d,F990-PC-PART-04-LINE-11D,F990-PC,PC,PART-04,Line 11d,PC,BooleanType,checkbox,ONE,F9-P04-T00-REQUIRED-SCHEDULES,,2013v3.0;2013v3.1;2013v4.0;2014v5.0;2014v6.0;2015v2.0;2015v2.1;2015v3.0;2016v3.0,2016,F,T,,
/Return/ReturnData/IRS990/ReportOtherLiabilities,F9_04_PC_REPOOTHELIAB,F9_04_OTHER_LIAB_X,18,Balance sheet other liabilities amounts reported?,[ReportOtherLiabilities] Part IV Line 11e,F990-PC-PART-04-LINE-11E,F990-PC,PC,PART-04,Line 11e,PC,BooleanType,checkbox,ONE,F9-P04-T00-REQUIRED-SCHEDULES,,2010v3.2;2010v3.4;2010v3.6;2010v3.7;2011v1.2;2011v1.3;2011v1.4;2011v1.5;2012v2.0;2012v2.1;2012v2.2;2012v2.3;2012v3.0,2012,F,T,,
/Return/ReturnData/IRS990/ReportOtherLiabilitiesInd,F9_04_PC_REPOOTHELIAB,F9_04_OTHER_LIAB_X,18,Balance sheet other liabilities amounts reported?,[ReportOtherLiabilitiesInd] Part IV Line 11e,F990-PC-PART-04-LINE-11E,F990-PC,PC,PART-04,Line 11e,PC,BooleanType,checkbox,ONE,F9-P04-T00-REQUIRED-SCHEDULES,,2013v3.0;2013v3.1;2013v4.0;2014v5.0;2014v6.0;2015v2.0;2015v2.1;2015v3.0;2016v3.0,2016,F,T,,
/Return/ReturnData/IRS990/CollectionsOfArt,F9_04_PC_COLLECARTRT,F9_04_OWN_ART_OR_HIST_COLLECT_X,31,Collections of art?,[CollectionsOfArt] Part IV Line 8,F990-PC-PART-04-LINE-08,F990-PC,PC,PART-04,Line 8,PC,BooleanType,checkbox,ONE,F9-P04-T00-REQUIRED-SCHEDULES,,2009v1.0;2009v1.1;2009v1.2;2009v1.3;2009v1.4;2009v1.7;2010v3.2;2010v3.4;2010v3.6;2010v3.7;2011v1.2;2011v1.3;2011v1.4;2011v1.5;2012v2.0;2012v2.1;2012v2.2;2012v2.3;2012v3.0,2012,F,T,,
/Return/ReturnData/IRS990/CollectionsOfArtInd,F9_04_PC_COLLECARTRT,F9_04_OWN_ART_OR_HIST_COLLECT_X,31,Collections of art?,[CollectionsOfArtInd] Part IV Line 8,F990-PC-PART-04-LINE-08,F990-PC,PC,PART-04,Line 8,PC,BooleanType,checkbox,ONE,F9-P04-T00-REQUIRED-SCHEDULES,,2013v3.0;2013v3.1;2013v4.0;2014v5.0;2014v6.0;2015v2.0;2015v2.1;2015v3.0;2016v3.0,2016,F,T,,
/Return/ReturnData/IRS990/DisregardedEntity,F9_04_PC_OWNDISRGDENT,F9_04_OWN_ENTITY_DISREG_AS_SEP_X,32,Did the organization own 100% of an entity disregarded as sperate from the organization under Regulations sections 301.7701.2 and 301.7701-3?,[DisregardedEntity] Part IV Line 33,F990-PC-PART-04-LINE-33,F990-PC,PC,PART-04,Line 33,PC,BooleanType,checkbox,ONE,F9-P04-T00-REQUIRED-SCHEDULES,TRUE,2009v1.0;2009v1.1;2009v1.2;2009v1.3;2009v1.4;2009v1.7;2010v3.2;2010v3.4;2010v3.6;2010v3.7;2011v1.2;2011v1.3;2011v1.4;2011v1.5;2012v2.0;2012v2.1;2012v2.2;2012v2.3;2012v3.0,2012,F,T,,
/Return/ReturnData/IRS990/DisregardedEntityInd,F9_04_PC_OWNDISRGDENT,F9_04_OWN_ENTITY_DISREG_AS_SEP_X,32,Did the organization own 100% of an entity disregarded as sperate from the organization under Regulations sections 301.7701.2 and 301.7701-3?,[DisregardedEntityInd] Part IV Line 33,F990-PC-PART-04-LINE-33,F990-PC,PC,PART-04,Line 33,PC,BooleanType,checkbox,ONE,F9-P04-T00-REQUIRED-SCHEDULES,TRUE,2013v3.0;2013v3.1;2013v4.0;2014v5.0;2014v6.0;2015v2.0;2015v2.1;2015v3.0;2016v3.0,2016,F,T,,
/Return/ReturnData/IRS990/ActivitiesConductedPartnership,F9_04_PC_ACTPARTNER,F9_04_PARTNERSHIP_ACT_X,23,Did the organization conduct more than 5% of its activities through an entity that is not a related organization and thatis treated as a partnership for federal income tax purposes?,[ActivitiesConductedPartnership] Part IV Line 37,F990-PC-PART-04-LINE-37,F990-PC,PC,PART-04,Line 37,PC,BooleanType,checkbox,ONE,F9-P04-T00-REQUIRED-SCHEDULES,TRUE,2009v1.0;2009v1.1;2009v1.2;2009v1.3;2009v1.4;2009v1.7;2010v3.2;2010v3.4;2010v3.6;2010v3.7;2011v1.2;2011v1.3;2011v1.4;2011v1.5;2012v2.0;2012v2.1;2012v2.2;2012v2.3;2012v3.0,2012,F,T,,
/Return/ReturnData/IRS990/ActivitiesConductedPrtshpInd,F9_04_PC_ACTPARTNER,F9_04_PARTNERSHIP_ACT_X,23,Did the organization conduct more than 5% of its activities through an entity that is not a related organization and thatis treated as a partnership for federal income tax purposes?,[ActivitiesConductedPrtshpInd] Part IV Line 37,F990-PC-PART-04-LINE-37,F990-PC,PC,PART-04,Line 37,PC,BooleanType,checkbox,ONE,F9-P04-T00-REQUIRED-SCHEDULES,TRUE,2013v3.0;2013v3.1;2013v4.0;2014v5.0;2014v6.0;2015v2.0;2015v2.1;2015v3.0;2016v3.0,2016,F,T,,
/Return/ReturnData/IRS990EZ/PoliticalCampaignActyInd,F9_04_PZ_POLICAMPACTY,F9_04_POLI_CAMP_ACT_X,21,Political activities?,[PoliticalCampaignActyInd] Part V Line 46,F990-EZ-PART-05-LINE-46,F990-EZ,EZ,PART-05,Line 46,PZ,BooleanType,checkbox,ONE,F9-P04-T00-REQUIRED-SCHEDULES,,2013v3.0;2013v3.1;2013v4.0;2014v5.0;2014v6.0;2015v2.0;2015v2.1;2015v3.0;2016v3.0,2016,F,T,,
/Return/ReturnData/IRS990/PoliticalActivities,F9_04_PC_POLITIACTIVI,F9_04_POLI_CAMP_ACT_X,21,Political activities?,[PoliticalActivities] Part IV Line 3,F990-PC-PART-04-LINE-03,F990-PC,PC,PART-04,Line 3,PZ,BooleanType,checkbox,ONE,F9-P04-T00-REQUIRED-SCHEDULES,,2009v1.0;2009v1.1;2009v1.2;2009v1.3;2009v1.4;2009v1.7;2010v3.2;2010v3.4;2010v3.6;2010v3.7;2011v1.2;2011v1.3;2011v1.4;2011v1.5;2012v2.0;2012v2.1;2012v2.2;2012v2.3;2012v3.0,2012,F,T,,
/Return/ReturnData/IRS990/PoliticalCampaignActyInd,F9_04_PZ_POLICAMPACTY,F9_04_POLI_CAMP_ACT_X,21,Political activities?,[PoliticalCampaignActyInd] Part IV Line 3,F990-PC-PART-04-LINE-03,F990-PC,PC,PART-04,Line 3,PZ,BooleanType,checkbox,ONE,F9-P04-T00-REQUIRED-SCHEDULES,,2013v3.0;2013v3.1;2013v4.0;2014v5.0;2014v6.0;2015v2.0;2015v2.1;2015v3.0;2016v3.0,2016,F,T,,
/Return/ReturnData/IRS990/ProfessionalFundraising,F9_04_PC_PROFESFUNDRA,F9_04_PROF_FUNDR_X,18,Professional fundraising?,[ProfessionalFundraising] Part IV Line 17,F990-PC-PART-04-LINE-17,F990-PC,PC,PART-04,Line 17,PC,BooleanType,checkbox,ONE,F9-P04-T00-REQUIRED-SCHEDULES,,2009v1.0;2009v1.1;2009v1.2;2009v1.3;2009v1.4;2009v1.7;2010v3.2;2010v3.4;2010v3.6;2010v3.7;2011v1.2;2011v1.3;2011v1.4;2011v1.5;2012v2.0;2012v2.1;2012v2.2;2012v2.3;2012v3.0,2012,F,T,,
/Return/ReturnData/IRS990/ProfessionalFundraisingInd,F9_04_PC_PROFESFUNDRA,F9_04_PROF_FUNDR_X,18,Professional fundraising?,[ProfessionalFundraisingInd] Part IV Line 17,F990-PC-PART-04-LINE-17,F990-PC,PC,PART-04,Line 17,PC,BooleanType,checkbox,ONE,F9-P04-T00-REQUIRED-SCHEDULES,,2013v3.0;2013v3.1;2013v4.0;2014v5.0;2014v6.0;2015v2.0;2015v2.1;2015v3.0;2016v3.0,2016,F,T,,
/Return/ReturnData/IRS990/SubjectToProxyTax,F9_04_PZ_SUBTOPPROTAX,F9_04_PROXY_TAX_X,17,Subject to proxy tax?,[SubjectToProxyTax] Part IV Line 5,F990-PC-PART-04-LINE-05,F990-PC,PC,PART-04,Line 5,PZ,BooleanType,checkbox,ONE,F9-P04-T00-REQUIRED-SCHEDULES,,2009v1.0;2009v1.1;2009v1.2;2009v1.3;2009v1.4;2009v1.7;2010v3.2;2010v3.4;2010v3.6;2010v3.7;2011v1.2;2011v1.3;2011v1.4;2011v1.5;2012v2.0;2012v2.1;2012v2.2;2012v2.3;2012v3.0,2012,F,T,,
/Return/ReturnData/IRS990/SubjectToProxyTaxInd,F9_04_PZ_SUBTOPPROTAX,F9_04_PROXY_TAX_X,17,Subject to proxy tax?,[SubjectToProxyTaxInd] Part IV Line 5,F990-PC-PART-04-LINE-05,F990-PC,PC,PART-04,Line 5,PZ,BooleanType,checkbox,ONE,F9-P04-T00-REQUIRED-SCHEDULES,,2013v3.0;2013v3.1;2013v4.0;2014v5.0;2014v6.0;2015v2.0;2015v2.1;2015v3.0;2016v3.0,2016,F,T,,
/Return/ReturnData/IRS990EZ/SubjectToProxyTaxInd,F9_04_PZ_SUBTOPPROTAX,F9_04_PROXY_TAX_X,17,Subject to proxy tax?,[SubjectToProxyTaxInd] Part V Line 35c,F990-EZ-PART-05-LINE-35C,F990-EZ,EZ,PART-04,Line 35c,PZ,BooleanType,checkbox,ONE,F9-P04-T00-REQUIRED-SCHEDULES,,2013v3.0;2013v3.1;2013v4.0;2014v5.0;2014v6.0;2015v2.0;2015v2.1;2015v3.0;2016v3.0,2016,F,T,,
/Return/ReturnData/IRS990EZ/SubjectToProxyTax,F9_04_PZ_SUBTOPPROTAX,F9_04_PROXY_TAX_X,17,Subject to proxy tax?,[SubjectToProxyTax] Part V Line 35c,F990-EZ-PART-05-LINE-35C,F990-EZ,EZ,PART-04,Line 35c,PZ,,checkbox,ONE,F9-P04-T00-REQUIRED-SCHEDULES,,2011v1.2;2011v1.3;2011v1.4;2011v1.5;2012v2.0;2012v2.1;2012v2.2;2012v2.3;2012v3.0,2012,F,T,,
/Return/ReturnData/IRS990/RelatedEntity,F9_04_PC_RELATEDENT,F9_04_RELATED_ENTITY_X,22,Was the organization related to anytax-exempt or taxable entity?,[RelatedEntity] Part IV Line 34,F990-PC-PART-04-LINE-34,F990-PC,PC,PART-04,Line 34,PC,BooleanType,checkbox,ONE,F9-P04-T00-REQUIRED-SCHEDULES,TRUE,2009v1.0;2009v1.1;2009v1.2;2009v1.3;2009v1.4;2009v1.7;2010v3.2;2010v3.4;2010v3.6;2010v3.7;2011v1.2;2011v1.3;2011v1.4;2011v1.5;2012v2.0;2012v2.1;2012v2.2;2012v2.3;2012v3.0,2012,F,T,,
/Return/ReturnData/IRS990/RelatedEntityInd,F9_04_PC_RELATEDENT,F9_04_RELATED_ENTITY_X,22,Was the organization related to anytax-exempt or taxable entity?,[RelatedEntityInd] Part IV Line 34,F990-PC-PART-04-LINE-34,F990-PC,PC,PART-04,Line 34,PC,BooleanType,checkbox,ONE,F9-P04-T00-REQUIRED-SCHEDULES,TRUE,2013v3.0;2013v3.1;2013v4.0;2014v5.0;2014v6.0;2015v2.0;2015v2.1;2015v3.0;2016v3.0,2016,F,T,,
/Return/ReturnData/IRS990/ScheduleBRequired,F9_04_PC_SCHEBREQREQU,F9_04_SCHED_B_REQ_X,19,Schedule B required?,[ScheduleBRequired] Part IV Line 2,F990-PC-PART-04-LINE-02,F990-PC,PC,PART-04,Line 2,PC,BooleanType,checkbox,ONE,F9-P04-T00-REQUIRED-SCHEDULES,,2009v1.0;2009v1.1;2009v1.2;2009v1.3;2009v1.4;2009v1.7;2010v3.2;2010v3.4;2010v3.6;2010v3.7;2011v1.2;2011v1.3;2011v1.4;2011v1.5;2012v2.0;2012v2.1;2012v2.2;2012v2.3;2012v3.0,2012,F,T,,
/Return/ReturnData/IRS990/ScheduleBRequiredInd,F9_04_PC_SCHEBREQREQU,F9_04_SCHED_B_REQ_X,19,Schedule B required?,[ScheduleBRequiredInd] Part IV Line 2,F990-PC-PART-04-LINE-02,F990-PC,PC,PART-04,Line 2,PC,BooleanType,checkbox,ONE,F9-P04-T00-REQUIRED-SCHEDULES,,2013v3.0;2013v3.1;2013v4.0;2014v5.0;2014v6.0;2015v2.0;2015v2.1;2015v3.0;2016v3.0,2016,F,T,,
/Return/ReturnData/IRS990/ScheduleORequired,F9_04_PC_COMPSCHEDO,F9_04_SCHED_O_X,15,"Did the organization complete Schedule O and provide explanatios in Schedule O for Part VI, lines 11b and 19?",[ScheduleORequired] Part IV Line 38,F990-PC-PART-04-LINE-38,F990-PC,PC,PART-04,Line 38,PC,BooleanType,checkbox,ONE,F9-P04-T00-REQUIRED-SCHEDULES,TRUE,2009v1.0;2009v1.1;2009v1.2;2009v1.3;2009v1.4;2009v1.7;2010v3.2;2010v3.4;2010v3.6;2010v3.7;2011v1.2;2011v1.3;2011v1.4;2011v1.5;2012v2.0;2012v2.1;2012v2.2;2012v2.3;2012v3.0,2012,F,T,,
/Return/ReturnData/IRS990/ScheduleORequiredInd,F9_04_PC_COMPSCHEDO,F9_04_SCHED_O_X,15,"Did the organization complete Schedule O and provide explanatios in Schedule O for Part VI, lines 11b and 19?",[ScheduleORequiredInd] Part IV Line 38,F990-PC-PART-04-LINE-38,F990-PC,PC,PART-04,Line 38,PC,BooleanType,checkbox,ONE,F9-P04-T00-REQUIRED-SCHEDULES,TRUE,2013v3.0;2013v3.1;2013v4.0;2014v5.0;2014v6.0;2015v2.0;2015v2.1;2015v3.0;2016v3.0,2016,F,T,,
/Return/ReturnData/IRS990EZ/SchoolOperatingInd,F9_04_PZ_SCHOOLOPERAT,F9_04_SCHOOL_X,14,IRS990 - School?,[SchoolOperatingInd] Part VI Line 48,F990-EZ-PART-06-LINE-48,F990-EZ,EZ,PART-06,Line 48,PZ,BooleanType,checkbox,ONE,F9-P04-T00-REQUIRED-SCHEDULES,,2013v3.0;2013v3.1;2013v4.0;2014v5.0;2014v6.0;2015v2.0;2015v2.1;2015v3.0;2016v3.0,2016,F,T,,
/Return/ReturnData/IRS990/School,F9_04_PC_SCHOOLCHOOL,F9_04_SCHOOL_X,14,IRS990 - School?,[School] Part IV Line 13,F990-PC-PART-04-LINE-13,F990-PC,PC,PART-04,Line 13,PZ,BooleanType,checkbox,ONE,F9-P04-T00-REQUIRED-SCHEDULES,,2009v1.0;2009v1.1;2009v1.2;2009v1.3;2009v1.4;2009v1.7;2010v3.2;2010v3.4;2010v3.6;2010v3.7;2011v1.2;2011v1.3;2011v1.4;2011v1.5;2012v2.0;2012v2.1;2012v2.2;2012v2.3;2012v3.0,2012,F,T,,
/Return/ReturnData/IRS990/SchoolOperatingInd,F9_04_PZ_SCHOOLOPERAT,F9_04_SCHOOL_X,14,IRS990 - School?,[SchoolOperatingInd] Part IV Line 13,F990-PC-PART-04-LINE-13,F990-PC,PC,PART-04,Line 13,PZ,BooleanType,checkbox,ONE,F9-P04-T00-REQUIRED-SCHEDULES,,2013v3.0;2013v3.1;2013v4.0;2014v5.0;2014v6.0;2015v2.0;2015v2.1;2015v3.0;2016v3.0,2016,F,T,,
/Return/ReturnData/IRS990/IndependentAuditFinancialStmt,F9_04_PC_INDAUDFINSTM,F9_04_SEP_AUDIT_FINSTAT_X,25,Independent audited financial statements?,[IndependentAuditFinancialStmt] Part IV Line 12a,F990-PC-PART-04-LINE-12A,F990-PC,PC,PART-04,Line 12a,PC,BooleanType,checkbox,ONE,F9-P04-T00-REQUIRED-SCHEDULES,,2010v3.2;2010v3.4;2010v3.6;2010v3.7;2011v1.2;2011v1.3;2011v1.4;2011v1.5;2012v2.0;2012v2.1;2012v2.2;2012v2.3;2012v3.0,2012,T,T,,
/Return/ReturnData/IRS990/IndependentAuditFinclStmtInd,F9_04_PC_AUDIFINCSTMT,F9_04_SEP_AUDIT_FINSTAT_X,25,Independent audited financial statements?,[IndependentAuditFinclStmtInd] Part IV Line 12a,F990-PC-PART-04-LINE-12A,F990-PC,PC,PART-04,Line 12a,PC,BooleanType,checkbox,ONE,F9-P04-T00-REQUIRED-SCHEDULES,,2013v3.0;2013v3.1;2013v4.0;2014v5.0;2014v6.0;2015v2.0;2015v2.1;2015v3.0;2016v3.0,2016,F,T,,
/Return/ReturnData/IRS990/EscrowAccount,F9_04_PC_ESCROWACCOUN,F9_04_TAX_EXEMPT_BOND_ESCROW_X,30,Escrow account?,[EscrowAccount] Part IV Line 24c,F990-PC-PART-04-LINE-24c,F990-PC,PC,PART-04,Line 24c,PC,BooleanType,checkbox,ONE,F9-P04-T00-REQUIRED-SCHEDULES,,2009v1.0;2009v1.1;2009v1.2;2009v1.3;2009v1.4;2009v1.7;2010v3.2;2010v3.4;2010v3.6;2010v3.7;2011v1.2;2011v1.3;2011v1.4;2011v1.5;2012v2.0;2012v2.1;2012v2.2;2012v2.3;2012v3.0,2012,F,T,,
/Return/ReturnData/IRS990/EscrowAccountInd,F9_04_PC_ESCROWACCT,F9_04_TAX_EXEMPT_BOND_ESCROW_X,30,Did the organization maintain an escrow account other than a refunding escrow at any time during the year to defease any tax-exempt bonds?,[EscrowAccountInd] Part IV Line 24c,F990-PC-PART-04-LINE-24C,F990-PC,PC,PART-04,Line 24c,PC,BooleanType,checkbox,ONE,F9-P04-T00-REQUIRED-SCHEDULES,FALSE,2013v3.0;2013v3.1;2013v4.0;2014v5.0;2014v6.0;2015v2.0;2015v2.1;2015v3.0;2016v3.0,2016,F,T,,
/Return/ReturnData/IRS990/InvestTaxExemptBonds,F9_04_PC_INVTAXEXEBON,F9_04_TAX_EXEMPT_BOND_INVEST_X,30,Investment income?,[InvestTaxExemptBonds] Part IV Line 24b,F990-PC-PART-04-LINE-24B,F990-PC,PC,PART-04,Line 24b,PC,BooleanType,checkbox,ONE,F9-P04-T00-REQUIRED-SCHEDULES,,2009v1.0;2009v1.1;2009v1.2;2009v1.3;2009v1.4;2009v1.7;2010v3.2;2010v3.4;2010v3.6;2010v3.7;2011v1.2;2011v1.3;2011v1.4;2011v1.5;2012v2.0;2012v2.1;2012v2.2;2012v2.3;2012v3.0,2012,F,T,,
/Return/ReturnData/IRS990/InvestTaxExemptBondsInd,F9_04_PC_INVTAXEXEBON,F9_04_TAX_EXEMPT_BOND_INVEST_X,30,Investment income?,[InvestTaxExemptBondsInd] Part IV Line 24b,F990-PC-PART-04-LINE-24B,F990-PC,PC,PART-04,Line 24b,PC,BooleanType,checkbox,ONE,F9-P04-T00-REQUIRED-SCHEDULES,,2013v3.0;2013v3.1;2013v4.0;2014v5.0;2014v6.0;2015v2.0;2015v2.1;2015v3.0;2016v3.0,2016,F,T,,
/Return/ReturnData/IRS990/TaxExemptBonds,F9_04_PC_TAXEEXEMBOND,F9_04_TAX_EXEMPT_BOND_X,23,Tax exempt bonds?,[TaxExemptBonds] Part IV Line 24a,F990-PC-PART-04-LINE-24A,F990-PC,PC,PART-04,Line 24a,PC,BooleanType,checkbox,ONE,F9-P04-T00-REQUIRED-SCHEDULES,,2009v1.0;2009v1.1;2009v1.2;2009v1.3;2009v1.4;2009v1.7;2010v3.2;2010v3.4;2010v3.6;2010v3.7;2011v1.2;2011v1.3;2011v1.4;2011v1.5;2012v2.0;2012v2.1;2012v2.2;2012v2.3;2012v3.0,2012,F,T,,
/Return/ReturnData/IRS990/TaxExemptBondsInd,F9_04_PC_TAXEEXEMBOND,F9_04_TAX_EXEMPT_BOND_X,23,Tax exempt bonds?,[TaxExemptBondsInd] Part IV Line 24a,F990-PC-PART-04-LINE-24A,F990-PC,PC,PART-04,Line 24a,PC,BooleanType,checkbox,ONE,F9-P04-T00-REQUIRED-SCHEDULES,,2013v3.0;2013v3.1;2013v4.0;2014v5.0;2014v6.0;2015v2.0;2015v2.1;2015v3.0;2016v3.0,2016,F,T,,
